"Main ID","Incident ID",Region,"Incident Date",Year,"Reported Month","Number Dead","Minimum Estimated Number of Missing","Number of Survivors","Number of Females","Number of Males","Number of Children","Region of Origin","Cause of Death","Country of Origin","Location of death","Information Source",Coordinates,"Migration route",URL,"UNSD Geographical Grouping","Source Quality"
2025.MMP0001,2025.MMP0001,"Northern Africa","Wed, 01/01/2025 - 12:00",2025,January,2,0,69,,,1,"Western Africa (P)","Harsh environmental conditions / lack of adequate shelter, food, water",Unknown,"Off the coast of Las Galletas, Tenerife, Canary Islands, Spain","El Diario, El Debate, EuropaPress, Diario de Avisos, 112 Canarias, InfoMigrants","27.995729, -16.655447","Western Africa / Atlantic route to the Canary Islands","https://perma.cc/ZTT8-JS5L?type=standard, https://archive.ph/UzcWy, https://perma.cc/52GX-JPMZ, https://perma.cc/X9AE-JWJS, https://perma.cc/Z8DN-437D, https://perma.cc/Q46Z-Z2PX, https://archive.ph/bNj4n",Uncategorized,5
2025.MMP0002,2025.MMP0002,Mediterranean,"Wed, 01/01/2025 - 12:00",2025,January,28,,83,,,1,"Sub-Saharan Africa",Drowning,Unknown,"3 nautical miles from the coast of Al-Ataya on the island of Kerkennah, Tunisia","Arab News, Al Araby, France24, IOM Tunisia, General Administration of the National Guard Tunisia","34.732678, 11.460496","Central Mediterranean","https://perma.cc/DSC9-9CGR, https://perma.cc/BMR2-KL94, https://archive.ph/A7F26, https://perma.cc/Z8DN-437D",Uncategorized,5
2025.MMP0003,2025.MMP0003,Mediterranean,"Wed, 01/01/2025 - 12:00",2025,January,2,2,,,4,,"Northern Africa",Drowning,Algeria,"Unspecifed location off Tlemcen, Algeria","Francisco Jose Clemente Martin","35.10232464, -1.870627037","Western Mediterranean",https://perma.cc/QPS7-QHJ8,Uncategorized,4
2025.MMP0004,2025.MMP0004,Mediterranean,"Sat, 01/04/2025 - 12:00",2025,January,1,0,,,1,,"Northern Africa",Drowning,Unknown,"Near Santa Catalina cemetery, Ceuta, Spain","Europa Press, EFE via La Vanguardia, El Faro de Ceuta","35.905348, -5.286363","Western Mediterranean","https://perma.cc/V2PK-HC95, https://perma.cc/59H8-ZPVM, https://perma.cc/5RDB-ZCKB",Uncategorized,3
2025.MMP0005,2025.MMP0005,Mediterranean,"Sat, 01/04/2025 - 12:00",2025,January,,18,,2,2,4,"Northern Africa",Drowning,Algeria,"Unspecified location in the Mediterranean - departure from Tipaza, Algeria on 29 or 31 dec","Akher Sa'a, 24 Post","37.4548949, 2.085744377","Western Mediterranean","https://perma.cc/39P6-EHRG, https://perma.cc/C8PU-PBDS",Uncategorized,3
2025.MMP0006,2025.MMP0006,Mediterranean,"Wed, 01/08/2025 - 12:00",2025,January,1,0,,,1,,"Northern Africa (P)",Drowning,Unknown,"Off the coast of Sarchal Beach, near Ceuta, Spain","La Verdad de Ceuta","35.888957, -5.293273","Western Mediterranean",https://perma.cc/Y9PJ-WGJ5,Uncategorized,1
2025.MMP0007,2025.MMP0007,Mediterranean,"Tue, 01/07/2025 - 12:00",2025,January,2,0,,,2,,"Northern Africa",Drowning,Algeria,"Remains found near the beach of Es Cavall d'en Borràs, Formentera, Balearic Islands, Spain","Telecinco, La Voz de Ibiza, Antena3, Francisco jose Clemente Martin","38.740007, 1.42941","Western Mediterranean","https://perma.cc/VW95-V65B, https://perma.cc/VH9X-49L6, https://perma.cc/V4P3-ERJ2, https://perma.cc/ZGU5-8DLR?type=standard",Uncategorized,4
2025.MMP0008,2025.MMP0008,"Southern Asia","Wed, 01/01/2025 - 12:00",2025,January,5,0,3,,,,"Southern Asia",Violence,Afghanistan,"Around border area of Saravan district, Saravan, Sistan and Balochistan province, Iran","Hasht-e Subh Daily (8AM. Media)","27.50865957, 62.843992","Afghanistan to Iran",https://perma.cc/NR58-DP25,"Southern Asia",1
2025.MMP0009,2025.MMP0009,"Southern Asia","Thu, 01/02/2025 - 12:00",2025,January,6,0,3,,,,"Southern Asia","Vehicle accident / death linked to hazardous transport",Afghanistan,"Nearby Mahan, Kerman province, Iran","Afghanistan International, Aamaj News","30.02435167, 57.315535","Afghanistan to Iran",https://perma.cc/ZQY2-Y5GC,"Southern Asia",3
2025.MMP0010,2025.MMP0010,"South-eastern Asia","Sun, 01/05/2025 - 12:00",2025,January,10,0,,,,,"South-eastern Asia","Mixed or unknown",Myanmar,"Stranded in the sea nearby East Aceh, and later rescued and arrived on a beach, West Peureulak, East Aceh Regency, Aceh, Indonesia","UNHCR, IOM Indonesia","5.08890023, 98.081248","Bay of Bengal/Andaman Sea",https://perma.cc/5SJG-Z8KB,"South-eastern Asia",4
2025.MMP0011,2025.MMP0011,"Southern Asia","Mon, 01/06/2025 - 12:00",2025,January,1,0,1,,,1,"Southern Asia",Violence,Afghanistan,"Approximately 0.5 km west of Nokkundi towards Taftan, Chaghi, Balochistan, Pakistan","IOM Pakistan, The Balochistan Post, News Intervention","28.82565972, 62.709401",,"https://perma.cc/82SZ-SGCM, https://perma.cc/2297-EQ52","Southern Asia",4
2025.MMP0012,2025.MMP0012,"South-eastern Asia","Wed, 01/08/2025 - 12:00",2025,January,1,0,2,1,,,"South-eastern Asia","Vehicle accident / death linked to hazardous transport",Myanmar,"Route 323, Sangkhla Buri-Three Pagodas Pass route (nearby the entrance to Lasalle School Sangkhlaburi), Nong Lu, Sangkhla Buri district, Kanchanaburi province, Thailand","Bangkok Post, Thaiger, MGR Online, Mumkhao","15.20174379, 98.458128",,"https://perma.cc/DV5L-J7YW, https://perma.cc/SWW5-QNE8, https://perma.cc/LB5R-EM9Y, https://perma.cc/4WHL-HSYM","South-eastern Asia",5
2025.MMP0013,2025.MMP0013,Europe,"Sat, 01/11/2025 - 12:00",2025,January,1,0,59,,1,,"Western Asia","Accidental death","Syrian Arab Republic","Sangatte, Calais, France - English Channel crossing","The Guardian, AFP via Le Monde, Utopia 56, UNHCR France, Calais Migrant Solidarity","50.952098, 1.76496691","Mainland Europe to the UK","https://perma.cc/VVH3-THGD, https://perma.cc/Q42H-9AY7, https://perma.cc/XT35-94BF, https://perma.cc/E2RH-ZE3M, https://perma.cc/7WLE-EGZR",Uncategorized,4
2025.MMP0014,2025.MMP0014,Europe,"Mon, 01/06/2025 - 12:00",2025,January,2,0,,,,,Unknown,"Harsh environmental conditions / lack of adequate shelter, food, water",Unknown,"Strandzha, Burgas, Bulgaria","BNT News, Sega","42.69790627, 27.27041729","Türkiye-Europe land route","https://perma.cc/ZSC8-ZAKK, https://perma.cc/3GZX-7J78","Eastern Europe",3
2025.MMP0015,2025.MMP0015,Mediterranean,"Wed, 01/08/2025 - 12:00",2025,January,1,0,,,,,Unknown,Drowning,Unknown,"Remains found at Sirte, Libya","IOM Libya","31.21220785, 16.53750655","Central Mediterranean",,Uncategorized,4
2025.MMP0016,2025.MMP0016,Mediterranean,"Thu, 01/09/2025 - 12:00",2025,January,1,0,,,,,Unknown,Drowning,Unknown,"Remains found at Tobruk, Libya. Likely Libya-Crete crossing.","IOM Libya","32.09560468, 23.99641558","Eastern Mediterranean",,Uncategorized,4
2025.MMP0017,2025.MMP0017,Mediterranean,"Sat, 01/11/2025 - 12:00",2025,January,1,0,,,,,Unknown,Drowning,Unknown,"Remains found at Surman, Libya","IOM Libya","32.7966551, 12.57415548","Central Mediterranean",,Uncategorized,4
2025.MMP0018,2025.MMP0018,Mediterranean,"Wed, 01/15/2025 - 12:00",2025,January,1,0,,,1,,"Northern Africa (P)",Drowning,Unknown,"Remains found on the beach of Sa Torreta, S'Espalmador, Balearic Islands, Spain","La Voz de Ibiza, Periódico de Ibiza y Formentera, Francisco Jose Clemente Martin","38.7931795, 1.419326217","Western Mediterranean","https://perma.cc/5RAS-HGDL, https://perma.cc/A8MR-AHUB, https://perma.cc/P8M4-6KFB, https://perma.cc/ZGU5-8DLR?type=standard",Uncategorized,4
2025.MMP0019,2025.MMP001922,"Northern Africa","Wed, 01/15/2025 - 12:00",2025,January,2,4,36,,,,Unknown,"Mixed or unknown",Unknown,"60 miles off Al Dakhla, Western Sahara - presumed departure from Mauritania on 2 Jan","Caminando Fronteras via EFE and El Diario, Alarm Phone, Dakhla Today, Houna Sahara, Pakistan's PM Shehbaz Sharif, Pakistan's MoFA","23.60717049, -16.87387973","Western Africa / Atlantic route to the Canary Islands","https://perma.cc/5VQJ-GW3E, https://perma.cc/44U8-N6CS, https://perma.cc/5S7V-KYJX, https://perma.cc/G3DR-68VS, https://perma.cc/T3QA-FDZN, https://perma.cc/UA9B-QWJU, https://perma.cc/3TD3-25JQ",Uncategorized,5
2025.MMP0019,2025.MMP001923,"Northern Africa","Wed, 01/15/2025 - 12:00",2025,January,13,31,,,,,"Southern Asia","Mixed or unknown",Pakistan,"60 miles off Al Dakhla, Western Sahara - presumed departure from Mauritania on 2 Jan","Associated Press (AP), Associated Press of Pakistan (APP), Radio Pakistan","23.60717049, -16.87387973","Western Africa / Atlantic route to the Canary Islands","https://archive.ph/n98Xv, https://perma.cc/54KM-2ZWW, https://perma.cc/GDJ8-DFKB",Uncategorized,5
2025.MMP0020,2025.MMP002024,Mediterranean,"Thu, 01/16/2025 - 12:00",2025,January,1,4,32,,,,"Western / Southern Asia (P)",Drowning,Unknown,"Off the coast of Kuşadası, Aydın, Türkiye","Turkish Coast Guard","37.88203003, 27.16350985","Eastern Mediterranean",https://perma.cc/FZ9R-AXD8,Uncategorized,5
2025.MMP0020,2025.MMP002025,Mediterranean,"Thu, 01/16/2025 - 12:00",2025,January,2,0,,1,,1,"Southern Asia",Drowning,"Iran (Islamic Republic of)","Off the coast of Kuşadası, Aydın, Türkiye","Turkish Coast Guard, BBC Farsi, 7 Sobh,","37.88203003, 27.16350985","Eastern Mediterranean","https://perma.cc/FZ9R-AXD8, https://perma.cc/9F4T-HMCR, https://perma.cc/M2MD-4AQD",Uncategorized,5
2025.MMP0021,2025.MMP0021,Mediterranean,"Fri, 01/10/2025 - 12:00",2025,January,1,0,,,1,,"Sub-Saharan Africa",Drowning,Unknown,"200 meters off the coast of s'Arenal de Llucmajor - Cava Baixa, renal, Mallorca, Balearic Islands, Spain","Cronica Balear, Ultima Hora, Mallorca Diario, Francisco Jose Clemente Martin","39.502728, 2.743222","Western Mediterranean","https://perma.cc/TJ49-V2EY, https://perma.cc/8649-3P8A, https://perma.cc/VU7Z-XBW9, https://perma.cc/ZGU5-8DLR?type=standard",Uncategorized,4
2025.MMP0022,2025.MMP0022,Mediterranean,"Wed, 01/15/2025 - 12:00",2025,January,1,0,,,,,Unknown,Drowning,Unknown,"Remains found in Qerqarish, Libya","IOM Libya","32.8699661, 13.10089389","Central Mediterranean",,Uncategorized,4
2025.MMP0023,2025.MMP0023,"Western Asia","Sat, 01/18/2025 - 12:00",2025,January,20,0,15,9,11,,"Eastern Africa",Drowning,Ethiopia,"Off the coast of Al-Hajjajah, Bani Al-Hakam sub-district, Dubab District, Ta’iz Governorate, Yemen  - EHOA-Yemen Crossing","IOM Yemen","12.83075, 43.454247","Eastern Route to/from EHOA",https://perma.cc/B6JL-57EB,Uncategorized,4
2025.MMP0024,2025.MMP0024,Europe,"Tue, 01/21/2025 - 12:00",2025,January,1,0,,,,,"Northern Africa","Vehicle accident / death linked to hazardous transport",Algeria,"In the road near the Izačić Border Crossing, M5, Izačić, Bosnia & Herzegovina","Bljesak, Depo, IOM Bosnia and Herzegovina, RTV USK, Cazin","44.876817, 15.760792","Western Balkans","https://perma.cc/3TBB-DBRD, https://perma.cc/S94U-9FXA, https://perma.cc/ELR3-2XZK, https://perma.cc/VMG5-5Z9D","Southern Europe",4
2025.MMP0025,2025.MMP0025,"Northern Africa","Wed, 01/22/2025 - 12:00",2025,January,1,0,67,,,,"Sub-Saharan Africa","Mixed or unknown",Unknown,"3 kilometers south of La Restinga, Santa Cruz de Tenerife, Canary Islands, Spain","Tiempo de Canarias, EuropaPress","27.601397, -17.980838","Western Africa / Atlantic route to the Canary Islands","https://perma.cc/2JRJ-EGTL, https://perma.cc/JU9L-6GJW",Uncategorized,3
2025.MMP0026,2025.MMP0026,Europe,"Wed, 01/22/2025 - 12:00",2025,January,1,0,,,1,,"Western Asia",Drowning,Yemen,"Body recovered just offshore of the beach in Sangatte, Calais, France - English Channel crossing","France 24, Barrons, InfoMigrants, La Voix du Nord via Calais Border Monitoring, Calais Migrant Solidarity","50.950073, 1.763564","Mainland Europe to the UK","https://archive.ph/xFk9J, https://perma.cc/5A5H-B67P, https://archive.ph/dnNBt, https://perma.cc/C4WP-N3DC, https://perma.cc/7WLE-EGZR",Uncategorized,4
2025.MMP0027,2025.MMP0027,"Central America","Thu, 01/16/2025 - 12:00",2025,January,1,0,,,1,,"Central America","Mixed or unknown",Mexico,"Undetermined location in Piedras Negras, Coahuila, Mexico","El Buen Tono","28.69645357, -100.5123512","US-Mexico border crossing",https://perma.cc/89NR-H84V,"Central America",1
2025.MMP0028,2025.MMP0028,"South America","Sat, 01/11/2025 - 12:00",2025,January,1,0,,,1,,"South America","Mixed or unknown","Venezuela (Bolivarian Republic of)","Trocha La Parada, Villa del Rosario, Norte de Santander, Colombia","El Nacional (Venezuela)","7.821703287, -72.44996525",,https://perma.cc/6892-7BW9,"South America",1
2025.MMP0029,2025.MMP0029,"Central America","Fri, 01/03/2025 - 12:00",2025,January,2,0,,,1,1,"South America","Vehicle accident / death linked to hazardous transport",Ecuador,"Ferromex Torreon, Prol. Calz. Colón 1013, Zona Industrial, 27350 Torreón, Coah., Mexico","Milenio, El Heraldo, Portico","25.529056, -103.45245",,"https://perma.cc/DF4R-383Q, https://perma.cc/9S2C-8HUL, https://perma.cc/SA5H-MNTS","Central America",3
2025.MMP0030,2025.MMP0030,"Central America","Wed, 01/08/2025 - 12:00",2025,January,1,0,,,1,,"Central America","Harsh environmental conditions / lack of adequate shelter, food, water",Honduras,"At the foot of the intersection of Venustiano Carranza and Luis Mora Streets, Bella Vista, Monterrey, Nuevo Leon, Mexico","Celaya News, El Horizonte,Oriente Informa, Notigram","25.69965744, -100.3272715",,"https://perma.cc/76DY-BNEK, https://perma.cc/8KNH-8S7X, https://perma.cc/J36S-VRD7, https://perma.cc/P8UK-T3UN","Central America",1
2025.MMP0031,2025.MMP0031,Caribbean,"Thu, 01/16/2025 - 12:00",2025,January,,5,24,,5,,Caribbean,Drowning,"Dominican Republic","About 5,000 nautical miles from the coast of Miches, Samaná Bay, El Seibo Province, Dominican Republic","El Nuevo Diario República Dominicana,CDN,","19.00990589, -69.04499124","Dominican Republic to Puerto Rico","https://acortar.link/pOJ1FP, https://perma.cc/UG9K-LD53, https://perma.cc/267U-GRD9, https://perma.cc/QV6N-3DQ5, https://perma.cc/DSD7-7CRX",Caribbean,5
2025.MMP0032,2025.MMP0032,Mediterranean,"Tue, 01/07/2025 - 12:00",2025,January,2,0,61,,1,1,"Southern Asia",Drowning,Afghanistan,"East of Rhodes, Greece","HCG, IOM Greece, ekathimerini, InfoMigrants","36.44740167, 28.26937906","Eastern Mediterranean","https://archive.ph/LnM2v, https://perma.cc/L4ES-8FWR, https://perma.cc/JWL6-TP4V",Uncategorized,5
2025.MMP0033,2025.MMP0033,Caribbean,"Sun, 01/12/2025 - 12:00",2025,January,6,0,,,,,"Latin America / Caribbean (P)","Mixed or unknown",Unknown,"Off the Coast of Playa Manzanillo, San Andres y Providencia, Colombia","El Universal, El Tiempo, Archipielago Press","13.32313256, -81.38315387",,"https://perma.cc/R7BJ-9J7G, https://perma.cc/R3LM-29UN, https://acortar.link/M2jOA5",Caribbean,3
2025.MMP0034,2025.MMP0034,Mediterranean,"Thu, 01/23/2025 - 12:00",2025,January,2,0,,,2,,"Northern Africa (P)",Drowning,Unknown,"Bodies recovered near Santa Catalina, Ceuta, Spain","Catalunya Press, Ceuta Actualidad","35.90677175, -5.288160401","Western Mediterranean","https://perma.cc/KF47-ZLJG, https://archive.ph/TDkuN",Uncategorized,3
2025.MMP0035,2025.MMP003540,Mediterranean,"Sun, 01/26/2025 - 12:00",2025,January,2,1,17,,2,3,"Western Africa",Drowning,Nigeria,"Approximately 53 nautical miles south of Lampedusa, in Maltese SAR zone (see coordinates for exact location of rescue). Departed from Sabratha, Libya on 23 Jan 2025","Sea Punks","34.346, 12.483","Central Mediterranean","https://archive.ph/rwi2y, https://archive.ph/dVWqr",Uncategorized,4
2025.MMP0035,2025.MMP003541,Mediterranean,"Sun, 01/26/2025 - 12:00",2025,January,,1,,,1,,"Sub-Saharan Africa (P)",Drowning,Unknown,"Approximately 53 nautical miles south of Lampedusa, in Maltese SAR zone (see coordinates for exact location of rescue). Departed from Sabratha, Libya on 23 Jan 2025","Sea Punks","34.346, 12.483","Central Mediterranean","https://archive.ph/rwi2y, https://archive.ph/dVWqr",Uncategorized,4
2025.MMP0036,2025.MMP0036,Mediterranean,"Mon, 01/27/2025 - 12:00",2025,January,1,0,92,1,,1,"Western Asia","Sickness / lack of access to adequate healthcare","Syrian Arab Republic","Died after medical evacuation after rescue  in Maltese SAR zone","SOS MEDITERRANEE","34.362, 12.534","Central Mediterranean",https://perma.cc/49N7-TA86,Uncategorized,4
2025.MMP0037,2025.MMP0037,"South-eastern Asia","Tue, 01/21/2025 - 12:00",2025,January,2,0,73,,,,"South-eastern Asia",Violence,Myanmar,"In the Andaman Sea, embarking from Myanmar and disembarking in Phuket, Thailand","IOM Thailand, UNHCR, Dhaka Tribune, Benar News Thai, Bangkok Post","8.188735474, 98.28662137","Bay of Bengal/Andaman Sea","https://perma.cc/RN5R-U7R2, https://perma.cc/9G69-BV3U, https://perma.cc/K9CG-YN86",Uncategorized,4
2025.MMP0038,2025.MMP0038,"South-eastern Asia","Wed, 01/22/2025 - 12:00",2025,January,2,0,4,1,1,,"South-eastern Asia","Vehicle accident / death linked to hazardous transport",Myanmar,"Nearby the way to Pha Tat Waterfall, Hin Dat, Thong Pha Phum district, Kanchanaburi province, Thailand","Workpoint News, Thong Pha Phum Police Station","14.64872603, 98.28662137",,https://perma.cc/ZR25-FS5P,"South-eastern Asia",5
2025.MMP0039,2025.MMP0039,"Southern Asia","Wed, 01/22/2025 - 12:00",2025,January,7,0,,,,1,"Southern Asia","Vehicle accident / death linked to hazardous transport",Nepal,"Near Maheji Railway Station, near the line between Pachora Junction-Jalgaon Junction,  Pachora, Jalgaon district, Maharashtra, India","The Kathmandu Post, The Hindu, Nepal Republic Media","20.747528, 75.411668",,"https://perma.cc/3FSQ-9CQF, https://perma.cc/4NR4-SYKY, https://perma.cc/GSW3-HZKL","Southern Asia",3
2025.MMP0040,2025.MMP0040,"South-eastern Asia","Fri, 01/24/2025 - 12:00",2025,January,2,0,3,,,,"South-eastern Asia",Violence,Indonesia,"In the sea nearby Tanjung Rhu, Selangor, Indonesia","Ministry of Foreign Affairs of the Republic of Indonesia,  Antara, Asia News Network, The Strait Times","2.626244793, 101.6186942",,"https://perma.cc/N97L-EPWD, https://perma.cc/P4VC-YHPK, https://perma.cc/3WC2-YU3F, https://perma.cc/5AZ4-84SK, https://perma.cc/T6ZS-SAHW, https://perma.cc/5J4Q-LVCX",Uncategorized,5
2025.MMP0041,2025.MMP0041,Mediterranean,"Tue, 01/21/2025 - 12:00",2025,January,1,0,,,,,Unknown,Drowning,Unknown,"Unspecified location near Sabratah, Zawiya, Libya","IOM Libya","32.81264896, 12.45600611","Central Mediterranean",,Uncategorized,4
2025.MMP0042,2025.MMP0042,Mediterranean,"Sat, 01/25/2025 - 12:00",2025,January,,1,220,,,,Unknown,Drowning,Unknown,"Unspecifed location near Marsa Della, Libya","IOM Libya","33.59262794, 12.22533737","Central Mediterranean",,Uncategorized,4
2025.MMP0043,2025.MMP0043,Caribbean,"Sat, 01/25/2025 - 12:00",2025,January,5,0,,,5,,"Western Africa","Mixed or unknown",Mauritania,"Off the coast of Mayaro( Mayaro-Río Claro Region) Trinidad and Tobago","Trinidad and Tobago Coast Guard, OIM Guyana, Daily Express","10.28969014, -60.99941402",,"https://perma.cc/N9EE-LERU, https://archive.ph/rp3da",Caribbean,5
2025.MMP0044,2025.MMP0044,"Central America","Tue, 01/28/2025 - 12:00",2025,January,1,0,,,1,,"Central America",Drowning,Mexico,"Rio Bravo close to Claudet,Nuevo Laredo, Tamaulipas,Mexico","El Diario, Cronica Digital MX","27.52412408, -99.52551281","US-Mexico border crossing","https://perma.cc/Y9Q8-B7VN, https://perma.cc/4S4K-DYB9","Central America",3
2025.MMP2374,2025.MMP2374,"Western Africa","Sat, 01/25/2025 - 12:00",2025,January,,3,,,,,"Western Africa (P)","Mixed or unknown",Unknown,"Unspecified location between Saint Louis, Senegal and the Canary Islands, Spain","Alarm Phone","16.03034604, -16.51340339","Western Africa / Atlantic route to the Canary Islands","https://perma.cc/E4CD-FJ9B, https://perma.cc/ME52-LKGB",Uncategorized,4
2025.MMP0046,2025.MMP0046,"Central America","Sun, 01/05/2025 - 12:00",2025,January,,2,,,2,,Caribbean,Drowning,Cuba,"Off the Coast of Cancun, Quintana Roo,Mexico in the Caribean Sea","El Toque,Cibercuba, Cuba Cute","21.18547697, -86.79277685",,"https://archive.ph/PmI4H, https://perma.cc/JUC4-9ELH, https://perma.cc/98QW-5ZTC, https://perma.cc/J76M-UGY2","Central America",3
2025.MMP0047,2025.MMP0047,"Western Asia","Wed, 01/29/2025 - 12:00",2025,January,3,0,,,3,,"Western Asia",Violence,Türkiye,"Presumably Chebaa farms near the Lebanese-Israeli border, Lebanon","Turkish Ministry of Foreign Affairs, Hispanatolia, Euronews, Anadolu Agency, Lebanon Debate","33.32477429, 35.73507466",,"https://perma.cc/582B-PVC2, https://perma.cc/W3W4-VU3K, https://perma.cc/94DS-ZWRB, https://perma.cc/R5TS-RMPA, https://perma.cc/KR9W-6RBW","Western Asia",5
2025.MMP0048,2025.MMP0048,Mediterranean,"Sun, 01/26/2025 - 12:00",2025,January,1,7,91,,5,2,"Sub-Saharan Africa (P)",Drowning,Unknown,"Off Marsa Della, Libya - embarkation from Zawiyah on 25 Jan 03:00","IOM Libya","32.86596878, 12.73434705","Central Mediterranean",,Uncategorized,5
2025.MMP0049,2025.MMP0049,Mediterranean,"Mon, 01/27/2025 - 12:00",2025,January,23,33,,,,,"Southern Asia",Drowning,Bangladesh,"Remains recovered at Al Uqaylah west of Brega, Libya","IOM Libya, Daily Star, Daily Observer","30.26697777, 19.18855849","Central Mediterranean","https://perma.cc/86ML-72VU, https://perma.cc/5QJH-S9PT",Uncategorized,4
2025.MMP0050,2025.MMP0050,Mediterranean,"Tue, 01/28/2025 - 12:00",2025,January,,2,71,,,,Unknown,Drowning,Unknown,"Unspecified location off Marsa Della, Libya","IOM Libya","32.81576897, 12.74463245","Central Mediterranean",,Uncategorized,5
2025.MMP0051,2025.MMP0051,"Western Asia","Mon, 01/20/2025 - 12:00",2025,January,1,0,1,,,,"Southern Asia (P)","Accidental death",Unknown,"Kültür street, Bahçıvan, İpekyolu/Van, Türkiye","İhlas Haber Ajansı, Van 65 Haber, Yeni Dogu Gazetesi","38.499813, 43.392123","Iran to Türkiye","https://perma.cc/NEQ2-YU3V, https://perma.cc/NG8N-K5BJ, https://perma.cc/WHU3-L56K","Western Asia",3
2025.MMP0052,2025.MMP0052,"Western Asia","Sat, 02/01/2025 - 12:00",2025,February,1,0,24,,,,"Southern Asia","Vehicle accident / death linked to hazardous transport",Afghanistan,"Dibekli, Tatvan, Bitlis, Türkiye","Haberler, Tatvan Sesi","38.46739064, 42.43177319","Iran to Türkiye","https://perma.cc/L2YZ-G3L3, https://perma.cc/G5AJ-KJ63","Western Asia",3
2025.MMP0613,2025.MMP0613,"Western Africa","Sun, 01/26/2025 - 12:00",2025,January,18,0,,,,,"Western Africa (P)","Harsh environmental conditions / lack of adequate shelter, food, water",Unknown,"Unspecified location off Nouadhibou, Mauritania","IOM Mali Displacement Tracking Matrix","21.12082671, -17.36939169","Western Africa / Atlantic route to the Canary Islands",,Uncategorized,2
2025.MMP0045,2025.MMP0045,Caribbean,"Wed, 01/29/2025 - 12:00",2025,January,21,0,,,,1,"Western Africa","Mixed or unknown",Mauritania,"Off the coast of Basseterre, Bay RD, Saint Kitts and Nevis","The Royal St. Christopher and Nevis Police Force, OIM Guyana, Jamaica Observer, Diario Libre","17.29441021, -62.71316995","Western Africa / Atlantic route to the Canary Islands","https://perma.cc/QD56-GNQH, https://perma.cc/L4PP-HL7E",Uncategorized,5
2025.MMP0053,2025.MMP005364,"Western Africa","Sun, 02/02/2025 - 12:00",2025,February,7,0,32,,7,,"Western Africa","Harsh environmental conditions / lack of adequate shelter, food, water",Mali,"Off Nouadhibou, Mauritania - departure from Nouadhibou on 25 Jan","Commune de Nouadhibou, IOM Mauritania, Sahara Media","21.12082671, -17.36939169","Western Africa / Atlantic route to the Canary Islands","https://archive.vn/0wEFt, https://archive.ph/9UBLI",Uncategorized,5
2025.MMP0054,2025.MMP0054,Mediterranean,"Sun, 02/02/2025 - 12:00",2025,February,1,0,,,1,,"Northern Africa (P)",Drowning,Unknown,"Remains recovered at Playa S'Alga, S'Espalmador, Balearic Islands, Spain","Diario de Ibiza, La Voz de Ibiza, Francisco Jose Clemente Martin","38.78080691, 1.428814395","Western Mediterranean","https://perma.cc/X7YT-U9VY, https://perma.cc/66MH-SBU6, https://perma.cc/ZGU5-8DLR?type=standard",Uncategorized,4
2025.MMP0055,2025.MMP0055,Europe,"Tue, 01/07/2025 - 12:00",2025,January,1,0,,,,,Unknown,"Accidental death",Unknown,"At exit 54 on the A16 Highway between Dunkirk and Calais, Grande-Synthe, Pas de Calais, France","Utopia 56, France Bleu and Delta FM via Calais Border Monitoring, Calais Migrant Solidarity","51.00427151, 2.308526343","Mainland Europe to the UK","https://perma.cc/Z5NX-UZ37, https://perma.cc/28WS-YH6B, https://perma.cc/3BCW-3CFK, https://perma.cc/7WLE-EGZR","Western Europe",4
2025.MMP0056,2025.MMP0056,Europe,"Tue, 02/04/2025 - 12:00",2025,February,1,0,,,1,,"Northern Africa","Vehicle accident / death linked to hazardous transport",Sudan,"On the A16-A26 Highway interchange between Dunkirk and Calais, Pas de Calais, France","Nord Littoral, Utopia 56, InfoMigrants and La Voix du Nord via Calais Border Monitoring, Calais Migrant Solidarity","50.93677641, 1.909533016","Mainland Europe to the UK","https://archive.ph/hVTwS, https://perma.cc/QE6E-NDYF, https://perma.cc/NYH3-Q3TA, https://archive.ph/b6zX0, https://perma.cc/7WLE-EGZR","Western Europe",4
2025.MMP0057,2025.MMP0057,Mediterranean,"Tue, 02/04/2025 - 12:00",2025,February,1,0,,,1,,"Northern Africa",Drowning,Algeria,"Remains washed ashore at Playa de la Elmadraba, Ceuta, Spain","EFE via Telecinco, La Vanguardia, InfoMigrants","35.87985707, -5.334299876","Western Mediterranean","https://perma.cc/Y5H8-ZC4K, https://perma.cc/SGW3-D5KX, https://perma.cc/FA2K-2LH6",Uncategorized,3
2025.MMP0058,2025.MMP0058,Mediterranean,"Thu, 02/06/2025 - 12:00",2025,February,2,0,43,,2,,"Southern Asia","Harsh environmental conditions / lack of adequate shelter, food, water",Bangladesh,"At the beach of Isola dei Conigli/Lampedusa, Italy - departure from  Zawiya on 5 Feb","Ansa, IOM Italy","35.51035997, 12.55818823","Central Mediterranean",https://perma.cc/YA9K-52H9,Uncategorized,4
2025.MMP0059,2025.MMP0059,Europe,"Thu, 02/06/2025 - 12:00",2025,February,1,0,,,1,,"Southern Africa (P)","Harsh environmental conditions / lack of adequate shelter, food, water",Unknown,"Unspecified location on the Belarus-Latvia border, Braslaw Distric, Vitebsk Region, Belarus","Border Committee of Belarus","55.812252, 26.972418","Belarus-EU border","https://perma.cc/83L4-Y585, https://perma.cc/RR2L-8XPV","Eastern Europe",5
2025.MMP0060,2025.MMP006071,Europe,"Sun, 02/09/2025 - 12:00",2025,February,1,0,,,1,,Unknown,Drowning,Unknown,"Plage du Terminus, Berck, Pas-de-Calais, France - English Channel crossing","La Voix du Norde, Le Parisien, Le Monde, Ouest France, Calais Migrant Solidarity","50.425949, 1.559403","Mainland Europe to the UK","https://perma.cc/2B55-CMK8?type=image, https://perma.cc/2E5B-WNEN?type=image, https://archive.ph/8jQVa, https://perma.cc/7WLE-EGZR",Uncategorized,4
2025.MMP0060,2025.MMP006072,Europe,"Sun, 02/09/2025 - 12:00",2025,February,1,0,,,1,,"Southern Asia",Drowning,Afghanistan,"Plage du Terminus, Berck, Pas-de-Calais, France- English Channel crossing","Le Parisien, Le Monde, Ouest France, Calais Migrant Solidarity","50.425949, 1.559403","Mainland Europe to the UK","https://perma.cc/2B55-CMK8?type=image, https://perma.cc/2E5B-WNEN?type=image, https://archive.ph/8jQVa, https://perma.cc/7WLE-EGZR",Uncategorized,4
2025.MMP0061,2025.MMP0061,"North America","Sat, 01/25/2025 - 12:00",2025,January,1,0,6,,1,,"Latin America / Caribbean (P)","Vehicle accident / death linked to hazardous transport",Unknown,"I-35 Frontage Road, Between the towns of Lasalle and Cotuya, Lasalle County, Texas, United States of America","Super Channel 12, Zócalo","28.45861596, -99.233276","US-Mexico border crossing","https://perma.cc/NQ5P-B2JE, https://perma.cc/75ML-YX7D","Northern America",3
2025.MMP0062,2025.MMP0062,"South America","Wed, 01/29/2025 - 12:00",2025,January,1,0,,1,,,"South America","Harsh environmental conditions / lack of adequate shelter, food, water","Venezuela (Bolivarian Republic of)","Street on Pisiga Bolivar, very close to the border line with Chile, Pisiga, Bolivia","El Nacional, La Patria","-19.27531271, -68.61719928",,"https://perma.cc/W68E-XBFV, https://perma.cc/9NFU-G5WC","South America",3
2025.MMP0063,2025.MMP006375,Caribbean,"Wed, 02/05/2025 - 12:00",2025,February,1,0,8,1,,,"Southern Asia",Drowning,"Iran (Islamic Republic of)","Two kilometers off the coast of Corn Island (Nicaragua) in the Caribbean Sea","Ejercito de Nicaragua, La Prensa, 100%Noticias, BSS News","12.16425549, -82.7672418",,"https://perma.cc/A9WP-3Y6W?type=image, https://perma.cc/L3UV-TM5R, https://perma.cc/YY77-XHV9, https://archive.ph/KoF6C",Caribbean,5
2025.MMP0063,2025.MMP006376,Caribbean,"Wed, 02/05/2025 - 12:00",2025,February,1,0,,,,1,"Southern Asia",Drowning,India,"Two kilometers off the coast of Corn Island (Nicaragua) in the Caribbean Sea","Ejercito de Nicaragua, La Prensa, 100%Noticias, BSS News","12.16425549, -82.7672418",,"https://perma.cc/A9WP-3Y6W?type=image, https://perma.cc/L3UV-TM5R, https://perma.cc/YY77-XHV9, https://archive.ph/KoF6C",Caribbean,5
2025.MMP0063,2025.MMP006377,Caribbean,"Wed, 02/05/2025 - 12:00",2025,February,,4,,,,3,Unknown,Drowning,Unknown,"Two kilometers off the coast of Corn Island (Nicaragua) in the Caribbean Sea","Ejercito de Nicaragua, La Prensa, 100%Noticias, BSS News","12.16425549, -82.7672418",,"https://perma.cc/A9WP-3Y6W?type=image, https://perma.cc/L3UV-TM5R, https://perma.cc/YY77-XHV9, https://archive.ph/KoF6C",Caribbean,5
2025.MMP0063,2025.MMP006378,Caribbean,"Wed, 02/05/2025 - 12:00",2025,February,3,0,,2,,1,"Northern Africa",Drowning,Egypt,"Two kilometers off the coast of Corn Island (Nicaragua) in the Caribbean Sea","Ejercito de Nicaragua, La Prensa, 100%Noticias, BSS News, Veto Gate","12.16425549, -82.7672418",,"https://perma.cc/A9WP-3Y6W?type=image, https://perma.cc/L3UV-TM5R, https://perma.cc/YY77-XHV9, https://archive.ph/KoF6C, https://perma.cc/YQ6A-SLJB",Caribbean,5
2025.MMP0064,2025.MMP0064,"North America","Wed, 01/08/2025 - 12:00",2025,January,,1,,,,1,"Latin America / Caribbean (P)",Drowning,Unknown,"Undetermined location in the Rio Bravo in Eagle Pass, Maverick County, Texas, United States of America",Zócalo,"28.70892767, -100.5098864","US-Mexico border crossing",https://perma.cc/F3VB-QCR3,"Northern America",1
2025.MMP0065,2025.MMP0065,"South America","Wed, 02/05/2025 - 12:00",2025,February,1,0,2,,1,,Caribbean,"Accidental death",Haiti,"Makeshift camp in Colina, Santiago de Chile, Region Metropolitana, Chile","Prensa Latina","-33.21277116, -70.68500291",,https://perma.cc/MJ83-3WVA,"South America",1
2025.MMP0066,2025.MMP0066,"North America","Sat, 01/25/2025 - 12:00",2025,January,1,0,,1,,,"Central America",Drowning,Mexico,"Near Ocean Beach Pier, San Diego, San Diego County, California, United States of America","Border Report, San Diego County Office of the Medical Examiner (SDCOME)","32.749056, -117.260107","US-Mexico border crossing","https://perma.cc/7Z5N-FDDJ, https://perma.cc/YRS8-AKL8, https://perma.cc/L2D5-DAJE, https://archive.ph/AaVX1","Northern America",5
2025.MMP0067,2025.MMP0067,Mediterranean,"Fri, 02/07/2025 - 12:00",2025,February,1,0,,,1,,"Northern Africa",Drowning,Unknown,"Near Laja de la Sirena, Monte Hacho, Ceuta, Spain","El Confidencial, RTVCE","35.901273, -5.279748","Western Mediterranean","https://perma.cc/9C85-RB4G, https://perma.cc/TUV6-P2KF",Uncategorized,3
2025.MMP0068,2025.MMP0068,Mediterranean,"Mon, 02/03/2025 - 12:00",2025,February,1,0,,,1,,"Northern Africa (P)",Drowning,Unknown,"Platja de S'Alga, Formentera, Isla de Espalmador, Islas Baleares, Spain","Telecinco, InfoBae","38.780684, 1.428699","Western Mediterranean","https://perma.cc/UP87-WPR3, https://perma.cc/DV7G-Q572",Uncategorized,3
2025.MMP0069,2025.MMP006984,"Northern Africa","Fri, 02/07/2025 - 12:00",2025,February,1,0,,,,,"Sub-Saharan Africa (P)",Violence,Unknown,"Unspecified location in a farm in Jikharra, 441 KM from Benghazi, Libya","Al- Waha Secuirty Bardiage, AP, Al-Arabiya, Al Masry Youm, DW, InfoMigrants, Reuters, IOM Libya","29.3021038, 21.642937","Sahara Desert crossing","https://perma.cc/F7KV-CSVT, https://perma.cc/G5TA-7XK7, https://perma.cc/RUQ6-68SK, https://perma.cc/FE7C-7399, https://perma.cc/TGL7-3LHX, https://perma.cc/UEF2-FEL3, https://archive.ph/1Cc51, https://perma.cc/8M5U-KATL","Northern Africa",5
2025.MMP0069,2025.MMP006985,"Northern Africa","Fri, 02/07/2025 - 12:00",2025,February,4,0,,,,,"Sub-Saharan Africa (P)",Violence,Unknown,"Unspecified location in a farm in Jikharra, 441 KM from Benghazi, Libya","Al- Waha Secuirty Bardiage, AP, Al-Arabiya, Al Masry Youm, DW, InfoMigrants, Reuters, IOM Libya","29.3021038, 21.642937","Sahara Desert crossing","https://perma.cc/F7KV-CSVT, https://perma.cc/G5TA-7XK7, https://perma.cc/RUQ6-68SK, https://perma.cc/FE7C-7399, https://perma.cc/TGL7-3LHX, https://perma.cc/UEF2-FEL3, https://archive.ph/1Cc51, https://perma.cc/8M5U-KATL","Northern Africa",5
2025.MMP0069,2025.MMP006986,"Northern Africa","Fri, 02/07/2025 - 12:00",2025,February,14,0,,,,,"Sub-Saharan Africa (P)",Violence,Unknown,"Unspecified location in a farm in Jikharra, 441 KM from Benghazi, Libya","Al- Waha Secuirty Bardiage, AP, Al-Arabiya, Al Masry Youm, DW, InfoMigrants, Reuters, IOM Libya","29.3021038, 21.642937","Sahara Desert crossing","https://perma.cc/F7KV-CSVT, https://perma.cc/G5TA-7XK7, https://perma.cc/RUQ6-68SK, https://perma.cc/FE7C-7399, https://perma.cc/TGL7-3LHX, https://perma.cc/UEF2-FEL3, https://archive.ph/1Cc51, https://perma.cc/8M5U-KATL","Northern Africa",5
2025.MMP0071,2025.MMP0071,Mediterranean,"Mon, 02/17/2025 - 12:00",2025,February,1,0,,,1,,"Sub-Saharan Africa",Drowning,Unknown,"On the beach of Santo Tomás, Es Migjorn, Menorca, Spain","Ondacero, Menorca Info, Francisco Jose Clemente Martin","39.914519, 4.038914","Western Mediterranean","https://perma.cc/33YD-LS5V, https://perma.cc/3H5U-XKWN, https://perma.cc/ZGU5-8DLR?type=standard",Uncategorized,4
2025.MMP0072,2025.MMP0072,"Northern Africa","Fri, 02/07/2025 - 12:00",2025,February,58,12,76,,,,"Sub-Saharan Africa (P)",Violence,Unknown,"Unspecified location North of the southeastern city of Al Kufrah, Kufrah District, Libya","Al- Waha Secuirty Bardiage, AP, Al-Arabiya, Al Masry Youm, DW, InfoMigrants, Reuters, IOM Libya","24.141772, 23.271113","Sahara Desert crossing","https://perma.cc/F7KV-CSVT, https://perma.cc/G5TA-7XK7, https://perma.cc/RUQ6-68SK, https://perma.cc/FE7C-7399, https://perma.cc/TGL7-3LHX, https://perma.cc/UEF2-FEL3, https://archive.ph/1Cc51, https://perma.cc/8M5U-KATL","Northern Africa",5
2025.MMP0073,2025.MMP0073,"Northern Africa","Tue, 02/04/2025 - 12:00",2025,February,2,0,,,2,,"Sub-Saharan Africa (P)","Mixed or unknown",Unknown,"Unspecified location in the southeastern city of Kufra, Libya","Al Kufra Ambulance FB","26.93308996, 20.779918","Sahara Desert crossing",https://perma.cc/M2Z7-34NX,"Northern Africa",5
2025.MMP0074,2025.MMP0074,Mediterranean,"Wed, 02/05/2025 - 12:00",2025,February,1,0,,,,,"Sub-Saharan Africa (P)",Drowning,Unknown,"Unspecifed location in Sabratha, in the Zawiya District, Libya","IOM Libya","32.81046466, 12.459951","Central Mediterranean",,Uncategorized,4
2025.MMP0075,2025.MMP0075,Mediterranean,"Thu, 02/06/2025 - 12:00",2025,February,16,10,37,,,,"Southern Asia",Drowning,Pakistan,"Unspecifed location near Marsa Della, Libya","IOM Libya, Pakistan Ministry of Foreign Affairs","33.59262794, 12.225337","Central Mediterranean","https://perma.cc/9XMW-MWCK, https://archive.ph/gvAVq",Uncategorized,5
2025.MMP0053,2025.MMP005394,"Western Africa","Sun, 02/02/2025 - 12:00",2025,February,2,0,,,2,,"Western Africa","Harsh environmental conditions / lack of adequate shelter, food, water",Senegal,"Off Nouadhibou, Mauritania - departure from Nouadhibou on 25 Jan","Commune de Nouadhibou, IOM Mauritania, Sahara Media","21.12082671, -17.36939169","Western Africa / Atlantic route to the Canary Islands","https://archive.vn/0wEFt, https://archive.ph/9UBLI",Uncategorized,5
2025.MMP0077,2025.MMP0077,"Central America","Tue, 02/04/2025 - 12:00",2025,February,1,0,,,1,,"Central America","Accidental death",Mexico,"At the foot of the border wall in Rancho los Chabacanos (Chabacanos Ranch), Tecate, Baja California, Mexico","Punto Norte, KSDY 50 Noticias","32.58745969, -116.4917835","US-Mexico border crossing",https://perma.cc/T6EN-ZBU2,"Central America",1
2025.MMP0078,2025.MMP0078,"South America","Fri, 02/07/2025 - 12:00",2025,February,1,0,3,1,,,"South America","Vehicle accident / death linked to hazardous transport",Colombia,"Highway E-25 in Naranjal, Ecuador","Caracol Radio","-2.665187493, -79.61534953",,https://perma.cc/XN5S-QSE7,"South America",1
2025.MMP0079,2025.MMP0079,"Southern Asia","Mon, 01/06/2025 - 12:00",2025,January,1,0,,,1,,"Southern Asia",Violence,Afghanistan,"An unknown border area in Saravan, Sistan and Baluchestan province, Iran","Hasht-e Subh Daily (8AM. Media)","27.4900211, 62.843653","Afghanistan to Iran",https://perma.cc/M2RH-WY28,"Southern Asia",1
2025.MMP0080,2025.MMP0080,"South-eastern Asia","Thu, 02/06/2025 - 12:00",2025,February,1,0,,,1,,"South-eastern Asia","Vehicle accident / death linked to hazardous transport",Myanmar,"The body was left and hidden in a small jungle nearby Asian Highway (on the side towards the Si Yaek Khuha), Moo 10, Tha Chang, Bang Klam district, Songkhla province, Thailand.","Dailynews Online, Amarin TV, Nation TV, Naewna, 77 Kaoded","7.073893518, 100.359723",,"https://perma.cc/8B6L-3L4W, https://perma.cc/KL9E-UB86, https://perma.cc/4NFM-XVZW, https://perma.cc/P9RY-F73D, https://perma.cc/B842-P3D7","South-eastern Asia",3
2025.MMP0081,2025.MMP0081,Europe,"Sat, 02/15/2025 - 12:00",2025,February,1,0,69,,,,Unknown,Drowning,Unknown,"Off Calais, Pas-de-Calais, France - English Channel crossing","Préfecture maritime de la Manche et de la mer du Nord, France Bleu, France3, Calais Migrant Solidarity, Calais Border Monitoring","50.968225, 1.830112","Mainland Europe to the UK","https://perma.cc/9KWX-7AWW, https://perma.cc/S67D-T97J?type=image, https://perma.cc/2VCD-6HHW?type=image, https://perma.cc/7WLE-EGZR, https://perma.cc/Q82J-V4KZ",Uncategorized,5
2025.MMP0082,2025.MMP0082,Mediterranean,"Mon, 02/17/2025 - 12:00",2025,February,1,0,24,,1,,"Northern Africa",Drowning,Morocco,"Playa del Rafal, in the Cabo Cope and Puntas de Calnegre regional park, Aguilas, Murcia, Spain","Centro de Coordinación de Emergencias 112 Región de Murcia, Francisco Clemente Jose Martin, EFE, RTVE","37.45288, -1.481456","Western Mediterranean","https://perma.cc/7TN9-GMWJ, https://perma.cc/7MQM-59K3, https://perma.cc/STG3-W837, https://archive.ph/qgLDL, https://perma.cc/ZGU5-8DLR?type=standard",Uncategorized,5
2025.MMP0083,2025.MMP0083,Mediterranean,"Mon, 02/10/2025 - 12:00",2025,February,,2,,,,,"Sub-Saharan Africa (P)",Drowning,Unknown,"Unspecifed location near Marsa Della, Libya","IOM Libya","33.15512329, 12.471888","Central Mediterranean",,Uncategorized,4
2025.MMP0084,2025.MMP0084,"Western Asia","Mon, 02/10/2025 - 12:00",2025,February,1,0,1,,1,,"Southern Asia",Violence,India,"Unspecific mountain valley area near Karak, Jordan on the border with Israel","BBC, TRT, The Embassy of India in Jordan","31.01175335, 35.43692685",,"https://perma.cc/7REC-9UAU, https://www.facebook.com/story.php?story_fbid=1088594439974372&id=100064714774922&_rdr, https://perma.cc/497F-68SL","Western Asia",4
2025.MMP0085,2025.MMP0085,"South America","Sat, 01/11/2025 - 12:00",2025,January,1,0,,1,,,Caribbean,"Sickness / lack of access to adequate healthcare","Dominican Republic","Close to chilean transborder area, in Pisiga, Bolivia","NcomDo, Noticias Telemicro","-19.269845, -68.61993167",,"https://perma.cc/DMZ3-8C6M, https://perma.cc/H5AA-2EUJ","South America",3
2025.MMP0086,2025.MMP0086,"Southern Asia","Sun, 02/02/2025 - 12:00",2025,February,1,0,,,,1,"Southern Asia",Violence,Afghanistan,"An unknown part of Khash - Saravan Road, Sistan and Baluchestan province, Iran","IOM Afghanistan, Afghanistan International, Azadi Radio, Afghanpaper","27.85126871, 61.793669","Afghanistan to Iran","https://perma.cc/AF33-JJE5, https://perma.cc/EC84-8M8H, https://perma.cc/5FNE-BTRR","Southern Asia",4
2025.MMP0087,2025.MMP0087,"South-eastern Asia","Fri, 02/14/2025 - 12:00",2025,February,2,0,1,1,1,,"South-eastern Asia","Vehicle accident / death linked to hazardous transport",Cambodia,"Highway 24, Kilometer Pole #76+765, at Nong Ta Kai junction, Ban Mai, Nong Bunnak district, Nakhon Ratchasima province, Thailand","Khaosod, Channel 3, Workpoint, Siamrath","14.73806148, 102.378081",,"https://perma.cc/C8MJ-C948, https://perma.cc/FY8A-E5TA, https://perma.cc/R9EK-ZRTM, https://perma.cc/P7DS-TUYE","South-eastern Asia",3
2025.MMP0088,2025.MMP0088,Mediterranean,"Wed, 02/19/2025 - 12:00",2025,February,6,0,27,,,,Unknown,Drowning,Unknown,"Off the coast of Selçuk, İzmir, Türkiye","Turkish Coast Guard, Türkiye Minister of Interior Ali Yerlikaya","37.93866062, 27.17802337","Eastern Mediterranean","https://perma.cc/5HB3-UXZC, https://perma.cc/S2Z6-5Z44",Uncategorized,5
2025.MMP0089,2025.MMP0089,Mediterranean,"Sat, 02/22/2025 - 12:00",2025,February,1,0,,,,,Unknown,Drowning,Unknown,"Remains recovered off the coast of Lampedusa, Italy","Rai News, QDS","35.49182937, 12.61177228","Central Mediterranean","https://perma.cc/S82C-GCQX, https://perma.cc/4R66-KYZC",Uncategorized,3
2025.MMP0090,2025.MMP0090,Mediterranean,"Sun, 02/23/2025 - 12:00",2025,February,1,0,18,1,,,"Southern Asia","Mixed or unknown",Afghanistan,"Agios Fokas, Lesvos, Greece","Hellenic Coast Guard, ekathimerini","39.0080827, 26.17013186","Eastern Mediterranean","https://archive.ph/h5Iq5, https://perma.cc/HF7H-UJDL",Uncategorized,5
2025.MMP0091,2025.MMP0091,Mediterranean,"Sun, 02/23/2025 - 12:00",2025,February,1,4,19,1,3,1,"Eastern Africa",Drowning,Somalia,"37 KM West Ibiza/Balearic Islands, Spain - departure from Aïn Taya, Algeria on 17 Feb","Francisco Jose Clemente Martin, Noudiari, Diario de Ibiza, IOM Spain","38.84160346, 1.907360009","Western Mediterranean","https://archive.ph/Jwkdc, https://perma.cc/6UMM-VP2J, https://perma.cc/637H-T7UM",Uncategorized,4
2025.MMP0092,2025.MMP0092,Europe,"Wed, 02/05/2025 - 12:00",2025,February,1,0,,,1,,"Northern Africa","Accidental death",Algeria,"On the national highway, Vera, Almería, Spain","Francisco Jose Clemente Martin","37.24786561, -1.872580903",,https://archive.ph/DuTY9,"Southern Europe",4
2025.MMP0093,2025.MMP0093,Mediterranean,"Sat, 02/15/2025 - 12:00",2025,February,,3,7,,,,"Northern Africa",Drowning,Algeria,"50 KM off Cartagena, Spain - departure from Mostaganem, Algeria","Francisco Jose Clemente Martin","37.18261996, -0.785772594","Western Mediterranean",https://archive.ph/4S3Sr,Uncategorized,4
2025.MMP0094,2025.MMP0094,"Southern Asia","Sun, 02/23/2025 - 12:00",2025,February,1,0,,,1,,"Southern Asia","Harsh environmental conditions / lack of adequate shelter, food, water",Afghanistan,"Islam Qala - border with Iran, Herat province, Afghanistan","Hasht-e Subh Daily (8AM. Media), Afghanpaper, Chekad","34.64597944, 61.00352149","Afghanistan to Iran","https://perma.cc/P6G9-FQDR, https://perma.cc/QH66-73UY, https://perma.cc/75NB-GDNL","Southern Asia",3
2025.MMP0095,2025.MMP0095,"Central America","Mon, 02/17/2025 - 12:00",2025,February,3,0,,,2,1,Unknown,Drowning,Unknown,"Undeterminded location in the Jungle, close to Tuquesa River,Comarca Emberá-Cemacó, Panama","Diario Las Americas","8.461497352, -77.68776486",Darien,https://perma.cc/97EW-V8L7,"Central America",1
2025.MMP0097,2025.MMP0097,"Central America","Fri, 02/21/2025 - 12:00",2025,February,1,0,19,,,1,"South America",Drowning,"Venezuela (Bolivarian Republic of)","Off the Coast of Mansukum, Guna Yala, Panama","SENAFRONT Panamá, IOM Panama, New York Post, RCN Noticias ,France 24, El Nacional","9.031282825, -77.80766222",Darien,"https://perma.cc/C4P6-AH44, https://archive.ph/dO29u, https://perma.cc/LX8R-9UBA, https://perma.cc/A2KC-7JK7, https://archive.ph/hk3Fd, https://perma.cc/6DMY-K722","Central America",5
2025.MMP0098,2025.MMP0098,"Central America","Wed, 02/19/2025 - 12:00",2025,February,1,0,,,1,,"Central America","Sickness / lack of access to adequate healthcare",Nicaragua,"Unspecified hospital in San Salvador, El Salvador","ABC Stereo","13.68785741, -89.23790925",,https://perma.cc/G4XG-HNVX,"Central America",1
2025.MMP0099,2025.MMP0099,Caribbean,"Thu, 02/20/2025 - 12:00",2025,February,2,5,15,2,,,"South America",Drowning,"Venezuela (Bolivarian Republic of)","Off the Coast of Pedernales, Luis Beltrán Prieto Figueroa, Delta del Amacuro (Amacuro Delta), Venezuela","Caraota Digital Venezuela,La Patilla","10.01448763, -62.18798253","Venezuela to Caribbean","https://archive.ph/Tw6RR, https://perma.cc/AR26-Q9GL","South America",3
2025.MMP0100,2025.MMP0100118,Mediterranean,"Sat, 03/01/2025 - 12:00",2025,March,1,0,,,1,,"Northern Africa",Drowning,Unknown,"1 KM off Southern Ceuta, Spain","EFE via Infobae, Europa Sur, El Faro de Ceuta","35.87080992, -5.333348689","Western Mediterranean","https://archive.ph/c3ZPH, https://archive.ph/oIV9i, https://archive.ph/Pe1Qt",Uncategorized,3
2025.MMP0100,2025.MMP0100119,Mediterranean,"Sat, 03/01/2025 - 12:00",2025,March,,1,10,,1,,"Northern Africa",Drowning,Algeria,"Undetermined location at the Tarajal border off Ceuta, Spain","EFE via Infobae, Europa Sur, El Faro de Ceuta","35.87080992, -5.333348689","Western Mediterranean","https://archive.ph/c3ZPH, https://archive.ph/oIV9i, https://archive.ph/Pe1Qt",Uncategorized,3
2025.MMP0100,2025.MMP0100120,Mediterranean,"Mon, 03/03/2025 - 12:00",2025,March,1,0,,,,1,"Northern Africa",Drowning,Morocco,"Remains washed at Fnideq, Morocco","Post 24, Tanja News","35.85511009, -5.347870457","Western Mediterranean","https://perma.cc/JP5L-PR7B, https://archive.ph/afH3M",Uncategorized,3
2025.MMP0100,2025.MMP0100121,Mediterranean,"Wed, 03/05/2025 - 12:00",2025,March,,1,,,1,,"Northern Africa",Drowning,Morocco,"Unspecified location on the sea crossing between Ceuta and Morocco","El Faro de Ceuta","35.85877964, -5.342966249","Western Mediterranean",https://perma.cc/39T6-PE23,Uncategorized,1
2025.MMP0101,2025.MMP0101,Mediterranean,"Fri, 02/28/2025 - 12:00",2025,February,2,0,51,,,2,"Northern Africa","Vehicle accident / death linked to hazardous transport",Egypt,"43 miles off Lampedusa, Italy","ANSA, IOM Italy","35.07084032, 13.02955244","Central Mediterranean",https://perma.cc/5C5S-H4EG,Uncategorized,4
2025.MMP0105,2025.MMP0105,Mediterranean,"Wed, 01/29/2025 - 12:00",2025,January,1,18,4,,,1,"Northern Africa",Drowning,Algeria,"Off the coast of Tennes, Mostaganem, Algeria","Francisco Jose Clemente Martin","35.93609234, 0.069114087","Western Mediterranean",https://perma.cc/UE5X-VV8U,Uncategorized,4
2025.MMP0106,2025.MMP0106,Mediterranean,"Tue, 02/04/2025 - 12:00",2025,February,6,14,5,,,,Unknown,Drowning,Unknown,"Unspecifed location near Jijel, Algeria","Ico Collo, Aljazaer blahza, Nass Bazoul","36.82685051, 5.735223597","Western Mediterranean","https://perma.cc/344X-W7GR, https://perma.cc/LWG7-9NPY, https://perma.cc/FWP6-P4UM",Uncategorized,3
2025.MMP0107,2025.MMP0107,"South-eastern Asia","Mon, 01/06/2025 - 12:00",2025,January,,1,6,,,1,"South-eastern Asia",Drowning,Indonesia,"At sea nearby Tanjung Balai Karimun, Karimun, Riau Islands, Indonesia","Detik, CNN Indonesia, Kompas","1.009249191, 103.4604484",,"https://perma.cc/TX5W-D44C, https://perma.cc/5WZV-HUK3, https://perma.cc/XHB4-KLLJ",Uncategorized,3
2025.MMP0108,2025.MMP0108,"Southern Asia","Fri, 02/28/2025 - 12:00",2025,February,2,0,12,,,,"Southern Asia","Vehicle accident / death linked to hazardous transport",Afghanistan,"Unknown location on the Saravan highway, Saravan, Sistan and Baluchestan province, Iran","IOM Afghanistan, Hasht-e Subh Daily (8AM. Media), Amu TV, Afghanistan International, ISNA","27.27770095, 62.47412192","Afghanistan to Iran","https://perma.cc/4N92-82AD, https://perma.cc/R5D4-ELWH, https://perma.cc/2FMH-2XE8, https://perma.cc/YC5Y-8BDG","Southern Asia",4
2025.MMP0109,2025.MMP0109,Mediterranean,"Sat, 03/01/2025 - 12:00",2025,March,,1,32,,1,,Unknown,Drowning,Unknown,"At Miskar Oil Platform, Gulf of Gabes, Tunisia","Alarm Phone, Sea Watch, SOS Humanity, FTDES and others","34.38798763, 11.6357993","Central Mediterranean","https://perma.cc/TS75-SBC3, https://perma.cc/5KWN-XKX7, https://perma.cc/M2LH-VTP5, https://perma.cc/Y76J-SE47",Uncategorized,4
2025.MMP0112,2025.MMP0112,"South America","Fri, 02/21/2025 - 12:00",2025,February,1,0,2,,1,,Unknown,"Accidental death",Unknown,"Makeshift housing in the Pasaje Concepcion, Puerto Montt, Los Lagos, Chile","Radio Sago Chile","-41.4736134, -72.94555241",,https://perma.cc/HZF7-VRLL,"South America",1
2025.MMP0113,2025.MMP0113,"Central America","Mon, 01/13/2025 - 12:00",2025,January,1,0,,1,,,Caribbean,Violence,Cuba,"Housing complex in Los Héroes Coacalco, Municipality of Coacalco de Berriozábal, Mexico","La Jornada, Alas Tensas","19.64876063, -99.10579854",,"https://perma.cc/2VUE-VRBC, https://perma.cc/336Y-USXC","Central America",3
2025.MMP0115,2025.MMP0115,"Western Asia","Fri, 03/07/2025 - 12:00",2025,March,6,175,,57,130,,"Eastern Africa (P)",Drowning,Unknown,"Unspecified location off the coast of Dhubab district, Ta’iz Governorate, Yemen  - EHOA-Yemen Crossing","IOM Yemen","12.93258006, 43.3637883","Eastern Route to/from EHOA",https://archive.ph/jfcCV,Uncategorized,4
2025.MMP0116,2025.MMP0116,Europe,"Sat, 03/08/2025 - 12:00",2025,March,1,0,,,1,,"Western Asia","Sickness / lack of access to adequate healthcare",Kuwait,"Off Plage des Hemmes de Marck, Pas-de-Calais, France - English Channel crossing","BBC, AFP, Calais Migrant Solidarity, Calais Border Monitoring, The Mirror","50.98068814, 1.718233718","Mainland Europe to the UK","https://archive.ph/Vtp12, https://archive.ph/5q3NT, https://perma.cc/7WLE-EGZR, https://perma.cc/X847-E6GF, https://perma.cc/3EYW-63WH",Uncategorized,4
2025.MMP0118,2025.MMP0118,"Eastern Africa","Wed, 03/05/2025 - 12:00",2025,March,18,7,,6,7,5,"Eastern Africa",Drowning,Ethiopia,"Unspecified location off the coast of Moulhoulle, Djibouti near the border of Eritrea - EHOA-Yemen Crossing","IOM Djibouti","12.554189, 43.234131","Eastern Route to/from EHOA",,"Eastern Africa",4
2025.MMP0119,2025.MMP0119,"Northern Africa","Mon, 03/03/2025 - 12:00",2025,March,1,0,,,,,Unknown,"Mixed or unknown",Unknown,"Unspecified location near Ba`r Al-Ratam south of Al-Harsha, Zawiyah, Libya","LRC, Akhbar Libya","32.7632447, 12.736464",,"https://archive.ph/97Yei, https://perma.cc/Q3K6-JNMZ","Northern Africa",4
2025.MMP0120,2025.MMP0120,Europe,"Tue, 01/07/2025 - 12:00",2025,January,1,0,,,1,,"Western Asia","Vehicle accident / death linked to hazardous transport",Iraq,"A16 highway near Grand-Synthe, France","French Red Cross, DeltaFM, Francebleu","51.00366315, 2.304910413",,"https://archive.ph/gWnuI, https://archive.ph/uhAot","Western Europe",4
2025.MMP0121,2025.MMP0121,"Eastern Africa","Tue, 01/07/2025 - 12:00",2025,January,1,0,2,,1,,"Eastern Africa",Violence,Ethiopia,"Garowe, Somalia","IOM Somalia","8.24075, 48.28582","Eastern Route to/from EHOA",,"Eastern Africa",4
2025.MMP0122,2025.MMP0122,"Southern Asia","Thu, 01/30/2025 - 12:00",2025,January,1,0,,,1,,"Southern Asia",Violence,Afghanistan,"Unknown border area between Iran and Türkiye","Hasht-e Subh Daily (8AM. Media)","38.46091717, 44.324962","Iran to Türkiye",https://perma.cc/9HAD-Q57P,"Southern Asia",1
2025.MMP0123,2025.MMP0123,"Southern Asia","Wed, 03/12/2025 - 12:00",2025,March,1,0,3,,,1,"Southern Asia",Violence,Afghanistan,"On road nearby Shams Abad from Bampur, Sistan and Baluchestan province, Iran","Khaama Press, Haalvsh (via X.com)","27.17877715, 60.383704","Afghanistan to Iran","https://perma.cc/55BX-PAF5, https://perma.cc/62KK-AEDZ","Southern Asia",3
2025.MMP0124,2025.MMP0124,"Central America","Mon, 03/10/2025 - 12:00",2025,March,1,0,,,1,,"Latin America / Caribbean (P)",Drowning,Unknown,"Rio Bravo close to Ejido el Centinela,Piedras Negras, Coahuila, Mexico","Super Chanel 12,La Rancherita del Aire","28.7965769, -100.5336562","US-Mexico border crossing","https://perma.cc/Y6Z3-NRWE, https://perma.cc/DML9-NJBD, https://perma.cc/3V57-JXUS","Central America",3
2025.MMP0125,2025.MMP0125,Caribbean,"Mon, 03/03/2025 - 12:00",2025,March,1,14,10,1,,,"South America",Drowning,"Venezuela (Bolivarian Republic of)","In front of the Coast of Coro, Falcon, Delta del Amacuro, Venezuela","Kustwacht Caribisch Gebied (Dutch Caribbean Coast Guard), Secretaria de Seguridad de Falcon, OIM Guyana, Cactus 24, Diario Version Final, El Nacional, Curacao Chronicle","11.48501603, -69.6093726",,"https://archive.ph/YQknp, https://n9.cl/vtoyt, https://perma.cc/DJ3E-EWXV, https://perma.cc/UPL8-GPKJ, https://perma.cc/Q3AY-K8KH, https://archive.ph/QS1Jv",Caribbean,5
2025.MMP0126,2025.MMP0126,"Central America","Sun, 03/09/2025 - 12:00",2025,March,1,0,,,1,,"Central America",Violence,Nicaragua,"In front of the former Hogares Crea, Birrisito, Cartago, Costa Rica","La Prensa Nicaragua","9.853786318, -83.84429312",,https://perma.cc/8JUQ-G3WU,"Central America",1
2025.MMP0053,2025.MMP0053142,"Western Africa","Sun, 02/02/2025 - 12:00",2025,February,,21,,,21,,"Western Africa (P)","Harsh environmental conditions / lack of adequate shelter, food, water",Unknown,"Off Nouadhibou, Mauritania - departure from Nouadhibou on 25 Jan","IOM Mauritania, Sahara Media","21.12082671, -17.36939169","Western Africa / Atlantic route to the Canary Islands",https://archive.ph/9UBLI,Uncategorized,4
2025.MMP0076,2025.MMP0076,"Northern Africa","Tue, 02/11/2025 - 12:00",2025,February,1,2,77,,,,"Sub-Saharan Africa (P)",Drowning,Unknown,"12 miles south of La Restinga, El Hierro, Santa Cruz de Tenerife, Canary Islands, Spain","112 Canarias, El Mundo, El Diario, InfoMigrants","27.480557, -17.968847","Western Africa / Atlantic route to the Canary Islands","https://perma.cc/939Y-M5VV, https://perma.cc/ADK8-2S5U, https://perma.cc/4ZVX-E9VZ, https://perma.cc/ZTR9-ZTDF",Uncategorized,5
2025.MMP0129,2025.MMP0129,"Western Asia","Thu, 03/06/2025 - 12:00",2025,March,,31,,12,19,,"Eastern Africa",Drowning,Ethiopia,"Near Dhubab, Bani Al-Hakam sub-district, Taiz governorate, Yemen - EHOA-Yemen Crossing","IOM Yemen","12.928695, 43.376681","Eastern Route to/from EHOA",https://perma.cc/VQR8-4HGG,"Western Asia",4
2025.MMP0130,2025.MMP0130,Mediterranean,"Mon, 03/17/2025 - 12:00",2025,March,7,14,2,,21,,"Western Asia",Drowning,"Syrian Arab Republic","25 nautical miles off the coast of Cape Cavo Greco, Ayia Napa, Cyprus","Alarm Phone, Politis, Sigma Live, Phile News, Republic of Cyprus Ministry of Interior, IOM Lebanon","34.529582, 34.26135","Eastern Mediterranean","https://perma.cc/VY82-PXZ2, https://perma.cc/F8BS-JY8N. https://perma.cc/VC38-GAD8, https://archive.ph/WdAmx, https://perma.cc/WBG5-F9MJ",Uncategorized,5
2025.MMP0132,2025.MMP0132,Mediterranean,"Thu, 03/13/2025 - 12:00",2025,March,,1,4,,1,,"Northern Africa",Drowning,Morocco,"Off the coast of Benzu, Ceuta, Spain","Infobae, El Faro de Ceuta, Al-Badil","35.91703, -5.37476","Western Mediterranean","https://perma.cc/7D5F-2R2V, https://perma.cc/ZKQ5-KSCS, https://perma.cc/P4RS-F8KM, https://perma.cc/P7CS-NU3W, https://perma.cc/H6AV-XRJ7",Uncategorized,3
2025.MMP0133,2025.MMP0133,Mediterranean,"Tue, 03/18/2025 - 12:00",2025,March,6,40,10,,6,,"Western Africa",Drowning,Mixed/Unknown,"Near the islet of Lampione, approximately 18 nautical miles from Lampedusa, Italy","Angela Caponnetto X, Vivere, Sky tg24, IOM Italy, Ansa.it, Palermo Repubblica, N'Zui Manto Telegram via Seneweb Reports","35.54876, 12.319675","Central Mediterranean","https://perma.cc/A58H-DM2Q, https://perma.cc/G4VY-P6CU, https://perma.cc/MU83-24W7, https://perma.cc/J4AZ-QRNS, https://perma.cc/M62B-REHF, https://perma.cc/M62B-REHF, https://perma.cc/ST6D-U3QH",Uncategorized,4
2025.MMP0134,2025.MMP0134,Mediterranean,"Sat, 03/08/2025 - 12:00",2025,March,1,0,,,,,Unknown,Drowning,Unknown,"Remain washed ashore near Espan Sea Port, Al-Zawiya, Libya","LRC Al-Zawiya, IOM Libya","32.79292116, 12.7266292","Central Mediterranean",https://perma.cc/TGE6-QF5M,Uncategorized,4
2025.MMP0135,2025.MMP0135,Mediterranean,"Sat, 03/15/2025 - 12:00",2025,March,3,0,,,,,Unknown,Drowning,Unknown,"Remains washed ashore near Espan Sea Port, Al-Zawiya, Libya","LRC Al-Zawiya, IOM Libya","32.79279859, 12.72669665","Central Mediterranean",https://perma.cc/3Z96-AZ4K,Uncategorized,4
2025.MMP0136,2025.MMP0136,Mediterranean,"Tue, 03/11/2025 - 12:00",2025,March,,1,118,,1,,"Western Africa",Drowning,Ghana,"Unspecified location off the coast of Libya with disembarkation Al-Shaab Port, Libya","IOM Libya","32.65300343, 18.133206","Central Mediterranean",,Uncategorized,4
2025.MMP0137,2025.MMP0137,"Western Asia","Mon, 03/03/2025 - 12:00",2025,March,3,0,5,,,,"Eastern Africa",Violence,Ethiopia,"Imran-Mudaribah wa Ras Al-Ara road, Duhubab district of Ta’iz governorate, Yemen","IOM Yemen","12.94236138, 43.41320467","Eastern Route to/from EHOA",,"Western Asia",4
2025.MMP0138,2025.MMP0138,Mediterranean,"Sun, 03/16/2025 - 12:00",2025,March,18,0,612,2,16,,"Western Africa",Drowning,Mixed/Unknown,"Multiple unspecified locations in the Mediterranean east of Sfax, Tunisia","IOM Tunisia, Tunisia General Directorate of the National Guard, France24, Reuters, Le Monde","35.09288, 11.913457","Central Mediterranean","https://perma.cc/MYC3-N3J3, https://archive.ph/0ttkX, https://perma.cc/BRC3-59CJ",Uncategorized,5
2025.MMP0139,2025.MMP0139,Europe,"Wed, 03/19/2025 - 12:00",2025,March,1,0,,,1,,Unknown,"Harsh environmental conditions / lack of adequate shelter, food, water",Unknown,"Off the coast of Équihen-Plage, France - English Channel Crossing","Prefet Maritime de la Manche et de la Mer du Nord, franceinfo, Le Parisien, Reuters, Calais Border Monitoring","50.678466, 1.564299","Mainland Europe to the UK","https://perma.cc/LR6X-Z3AM, https://perma.cc/3VB2-8QUJ, https://perma.cc/9W26-4KCJ, https://perma.cc/9LPW-PA4G, https://perma.cc/WLP7-EJ7G, https://perma.cc/AW6W-YWN7",Uncategorized,5
2025.MMP0142,2025.MMP0142,Mediterranean,"Fri, 02/21/2025 - 12:00",2025,February,5,17,,5,20,,"Eastern Africa",Drowning,Somalia,"Unknown location after departure from Boumerdés, Algeria towards Balearic Islands","NouDiari, InfoBae, Alarm Phone, IOM Spain","36.200478, -0.551291","Western Mediterranean","https://perma.cc/566J-HYFR, https://perma.cc/9VNM-4CK7, https://perma.cc/543B-SZBM, https://perma.cc/5BLQ-L824",Uncategorized,4
2025.MMP0143,2025.MMP0143,Mediterranean,"Wed, 03/19/2025 - 12:00",2025,March,1,0,,,1,,"Northern Africa",Drowning,Morocco,"Remains recovered near Playa Juan XXIII, Ceuta, Spain","Francisco Jose Clemente Martin Facebook, El Faro de Ceuta, La Verdad Ceuta, RTVCE","35.895825, -5.334495","Western Mediterranean","https://perma.cc/LY2U-ZJFK, https://perma.cc/3T5H-7MMJ, https://perma.cc/Y982-YKXH, https://perma.cc/BLP6-JJEU",Uncategorized,4
2025.MMP0144,2025.MMP0144,Mediterranean,"Wed, 03/05/2025 - 12:00",2025,March,1,0,,,1,,"Northern Africa",Drowning,Morocco,"Remains recovered near La Caracola, Fuengirola, Málaga, Spain","ABC de Malaga, Francisco Jose Clemente Martin Facebook","36.536659, -4.621558","Western Mediterranean","https://perma.cc/TRV2-RBD6, https://perma.cc/LY2U-ZJFK",Uncategorized,4
2025.MMP0145,2025.MMP0145,Europe,"Thu, 03/20/2025 - 12:00",2025,March,1,0,15,,1,,"Western Asia",Drowning,Türkiye,"Unspecified location of the coast of Gravelines, France - English Channel crossing","La Provence, de la préfecture maritime de la Manche et de la mer du Nord, Calais Border Monitoring, Calais Migrant Solidarity, The Mirror","51.032538, 2.115447","Mainland Europe to the UK","https://perma.cc/AZF7-REW5, https://perma.cc/BPD5-8MTD, https://perma.cc/AW6W-YWN7, https://perma.cc/7WLE-EGZR, https://perma.cc/3EYW-63WH, https://perma.cc/KZ95-2WZM",Uncategorized,5
2025.MMP0146,2025.MMP0146,"Central America","Sat, 02/22/2025 - 12:00",2025,February,,2,,1,,1,"Central America","Mixed or unknown",Honduras,"Undeterminded location in Coatzacoalcos, Veracruz, Mexico","E Veracruz MX, El Piñero MX","18.15643133, -94.42044677",,"https://perma.cc/D3TQ-Q8VF, https://perma.cc/JGZ5-7B97","Central America",3
2025.MMP0147,2025.MMP0147,"Central America","Fri, 02/21/2025 - 12:00",2025,February,,4,,3,,1,Caribbean,"Mixed or unknown",Cuba,"Undeterminded location in Tonalá, Chiapas, Mexico","Cibercuba, Periodico Cubano","16.07734752, -93.76394184",,"https://perma.cc/SHW8-UHRS, https://archive.ph/mJoFu","Central America",3
2025.MMP2325,2025.MMP2325,"Western Africa","Sat, 02/15/2025 - 12:00",2025,February,,60,,,,,"Western Africa (P)",Drowning,Unknown,"Unspecfied location between Mauritania and the Canary Islands","Alarm Phone","22.4497579, -23.19216866","Western Africa / Atlantic route to the Canary Islands","https://perma.cc/7JNS-VBE7, https://perma.cc/5FED-T2FJ, https://perma.cc/A2EN-62MR",Uncategorized,4
2025.MMP0149,2025.MMP0149,Mediterranean,"Sun, 03/23/2025 - 12:00",2025,March,1,0,,,1,,"Northern Africa",Drowning,Morocco,"Remains recovered off Bahía Sur in the Strait of Gibralter, 19.3 kilometers off the coast of Ceuta, Spain","Telecinco, El Confidencial, Infobae, Hespress, Francisco Jose Clemente Martin","36.1084093, -5.404323017","Western Mediterranean","https://archive.ph/rZVkH, https://perma.cc/9UD3-UU5F, https://perma.cc/X9KD-2BJU, https://perma.cc/42V5-W8N9, https://perma.cc/ZGU5-8DLR?type=standard",Uncategorized,4
2025.MMP0150,2025.MMP0150,Mediterranean,"Sat, 03/22/2025 - 12:00",2025,March,1,0,18,,1,,"Western Asia (P)",Drowning,Unknown,"Off the southeastern coast of Farmakonisi, Leros, Greece","HCG, eKathimerini, InfoMigrants","37.269575, 27.11354","Eastern Mediterranean","https://archive.ph/QM6bJ, https://perma.cc/GC8A-NVGQ, https://archive.ph/DdEMj",Uncategorized,5
2025.MMP0151,2025.MMP0151,"North America","Fri, 03/14/2025 - 12:00",2025,March,1,0,1,1,,,"Latin America / Caribbean (P)","Harsh environmental conditions / lack of adequate shelter, food, water",Unknown,"Unspecified location near the Cuchama Truck Trail, Otay Wilderness, San Diego County, California","U. S. Customs and Border Protection (USBP) press release, The Latin Times, NBC San Diego, The Guardian","32.599101, -116.805522","US-Mexico border crossing","https://perma.cc/R65K-5DL2, https://perma.cc/8YL2-E9MF, https://perma.cc/X9TF-MPHY, https://perma.cc/7KVS-G6TK","Northern America",5
2025.MMP0152,2025.MMP0152,"North America","Fri, 03/14/2025 - 12:00",2025,March,2,0,1,,2,,"Latin America / Caribbean (P)","Harsh environmental conditions / lack of adequate shelter, food, water",Unknown,"Unspecified location in the Otay Wilderness, San Diego County, California","U. S. Customs and Border Protection (USBP) press release, The Latin Times, NBC San Diego, The Guardian","32.583592, -116.833094","US-Mexico border crossing","https://perma.cc/R65K-5DL2, https://perma.cc/8YL2-E9MF, https://perma.cc/X9TF-MPHY, https://perma.cc/7KVS-G6TK","Northern America",5
2025.MMP0153,2025.MMP0153,Mediterranean,"Sun, 03/16/2025 - 12:00",2025,March,1,0,,,,,Unknown,Drowning,Unknown,"Remain washed ashore near Espan Sea Port, Al-Zawiya, Libya","LRC Al-Zawiya, IOM Libya","32.79283918, 12.72663227","Central Mediterranean",https://perma.cc/B2SZ-GEKU,Uncategorized,4
2025.MMP0154,2025.MMP0154,Mediterranean,"Fri, 03/21/2025 - 12:00",2025,March,1,0,,,,,Unknown,Drowning,Unknown,"Remain washed ashore near Espan area, Al-Zawiya, Libya","LRC Al-Zawiya","32.79262939, 12.7268978","Central Mediterranean",https://perma.cc/GH2G-U3HG,Uncategorized,4
2025.MMP0155,2025.MMP0155172,Mediterranean,"Thu, 03/20/2025 - 12:00",2025,March,,5,,,,,"Eastern Africa",Drowning,Ethiopia,"Unspecified location off the coasts of Zarsis, South of Tunisia - boat embarked from Libya","Humanitarian Partner","33.50213511, 11.12120993","Central Mediterranean",,Uncategorized,4
2025.MMP0155,2025.MMP0155173,Mediterranean,"Thu, 03/20/2025 - 12:00",2025,March,,4,31,,,,"Northern Africa",Drowning,Sudan,"Unspecified location off the coasts of Zarsis, South of Tunisia - boat embarked from Libya","Humanitarian Partner","33.50213511, 11.12120993","Central Mediterranean",,Uncategorized,4
2025.MMP0155,2025.MMP0155174,Mediterranean,"Thu, 03/20/2025 - 12:00",2025,March,,3,,,,,"Western Africa",Drowning,"Burkina Faso","Unspecified location off the coasts of Zarsis, South of Tunisia - boat embarked from Libya","Humanitarian Partner","33.50213511, 11.12120993","Central Mediterranean",,Uncategorized,4
2025.MMP0155,2025.MMP0155175,Mediterranean,"Thu, 03/20/2025 - 12:00",2025,March,,1,,,,,"Western Africa",Drowning,Nigeria,"Unspecified location off the coasts of Zarsis, South of Tunisia - boat embarked from Libya","Humanitarian Partner","33.50213511, 11.12120993","Central Mediterranean",,Uncategorized,4
2025.MMP0155,2025.MMP0155176,Mediterranean,"Thu, 03/20/2025 - 12:00",2025,March,,1,,,,,"Eastern Africa",Drowning,"South Sudan","Unspecified location off the coasts of Zarsis, South of Tunisia - boat embarked from Libya","Humanitarian Partner","33.50213511, 11.12120993","Central Mediterranean",,Uncategorized,4
2025.MMP0156,2025.MMP0156,Mediterranean,"Wed, 03/26/2025 - 12:00",2025,March,1,0,7,,1,,"Northern Africa","Mixed or unknown",Algeria,"Near Playa Cala de Enmedio near Cabo de Gata-Níjar, Alermia, Spain","NadorCity, Europa Press, Diario de Almeria, Francisco Jose Clemente Martin","36.74171219, -2.121299896","Western Mediterranean","https://perma.cc/4EAC-AFB6, https://perma.cc/9HCX-DJVA, https://perma.cc/5A9H-GFV7, https://perma.cc/ZGU5-8DLR?type=standard, https://perma.cc/9SDU-P7QY?type=standard",Uncategorized,4
2025.MMP0157,2025.MMP0157,"Northern Africa","Sun, 03/16/2025 - 12:00",2025,March,3,0,6,2,1,,"Northern Africa","Vehicle accident / death linked to hazardous transport",Sudan,"Car overturned approximately 90 kilometers north of Kufra, Libya","IOM Libya, Libyan Observer","24.96100756, 23.04966142","Sahara Desert crossing",https://perma.cc/L9RY-HME9,"Northern Africa",4
2025.MMP0158,2025.MMP0158,Caribbean,"Fri, 03/21/2025 - 12:00",2025,March,2,0,16,,2,,Caribbean,"Vehicle accident / death linked to hazardous transport",Haiti,"Highway 31 in front of El Cayucal Comunity (Comunidad de El Cayucal), Guayubín, Dominican Republic","El Caribe.Dom, Noticias Sin Republica Dominicana,Telenoticas Do, Noticias Telemicro","19.64755594, -71.39383541",,"https://perma.cc/P4PC-3GFQ, https://perma.cc/YSK5-3D45, https://perma.cc/5W49-KL4N, https://perma.cc/X3XF-7NQT",Caribbean,3
2025.MMP0159,2025.MMP0159,"South America","Sun, 03/23/2025 - 12:00",2025,March,1,0,,,1,,"South America","Mixed or unknown","Venezuela (Bolivarian Republic of)","At the foot of the ""Ovalo del León"", Tacna, Perú","Diario Sin Fronteras Tacna, El Correo Perú","-18.00201433, -70.26289554",,"https://perma.cc/8TW2-JZ98, https://perma.cc/T8AL-FDYT","South America",3
2025.MMP0160,2025.MMP0160,"Southern Asia","Sat, 03/22/2025 - 12:00",2025,March,4,26,25,3,,1,"South-eastern Asia",Drowning,Myanmar,"Naf River, nearby Shah Porir Dwip, Teknaf Upazila, Bangladesh","UNHCR, Rohingya Khobor, Bdnews24, The Business Standard, The Daily Star","20.77759723, 92.343656","Naf River crossing","https://perma.cc/S85D-QF98, https://perma.cc/B6Q9-NX26, https://perma.cc/86KA-PXGJ, https://perma.cc/W7U8-VWRB","Southern Asia",4
2025.MMP0161,2025.MMP0161,Mediterranean,"Sun, 03/30/2025 - 12:00",2025,March,1,0,35,,,,Unknown,"Mixed or unknown",Unknown,"Died in hospital after arrival at Cala Mochuela, Almeria, Spain",EuropaPress,"37.301593, -1.711950186","Western Mediterranean",https://archive.ph/ZTKwI,Uncategorized,1
2025.MMP0162,2025.MMP0162,Mediterranean,"Mon, 03/24/2025 - 12:00",2025,March,1,0,22,,1,,"Northern Africa",Drowning,Morocco,"Fell into sea as boat approached Los Muertos beach, Carboneras, Almeria, Spain","EuropaPress, Francisco Jose Clemente Martin","36.95318545, -1.898219848","Western Mediterranean","https://archive.ph/ZTKwI, https://perma.cc/ZGU5-8DLR?type=standard, https://perma.cc/R2AZ-6CUR",Uncategorized,4
2025.MMP0164,2025.MMP0164,Mediterranean,"Thu, 04/03/2025 - 12:00",2025,April,7,1,23,4,2,3,"Southern Asia",Drowning,Afghanistan,"Unspecified location off the coast of Skala Sikamineas, Lesvos, Greece","Hellenic Coast Guard,  IOM Greece, DW","39.3888503, 26.30285572","Eastern Mediterranean","https://archive.ph/haG7a, https://perma.cc/F3LF-9A9Q",Uncategorized,5
2025.MMP0165,2025.MMP0165,Mediterranean,"Thu, 04/03/2025 - 12:00",2025,April,9,1,25,,,,Unknown,Drowning,Unknown,"Off Ayvacık, Çanakkale, Türkiye","Turkish Coast Guard","39.45656027, 26.44934081","Eastern Mediterranean",https://perma.cc/HQW6-YRTZ,Uncategorized,5
2025.MMP0166,2025.MMP0166,"South-eastern Asia","Thu, 04/03/2025 - 12:00",2025,April,1,0,24,,1,,"South-eastern Asia","Vehicle accident / death linked to hazardous transport","Lao People's Democratic Republic","On the Roi Et-Wapi Pathum road before Chok Chareon Wapi Pathum company, Nong Hai, Wapi Pathum district, Maha Sarakham province","Wapi Pathum Rescue","15.87011031, 103.4182196",,https://perma.cc/M2PG-ENQ6,"South-eastern Asia",4
2025.MMP0167,2025.MMP0167,Mediterranean,"Sat, 04/05/2025 - 12:00",2025,April,1,0,25,,,,Unknown,"Mixed or unknown",Unknown,"Off Kaş, Antalya, Türkiye","Turkish Coast Guard","36.18176657, 29.21368033","Eastern Mediterranean",https://perma.cc/SR4R-X4CX,Uncategorized,5
2025.MMP0168,2025.MMP0168,Mediterranean,"Sat, 04/05/2025 - 12:00",2025,April,2,19,9,,21,,"Eastern Africa",Drowning,Eritrea,"Unspecified location near Zuwara, Libya","IOM Libya","32.95697594, 12.06632757","Central Mediterranean",,Uncategorized,4
2025.MMP0169,2025.MMP0169,"North America","Wed, 01/01/2025 - 12:00",2025,January,1,0,,,,,"Latin America / Caribbean (P)","Mixed or unknown",Unknown,"Desert area near Ajo, Pima county, Arizona, United States of America","Pima County Office of the Medical Examiner","32.2486, -113.08326","US-Mexico border crossing",,"Northern America",5
2025.MMP0170,2025.MMP0170190,Mediterranean,"Sat, 04/05/2025 - 12:00",2025,April,,24,,2,20,2,"Western Africa",Drowning,Ghana,"Unspecified location near Qaraboli, Tripoli, Libya - embarkation on 1 Apr","IOM Libya","32.91002772, 13.17546016","Central Mediterranean",,Uncategorized,4
2025.MMP0170,2025.MMP0170191,Mediterranean,"Sat, 04/05/2025 - 12:00",2025,April,,24,16,3,19,2,"Western Africa",Drowning,Nigeria,"Unspecified location near Qaraboli, Tripoli, Libya - embarkation on 1 Apr","IOM Libya","32.91002772, 13.17546016","Central Mediterranean",,Uncategorized,4
2025.MMP0171,2025.MMP0171,"South America","Sat, 04/05/2025 - 12:00",2025,April,1,0,,,1,,"South America",Violence,"Venezuela (Bolivarian Republic of)","Barbershop in undetermined location in Valparaiso, Chile","El Nacional","-33.04715645, -71.61259236",,https://perma.cc/M2B4-KTHW,"South America",1
2025.MMP0172,2025.MMP0172,"North America","Tue, 01/07/2025 - 12:00",2025,January,1,0,,,1,,"Latin America / Caribbean (P)","Mixed or unknown",Unknown,"Desert area near Arivaca, Pima county, Arizona, United States of America","Pima County Office of the Medical Examiner","31.5513, -111.1793","US-Mexico border crossing",,"Northern America",5
2025.MMP0173,2025.MMP0173,"North America","Thu, 01/09/2025 - 12:00",2025,January,1,0,,,1,,"Latin America / Caribbean (P)","Mixed or unknown",Unknown,"Desert area near Arivaca, Pima county, Arizona, United States of America","Pima County Office of the Medical Examiner","31.52896, -111.29363","US-Mexico border crossing",,"Northern America",5
2025.MMP0174,2025.MMP0174,"North America","Mon, 01/13/2025 - 12:00",2025,January,1,0,,1,,,"Central America","Sickness / lack of access to adequate healthcare",Unknown,"Desert area near Nogales, Santa Cruz county, Arizona, United States of America","Pima County Office of the Medical Examiner","31.38451, -111.23666","US-Mexico border crossing",,"Northern America",5
2025.MMP0175,2025.MMP0175,"North America","Tue, 01/14/2025 - 12:00",2025,January,1,0,,,1,,"Latin America / Caribbean (P)","Mixed or unknown",Unknown,"Desert area near Marana, Pima county, Arizona, United States of America","Pima County Office of the Medical Examiner","32.38472, -111.50666","US-Mexico border crossing",,"Northern America",5
2025.MMP0176,2025.MMP0176,"North America","Tue, 01/14/2025 - 12:00",2025,January,1,0,,,1,,"Latin America / Caribbean (P)","Mixed or unknown",Unknown,"Desert area near Sells, Pima county, Arizona, United States of America","Pima County Office of the Medical Examiner","31.724381, -111.961717","US-Mexico border crossing",,"Northern America",5
2025.MMP0177,2025.MMP0177,"North America","Fri, 01/17/2025 - 12:00",2025,January,1,0,,1,,,"Central America","Harsh environmental conditions / lack of adequate shelter, food, water",Unknown,"Desert area near Patagonia, Santa Cruz county, Arizona, United States of America","Pima County Office of the Medical Examiner","31.61643, -110.75215","US-Mexico border crossing",,"Northern America",5
2025.MMP0178,2025.MMP0178,"North America","Wed, 01/22/2025 - 12:00",2025,January,1,0,,,1,,"Latin America / Caribbean (P)","Mixed or unknown",Unknown,"Desert area near Sells, Pima county, Arizona, United States of America","Pima County Office of the Medical Examiner","32.038233, -112.52405","US-Mexico border crossing",,"Northern America",5
2025.MMP0179,2025.MMP0179,"North America","Sat, 02/08/2025 - 12:00",2025,February,1,0,,,1,,"Latin America / Caribbean (P)","Mixed or unknown",Unknown,"Desert area near Ajo, Pima county, Arizona, United States of America","Pima County Office of the Medical Examiner","32.32931, -113.11852","US-Mexico border crossing",,"Northern America",5
2025.MMP0180,2025.MMP0180,"North America","Sat, 02/08/2025 - 12:00",2025,February,1,0,,,,,"Latin America / Caribbean (P)","Mixed or unknown",Unknown,"Desert area near Ajo, Pima county, Arizona, United States of America","Pima County Office of the Medical Examiner","32.32619, -113.107225","US-Mexico border crossing",,"Northern America",5
2025.MMP0181,2025.MMP0181,"North America","Sat, 02/08/2025 - 12:00",2025,February,1,0,,,1,,"Latin America / Caribbean (P)","Mixed or unknown",Unknown,"Desert area near Ajo, Pima county, Arizona, United States of America","Pima County Office of the Medical Examiner","32.32518, -113.12067","US-Mexico border crossing",,"Northern America",5
2025.MMP0182,2025.MMP0182,"North America","Sat, 02/08/2025 - 12:00",2025,February,1,0,,,,,"Latin America / Caribbean (P)","Mixed or unknown",Unknown,"Desert area near Ajo, Pima county, Arizona, United States of America","Pima County Office of the Medical Examiner","32.31672, -113.12092","US-Mexico border crossing",,"Northern America",5
2025.MMP0183,2025.MMP0183,"North America","Sat, 02/08/2025 - 12:00",2025,February,1,0,,,1,,"Latin America / Caribbean (P)","Mixed or unknown",Unknown,"Desert area near Ajo, Pima county, Arizona, United States of America","Pima County Office of the Medical Examiner","32.31579, -113.12024","US-Mexico border crossing",,"Northern America",5
2025.MMP0184,2025.MMP0184,"North America","Sat, 02/08/2025 - 12:00",2025,February,1,0,,,1,,"Latin America / Caribbean (P)","Mixed or unknown",Unknown,"Desert area near Ajo, Pima county, Arizona, United States of America","Pima County Office of the Medical Examiner","32.314365, -113.124272","US-Mexico border crossing",,"Northern America",5
2025.MMP0185,2025.MMP0185,"North America","Sat, 02/08/2025 - 12:00",2025,February,1,0,,,1,,"Latin America / Caribbean (P)","Mixed or unknown",Unknown,"Desert area near Ajo, Pima county, Arizona, United States of America","Pima County Office of the Medical Examiner","32.316303, -113.130572","US-Mexico border crossing",,"Northern America",5
2025.MMP0186,2025.MMP0186,"North America","Sat, 02/08/2025 - 12:00",2025,February,1,0,,,1,,"Latin America / Caribbean (P)","Mixed or unknown",Unknown,"Desert area near Ajo, Pima county, Arizona, United States of America","Pima County Office of the Medical Examiner","32.3175, -113.14106","US-Mexico border crossing",,"Northern America",5
2025.MMP0187,2025.MMP0187,"North America","Sat, 02/08/2025 - 12:00",2025,February,1,0,,,,,"Latin America / Caribbean (P)","Mixed or unknown",Unknown,"Desert area near Ajo, Pima county, Arizona, United States of America","Pima County Office of the Medical Examiner","32.33195, -113.12635","US-Mexico border crossing",,"Northern America",5
2025.MMP0188,2025.MMP0188,"North America","Sat, 02/08/2025 - 12:00",2025,February,1,0,,,1,,"Latin America / Caribbean (P)","Mixed or unknown",Unknown,"Desert area near Ajo, Pima county, Arizona, United States of America","Pima County Office of the Medical Examiner","32.32902, -113.12133","US-Mexico border crossing",,"Northern America",5
2025.MMP0189,2025.MMP0189,"North America","Mon, 02/24/2025 - 12:00",2025,February,1,0,,,,,"Latin America / Caribbean (P)","Mixed or unknown",Unknown,"Desert area near Tucson, Pima county, Arizona, United States of America","Pima County Office of the Medical Examiner","32.076477, -110.89637","US-Mexico border crossing",,"Northern America",5
2025.MMP0190,2025.MMP0190,"Northern Africa","Tue, 02/25/2025 - 12:00",2025,February,2,0,,1,1,,"Sub-Saharan Africa","Mixed or unknown",Unknown,"Unspecified location in Zanoush, Gafsa, Tunisia","Al-Quds, Assabah News","34.4322657, 8.777264372",,"https://perma.cc/8SZ6-4F6A, https://perma.cc/VRB8-U9EJ","Northern Africa",3
2025.MMP0191,2025.MMP0191,"North America","Mon, 03/10/2025 - 12:00",2025,March,1,0,,,1,,"Latin America / Caribbean (P)","Mixed or unknown",Unknown,"Desert area near Ajo, Pima county, Arizona, United States of America","Pima County Office of the Medical Examiner","32.3814, -113.12311","US-Mexico border crossing",,"Northern America",5
2025.MMP0192,2025.MMP0192,"North America","Mon, 03/10/2025 - 12:00",2025,March,1,0,,,1,,"Latin America / Caribbean (P)","Mixed or unknown",Unknown,"Desert area near Ajo, Pima county, Arizona, United States of America","Pima County Office of the Medical Examiner","32.3814, -113.12311","US-Mexico border crossing",,"Northern America",5
2025.MMP0193,2025.MMP0193,"North America","Wed, 03/12/2025 - 12:00",2025,March,1,0,,,1,,"Latin America / Caribbean (P)","Mixed or unknown",Unknown,"Desert area near Charco, Pima county, Arizona, United States of America","Pima County Office of the Medical Examiner","32.336, -112.55177","US-Mexico border crossing",,"Northern America",5
2025.MMP0194,2025.MMP0194,"North America","Wed, 03/12/2025 - 12:00",2025,March,1,0,,,1,,"Latin America / Caribbean (P)","Mixed or unknown",Unknown,"Desert area near Ajo, Pima county, Arizona, United States of America","Pima County Office of the Medical Examiner","32.38184, -113.12317","US-Mexico border crossing",,"Northern America",5
2025.MMP0195,2025.MMP0195,"North America","Mon, 03/17/2025 - 12:00",2025,March,1,0,,1,,,"Latin America / Caribbean (P)","Mixed or unknown",Unknown,"Desert area near San Simon, Cochise county, Arizona, United States of America","Pima County Office of the Medical Examiner","31.716677, -109.116728","US-Mexico border crossing",,"Northern America",5
2025.MMP0196,2025.MMP0196,"North America","Mon, 03/24/2025 - 12:00",2025,March,1,0,,,1,,"Latin America / Caribbean (P)","Mixed or unknown",Unknown,"Desert area near Ajo, Pima county, Arizona, United States of America","Pima County Office of the Medical Examiner","32.4477, -113.10842","US-Mexico border crossing",,"Northern America",5
2025.MMP0198,2025.MMP0198,"South America","Wed, 04/02/2025 - 12:00",2025,April,5,0,1,3,2,,"South America","Vehicle accident / death linked to hazardous transport","Venezuela (Bolivarian Republic of)","Kilómetro 49+245, en el sector El Comino, Caldas, Antoquia, Colombia","El Pitazo, El Colombiano, Primicia","6.032600902, -75.6236143",,"https://archive.ph/g93cY, https://perma.cc/4X4S-WQAJ, https://archive.ph/EH3AW, https://archive.ph/Qt3MV","South America",3
2025.MMP0212,2025.MMP0212219,Mediterranean,"Wed, 04/16/2025 - 12:00",2025,April,7,0,,,,,Unknown,Drowning,Unknown,"Off Harawah near Sirte, Libya","IOM Libya, Pakistan PM  Shehbaz Sharif","31.76081811, 17.4336466","Central Mediterranean",https://perma.cc/96DT-CRRL,Uncategorized,5
2025.MMP0212,2025.MMP0212220,Mediterranean,"Wed, 04/16/2025 - 12:00",2025,April,4,0,,,,,"Southern Asia",Drowning,Pakistan,"Off Harawah near Sirte, Libya","IOM Libya, Pakistan PM  Shehbaz Sharif","31.76081811, 17.4336466","Central Mediterranean",https://perma.cc/96DT-CRRL,Uncategorized,5
2025.MMP0213,2025.MMP0213,Europe,"Fri, 04/18/2025 - 12:00",2025,April,1,0,,,1,,Unknown,"Mixed or unknown",Unknown,"British SRR off Dover, Kent, United Kingdom - departure from Cap Blanc-Nez - English Channel crossing","BBC, Sky News, Prefet Maritime de la Manche et de la Mer du Nord","51.07442409, 1.40955782","Mainland Europe to the UK","https://perma.cc/2QSX-NT4G, https://perma.cc/2PFL-6KBL, https://perma.cc/F5KG-84MY",Uncategorized,5
2025.MMP0214,2025.MMP0214,"Northern Africa","Wed, 04/09/2025 - 12:00",2025,April,1,0,,,1,,"Western Africa",Violence,Guinea,"A makeshift migrant camp in Al-Zaytoun area, El Amra, Sfax Governorate, Tunisia","National Guard spokesman Hossam Eddine Jebabli, Radio Tunisie, Swiss Info","34.98696601, 10.90187428",,"https://perma.cc/BDT7-L5GA, https://perma.cc/77XN-8SKH","Northern Africa",5
2025.MMP0215,2025.MMP0215,"Northern Africa","Sun, 04/13/2025 - 12:00",2025,April,1,0,1,,1,,"Sub-Saharan Africa",Drowning,Unknown,"In Midlet, Morocco en route to Ceuta","Hespress, IPress","32.83659432, -4.967326053","Western Mediterranean","https://perma.cc/PA22-TR4R, https://perma.cc/GN6E-Y8LN","Northern Africa",3
2025.MMP0216,2025.MMP0216,Mediterranean,"Mon, 04/14/2025 - 12:00",2025,April,2,0,40,2,,,Unknown,Drowning,Unknown,"Found on southeastern coast of Farmakonisi, Greece after shipwreck","Hellenic Coast Guard","37.27833941, 27.10138751","Eastern Mediterranean",https://archive.ph/g8erG,Uncategorized,5
2025.MMP0217,2025.MMP0217225,"Northern Africa","Mon, 04/14/2025 - 12:00",2025,April,3,0,,,,,Unknown,"Mixed or unknown",Unknown,"Unspecified location in Al-Jafrah deseret near Zella, Jufrah District, Libya","General Authority for Research and Identification of Missing Persons, Al Arabiyya","28.85196749, 17.4792061","Sahara Desert crossing","https://archive.ph/mol5o, https://archive.ph/WVgWL","Northern Africa",5
2025.MMP0217,2025.MMP0217226,"Northern Africa","Sat, 04/19/2025 - 12:00",2025,April,4,0,,,,,Unknown,"Mixed or unknown",Unknown,"Unspecified location in Al-Jafrah deseret near Al-Ghani Oil field and Zella, Jufrah District, Libya","General Authority for Research and Identification of Missing Persons , Al-wasat, Al Arabiyya","28.85196749, 17.4792061","Sahara Desert crossing","https://archive.ph/z7cu8, https://perma.cc/GN5G-4A3N, https://archive.ph/WVgWL","Northern Africa",5
2025.MMP0217,2025.MMP0217227,"Northern Africa","Wed, 04/23/2025 - 12:00",2025,April,1,0,,,,,Unknown,"Mixed or unknown",Unknown,"Unspecified location in Al-Jafrah deseret near Zella, Jufrah District, Libya","Jufrah Security Directorate, Al Arabiyya","28.85196749, 17.4792061","Sahara Desert crossing","https://archive.ph/eADEv, https://archive.ph/WVgWL","Northern Africa",5
2025.MMP0218,2025.MMP0218,Europe,"Wed, 01/22/2025 - 12:00",2025,January,1,0,,,1,,"Western Asia",Violence,Iraq,"Unspecified location near the Latvian border, Belarus","The New Region, Al Jeebal, bne IntelliNews","55.89644056, 27.65490535","Belarus-EU border","https://perma.cc/CU34-V3ZX, https://perma.cc/322C-E6FW, https://perma.cc/XE5Z-EDJ9","Eastern Europe",3
2025.MMP0219,2025.MMP0219,"South-eastern Asia","Fri, 02/21/2025 - 12:00",2025,February,1,0,,,1,,"Southern Asia","Sickness / lack of access to adequate healthcare",India,"Unspecified location in Cambodia","The Times of India, BBC Punjabi, Hindustan Times, The Tribune","11.56042071, 104.9223077",,"https://perma.cc/C8T6-H4CD, https://perma.cc/4KK5-YXKR, https://perma.cc/4VPC-E9VE, https://perma.cc/ZB4S-5GXG, https://perma.cc/D5LB-3DAT","South-eastern Asia",3
2025.MMP0220,2025.MMP0220,"Eastern Asia","Thu, 02/20/2025 - 12:00",2025,February,3,0,,,3,,"Eastern Asia",Violence,"Democratic People's Republic of Korea","Executed in Songjong-ri, South Hwanghae province. The attempt was in an unspecified location on the Korean peninsula's west coast, possibly around South Hwanghae province","Radio Free Asia","38.26583, 125.19889",,"https://perma.cc/NTC2-58CA, https://perma.cc/ZBE6-4U6Q","Eastern Asia",1
2025.MMP0221,2025.MMP0221,"Southern Asia","Fri, 03/14/2025 - 12:00",2025,March,1,0,,,1,,"Southern Asia",Violence,Afghanistan,"Unspecified border area in Iran, bordering Nimroz, Afghanistan","Haalvsh (via X.com)","30.68513689, 61.63513762","Afghanistan to Iran",https://perma.cc/J6KX-7T9G,"Southern Asia",4
2025.MMP0222,2025.MMP0222,"Central America","Fri, 04/11/2025 - 12:00",2025,April,2,0,,,2,,"South America","Mixed or unknown",Colombia,"Former migrant Camp in Calzada Vallejo, Alcaldia Gustavo Madero, Ciudad de Mexico","El Universal,Infobae,El Pais,Aristegui Noticias,Proceso,","19.49719463, -99.15512473",,"https://perma.cc/T972-2CBK, https://perma.cc/AE74-7VN8, https://perma.cc/X5PE-7G6P, https://perma.cc/8TJS-6FEW, https://perma.cc/3TFE-PZPT, https://perma.cc/SX5R-R8DV","Central America",3
2025.MMP0223,2025.MMP0223,Caribbean,"Mon, 04/14/2025 - 12:00",2025,April,1,0,,,1,,Caribbean,"Accidental death",Haiti,"Building in Alta Gracia, Santo Domingo, Dominican Republic",Infobae,"18.47713548, -69.95911588",,https://perma.cc/5CSV-477Z,Caribbean,1
2025.MMP0224,2025.MMP0224,"North America","Tue, 01/07/2025 - 12:00",2025,January,2,0,,,2,,Caribbean,"Accidental death","Dominican Republic","Fort Lauderdale-Hollywood Airport, Broward County, Florida","Infobae, ABC News","26.07460736, -80.15102217",,"https://perma.cc/868S-7UTP, https://perma.cc/KW3K-ZE23","Northern America",3
2025.MMP0225,2025.MMP0225,"Central America","Fri, 04/18/2025 - 12:00",2025,April,1,0,,,1,,"Central America",Drowning,Mexico,"Rio Bravo close to Ejido Madero del Rio,Jimenez, Coahuila, Mexico","Zócalo, El Heraldo de Juarez,Tiempo, Radiza Digital","29.24923159, -100.8015028","US-Mexico border crossing","https://perma.cc/932Q-4ED2, https://perma.cc/S5S5-UEST, https://perma.cc/6MCQ-B8Y9, https://perma.cc/JH3Y-UA2G","Central America",3
2025.MMP0226,2025.MMP0226,Caribbean,"Wed, 04/16/2025 - 12:00",2025,April,1,0,2,,1,,Caribbean,"Vehicle accident / death linked to hazardous transport",Haiti,"On the carretera Manolo Tavárez, Cañongo, Dominican Republic","Diario Libre","19.62301367, -71.69198354",,https://perma.cc/Z84U-7U68,Caribbean,1
2025.MMP0227,2025.MMP0227,Mediterranean,"Sun, 04/27/2025 - 12:00",2025,April,8,0,29,,8,,"Western Africa",Drowning,Guinea,"Off the coasts of El Awabed, Sfax, Tunisia","General Directorate of the Tunisian National Guard, IOM Tunisia, TAP News Agency, InfoMigrants","34.62842335, 10.82986039","Central Mediterranean","https://archive.ph/Q1yYS, https://perma.cc/ZD64-83Q2, https://perma.cc/KWX8-4J65",Uncategorized,5
2025.MMP0228,2025.MMP0228,Mediterranean,"Tue, 04/29/2025 - 12:00",2025,April,1,0,,,,,Unknown,Drowning,Unknown,"Remains found in the rocks of the coast of Capo San Marco, Agrigento, Italy","ANSA, Giornale di Sicilia","38.19249779, 12.93920542","Central Mediterranean","https://perma.cc/JTJ7-ARK8, https://perma.cc/UQ85-XNLU",Uncategorized,3
2025.MMP0229,2025.MMP0229,"Southern Asia","Thu, 04/24/2025 - 12:00",2025,April,6,0,4,,6,,"Southern Asia","Vehicle accident / death linked to hazardous transport",Afghanistan,"On Baghin–Bardsir highway, around 5 km from Kerman city, Kerman province, Iran","Pajhwok Afghan News, Amu TV, Afghanistan International","30.1538685, 56.79415","Afghanistan to Iran","https://perma.cc/R4RZ-55DN, https://perma.cc/T263-5RYE, https://perma.cc/S7ZP-YEBN","Southern Asia",3
2025.MMP0230,2025.MMP0230,"Central America","Sun, 04/20/2025 - 12:00",2025,April,1,0,,,1,,"Central America",Drowning,Mexico,"Rio Bravo close to Ejido El Saucito,Guererro, Coahuila, Mexico","Vanguardia, El Sol de Laguna, La Rancherita del Aire","28.5335215, -100.404122","US-Mexico border crossing","https://perma.cc/UBF4-4K48, https://perma.cc/ZEM8-58V2, https://perma.cc/WK6E-RNXA","Central America",3
2025.MMP0231,2025.MMP0231,"North America","Thu, 03/20/2025 - 12:00",2025,March,1,0,,,1,,"Central America","Mixed or unknown",Nicaragua,"Off the Sault Ste. Marie River, Ontario, Canada","La Prensa de Nicaragua","46.5045062, -84.39877272",,https://archive.ph/XLGrC,"Northern America",1
2025.MMP0232,2025.MMP0232,"North America","Tue, 04/15/2025 - 12:00",2025,April,,1,,,1,,"Central America","Mixed or unknown",Mexico,"Undeterminded location close to La Noria, Big Bend National Park, Texas, United States of America","Super Channel 12","29.24988167, -103.0284702","US-Mexico border crossing",https://perma.cc/QRX7-823H,"Northern America",1
2025.MMP0233,2025.MMP0233,"Central America","Tue, 04/15/2025 - 12:00",2025,April,,3,,,3,,"Central America","Mixed or unknown",Guatemala,"Close to Tecún Uman Border Crossing (transboder area of Guatemala and Mexico) Ciudad Hidalgo, Chiapas, Mexico","Diario del Sur","14.67680652, -92.14851152",,https://perma.cc/PCL3-G6LE,"Central America",1
2025.MMP0234,2025.MMP0234,"Northern Africa","Wed, 04/23/2025 - 12:00",2025,April,12,0,,,12,,"Northern Africa","Vehicle accident / death linked to hazardous transport",Egypt,"Ajdabiya, Tobruk, Libya","IOM Libya Displacement Tracking Matrix, Libya Al-Khabar","30.18686056, 20.13227275",,https://perma.cc/J34C-8KRB,"Northern Africa",4
2025.MMP0235,2025.MMP0235,"Western Asia","Sat, 04/26/2025 - 12:00",2025,April,1,0,,,1,,"Western Asia","Sickness / lack of access to adequate healthcare",Yemen,"Unspecified location in Saudi Arabia near the Yemeni border","Saraya, Nabd, Sd-Misr, Red-Sea","17.35935059, 45.38081093",,"https://perma.cc/R2JL-EJPX, https://perma.cc/58W5-X35N, https://perma.cc/EB4C-MUNJ https://perma.cc/M3S9-4ECZ","Western Asia",3
2025.MMP0236,2025.MMP0236246,Mediterranean,"Sat, 04/26/2025 - 12:00",2025,April,28,6,1,2,44,,"Northern Africa",Drowning,Sudan,"Unspecifed location off the coasts of Sfax, Tunisia","Humanitarian Partner","34.71001747, 10.77497949","Central Mediterranean",,Uncategorized,4
2025.MMP0236,2025.MMP0236247,Mediterranean,"Sat, 04/26/2025 - 12:00",2025,April,,11,,1,7,3,"Western Africa",Drowning,Guinea,"Unspecifed location off the coasts of Sfax, Tunisia","Humanitarian Partner","34.71001747, 10.77497949","Central Mediterranean",,Uncategorized,4
2025.MMP0236,2025.MMP0236248,Mediterranean,"Sat, 04/26/2025 - 12:00",2025,April,,7,,,7,,"Western Asia",Drowning,Yemen,"Unspecifed location off the coasts of Sfax, Tunisia","Humanitarian Partner","34.71001747, 10.77497949","Central Mediterranean",,Uncategorized,4
2025.MMP0236,2025.MMP0236249,Mediterranean,"Sat, 04/26/2025 - 12:00",2025,April,,1,,,1,,"Western Africa",Drowning,Mauritania,"Unspecifed location off the coasts of Sfax, Tunisia","Humanitarian Partner","34.71001747, 10.77497949","Central Mediterranean",,Uncategorized,4
2025.MMP0237,2025.MMP0237,"Western Asia","Tue, 04/29/2025 - 12:00",2025,April,2,0,,1,1,,"Eastern Africa",Violence,Ethiopia,"Unspecifed location in Al-ein, Lawdar District,  Abyan Governorate, Yemen","Al-Masdar, Al-Nabd","13.88261529, 45.86776696","Eastern Route to/from EHOA","https://perma.cc/R4XF-DS6J, https://perma.cc/Z2TV-NWH2","Western Asia",3
2025.MMP0238,2025.MMP0238,Mediterranean,"Wed, 04/30/2025 - 12:00",2025,April,1,0,,,1,,"Northern Africa",Drowning,Algeria,"Remains washed ashore at Fnideq, Morocco - Ceuta crossing","HessPress, Agadir 24, Jomti, Tanja News","35.83880639, -5.352506489","Western Mediterranean","https://perma.cc/6WWF-SZ4S, https://perma.cc/2LRV-NZRQ, https://perma.cc/F6GN-EPP3, https://perma.cc/5PSA-R7XQ",Uncategorized,3
2025.MMP0239,2025.MMP0239,Mediterranean,"Wed, 04/30/2025 - 12:00",2025,April,1,0,,1,,,Unknown,Drowning,Unknown,"Remains washed ashore at Azla beach, Tetouan, Morocco - presumably Ceuta crossing","Tanja News, Al Yaoum 24, Le Site info","35.55247716, -5.242124589","Western Mediterranean","https://perma.cc/5PSA-R7XQ, https://perma.cc/DUK4-VBS4, https://perma.cc/8L4N-DBY6",Uncategorized,3
2025.MMP0240,2025.MMP0240,Mediterranean,"Thu, 05/01/2025 - 12:00",2025,May,1,0,,,,,Unknown,Drowning,Unknown,"Remains washed ashore at Tajoura, Libya","LRC Tripoli, IOM Libya","32.85724176, 13.44222392","Central Mediterranean",https://archive.ph/FgIzc,Uncategorized,4
2025.MMP0241,2025.MMP0241,Mediterranean,"Fri, 05/02/2025 - 12:00",2025,May,1,0,,,,,Unknown,Drowning,Unknown,"Remains washed ashore at Sabratha, Libya","LRC via IOM Libya","32.80817644, 12.49600325","Central Mediterranean",,Uncategorized,4
2025.MMP0243,2025.MMP0243,"Central America","Thu, 05/01/2025 - 12:00",2025,May,1,0,,,1,,"Latin America / Caribbean (P)",Violence,Unknown,"Close to Rio Suchiate (transborder area between Guatemala and Mexico) in Ejido Jesus, Suchiate, Chiapas, Mexico","Diario del Sur","14.63837019, -92.17066509",,https://perma.cc/HC8U-T2UH,"Central America",1
2025.MMP0244,2025.MMP0244,"North America","Sun, 04/27/2025 - 12:00",2025,April,1,0,,,1,,"South America",Violence,"Venezuela (Bolivarian Republic of)","Close to Block 8 in Primavera Avenue, Ica,Peru","Dólar Today","-14.02265426, -75.75630447",,https://perma.cc/MK9H-WUJN,"South America",1
2025.MMP0245,2025.MMP0245262,"North America","Mon, 05/05/2025 - 12:00",2025,May,2,,10,,,2,"Southern Asia",Drowning,India,"Off the Torrey Pines State Beach, La Jolla, San Diego, California, United States of America","US Coast Guard, Consulado de Mexico en San Diego,Times of San Diego, CNN, Reuters, The Indian Express, The Guardian, India Today","32.91443139, -117.3872737","US-Mexico border crossing","https://archive.ph/0TGes, https://perma.cc/FF8W-5ELB, https://perma.cc/NB8G-7T9M, https://perma.cc/B8J7-WFLV, https://archive.ph/13qbn, https://perma.cc/SLE5-NCSJ, https://perma.cc/2KFQ-2KE5, https://perma.cc/DX6E-32GY",Uncategorized,5
2025.MMP0245,2025.MMP0245263,"North America","Mon, 05/05/2025 - 12:00",2025,May,2,0,,,,,"Central America",Drowning,Mexico,"Off the Torrey Pines State Beach, La Jolla, San Diego, California, United States of America","US Coast Guard, Consulado de Mexico en San Diego,Times of San Diego, CNN, Reuters, The Indian Express, The Guardian","32.91443139, -117.3872737","US-Mexico border crossing","https://archive.ph/0TGes, https://perma.cc/FF8W-5ELB, https://perma.cc/NB8G-7T9M, https://perma.cc/B8J7-WFLV, https://archive.ph/13qbn, https://perma.cc/SLE5-NCSJ, https://perma.cc/2KFQ-2KE5",Uncategorized,5
2025.MMP0246,2025.MMP0246,Europe,"Mon, 03/17/2025 - 12:00",2025,March,1,0,,,1,,"Sub-Saharan Africa","Mixed or unknown",Unknown,"Shchuchyn district, Grodno region, Belarus -  near the border with Lithuania","Border Committee of Belarus","53.60179271, 24.73408973","Belarus-EU border","https://perma.cc/Z6L2-3FA3, https://perma.cc/TVV6-CP6Z","Eastern Europe",5
2025.MMP0247,2025.MMP0247,Europe,"Mon, 03/17/2025 - 12:00",2025,March,1,0,,,1,,Unknown,"Harsh environmental conditions / lack of adequate shelter, food, water",Unknown,"Kamyenyets district, Brest region, Belarus - near the border with Poland","Border Committee of Belarus","52.40332812, 23.82158244","Belarus-EU border","https://perma.cc/Z6L2-3FA3, https://perma.cc/TVV6-CP6Z","Eastern Europe",5
2025.MMP0248,2025.MMP0248,Europe,"Sat, 04/12/2025 - 12:00",2025,April,1,0,,,,,Unknown,"Mixed or unknown",Unknown,"Unspecified location 10 meters from the Latvian border, near Polatsk, Belarus","Border Committee of Belarus via SB.BY","55.99094821, 27.87655043","Belarus-EU border",https://perma.cc/JB3U-WNZT,"Eastern Europe",5
2025.MMP0249,2025.MMP0249,Caribbean,"Sun, 04/13/2025 - 12:00",2025,April,1,4,4,,,,Caribbean,Drowning,Mixed,"22 miles off the coast of the St. Lucie Inlet, Florida, USA. Departed from Bimini, Bahamas","United States Coast Guard, ABC News, he New York Times","27.14152211, -79.79018651","Caribbean to US","https://archive.ph/ruDSG, https://archive.ph/6ubFG, https://archive.ph/aiKqY",Uncategorized,5
2025.MMP0250,2025.MMP0250,Mediterranean,"Thu, 04/17/2025 - 12:00",2025,April,1,0,,,,,Unknown,Drowning,Unknown,"Remains washed ashore at the Gulf of Ras Monqar, Ain Ghazala, West of Tobruk, Libya. Likely Libya-Crete crossing","LRC via IOM Libya, Abereen","32.07525908, 23.96594561","Eastern Mediterranean",https://archive.ph/JVYNP,Uncategorized,4
2025.MMP0251,2025.MMP0251,Europe,"Tue, 05/06/2025 - 12:00",2025,May,1,0,,,,,Unknown,Drowning,Unknown,"Unspecified location at the Latvian border fence, Belarus","Border Committee of Belarus via SB.BY, NEXTA","56.07102596, 27.9336509","Belarus-EU border","https://perma.cc/GJ8A-KHYZ, https://perma.cc/X5V2-42HC","Eastern Europe",5
2025.MMP0252,2025.MMP0252,Mediterranean,"Wed, 04/30/2025 - 12:00",2025,April,1,0,,,1,,Unknown,Drowning,Unknown,"Remains washed ashore at Cala Tortuga, Menora, Spain","Europa Press","39.98870042, 4.255131467","Western Mediterranean",https://perma.cc/3UBG-252H,Uncategorized,1
2025.MMP0253,2025.MMP0253,Mediterranean,"Thu, 05/08/2025 - 12:00",2025,May,4,,16,,3,,"Eastern Africa","Harsh environmental conditions / lack of adequate shelter, food, water",Somalia,"42 miles off Xàbia, Alicante, Spain - departure from Algeria","Theleader.info, Europa Press, Diario de Ibiza, Spanish Red Cross","38.6909345, 0.927204475","Western Mediterranean","https://perma.cc/88MZ-GEU5, https://perma.cc/9HTD-SCJL, https://perma.cc/7TND-TVZQ",Uncategorized,4
2025.MMP0254,2025.MMP0254,"North America","Sun, 05/04/2025 - 12:00",2025,May,1,0,,,1,,"Latin America / Caribbean (P)","Harsh environmental conditions / lack of adequate shelter, food, water",Unknown,"Unspecified location in northern Webb County, Texas, USA","KGNS, Laredo Morning Time","28.18085904, -99.99711964","US-Mexico border crossing","https://perma.cc/9LL9-3CDN, https://perma.cc/Q8ZL-Z4HW, https://archive.ph/2WJXw","Northern America",3
2025.MMP0255,2025.MMP0255277,Mediterranean,"Sat, 05/10/2025 - 12:00",2025,May,3,0,59,,1,2,"Western Africa (P)","Harsh environmental conditions / lack of adequate shelter, food, water",Unknown,"Rescued at N  34°30.163, E  012°13.934 after departure from Zawiya, Libya on 7 May","RESQSHIP, EFE","34.50253555, 12.23224608","Central Mediterranean","https://perma.cc/ZXY6-F5UU, https://perma.cc/2HBA-8XPA",Uncategorized,4
2025.MMP0255,2025.MMP0255278,Mediterranean,"Sat, 05/10/2025 - 12:00",2025,May,,1,,,,,"Western Africa (P)",Drowning,Unknown,"Rescued at N  34°30.163, E  012°13.934 after departure from Zawiya, Libya on 7 May","RESQSHIP, EFE","34.50253555, 12.23224608","Central Mediterranean","https://perma.cc/ZXY6-F5UU, https://perma.cc/2HBA-8XPA",Uncategorized,4
2025.MMP0256,2025.MMP0256,Europe,"Mon, 05/12/2025 - 12:00",2025,May,1,0,68,,1,,"Eastern Africa","Mixed or unknown",Ethiopia,"Off the coast of Hardelot, near Boulogne-sur-Mer, Pas-de-Calais, France - English Channel crossing","Préfecture maritime de la Manche et de la mer du Nord, Calais Migrant Solidarity, Calais Border Monitoring","50.627596, 1.556435529","Mainland Europe to the UK","https://perma.cc/Y6SQ-QK6W, https://perma.cc/7WLE-EGZR, https://perma.cc/L5FJ-2M5P",Uncategorized,5
2025.MMP0257,2025.MMP0257,Mediterranean,"Sun, 05/04/2025 - 12:00",2025,May,,2,,,,,"Sub-Saharan Africa (P)","Harsh environmental conditions / lack of adequate shelter, food, water",Unknown,"Unspecified location off Ibiza, Spain","EFE, Cadena Ser, Periodico de Ibiza","38.69945772, 1.969762185","Western Mediterranean","https://perma.cc/5VEU-UTEN, https://perma.cc/ZVV9-7HZ6, https://perma.cc/HUV3-AKEW",Uncategorized,3
2025.MMP0258,2025.MMP0258,Mediterranean,"Thu, 04/10/2025 - 12:00",2025,April,1,0,,,,,"Northern Africa",Drowning,Egypt,"Body washed ashore off the coasts of Al-Bahr Beach, Bo Traba, Libya","Al-Dawla, Future News","32.64764829, 20.816002","Central Mediterranean","https://perma.cc/XR49-B6JD, https://perma.cc/Y5C7-X3KQ",Uncategorized,3
2025.MMP0259,2025.MMP0259,Mediterranean,"Tue, 04/22/2025 - 12:00",2025,April,4,0,,,,,Unknown,Drowning,Unknown,"Bodies washed off the coasts of Djerba, Tunisia",Kipatlis,"33.86450901, 10.97218216","Central Mediterranean",https://perma.cc/ZE5R-MJDF,Uncategorized,1
2025.MMP0260,2025.MMP0260,Mediterranean,"Fri, 05/02/2025 - 12:00",2025,May,30,16,,,,,"Eastern Africa (P)",Drowning,Unknown,"Unspecified location off Misrata, Libya - departure on 26 April","Alarm Phone","32.39057761, 15.17411791","Central Mediterranean",,Uncategorized,4
2025.MMP0261,2025.MMP0261,Mediterranean,"Fri, 04/25/2025 - 12:00",2025,April,4,0,,,,,Unknown,Drowning,Unknown,"Bodies washed ashore around Al-Buwairat, Libya","LRC via IOM Libya, Migrant Rescue Watch","32.43220608, 14.93339804","Central Mediterranean","https://perma.cc/6KJV-Z4JJ, https://perma.cc/3V7Z-66SZ, https://perma.cc/TQ9V-WH79",Uncategorized,4
2025.MMP0262,2025.MMP0262,"Western Asia","Wed, 05/07/2025 - 12:00",2025,May,3,0,,,,,"Eastern Africa (P)",Violence,Unknown,"Unspecified location near Monabbih, Al-Hadodya,  Sa'dah Governorate, Yemen.","Pressbee, Al-Masirah TV,  Nabd","17.31184135, 43.256279","Eastern Route to/from EHOA","https://perma.cc/CS5V-7AJW, https://perma.cc/ENW3-2V6Z, https://perma.cc/ZP77-H5DK","Western Asia",3
2025.MMP0263,2025.MMP0263,"Central America","Thu, 04/17/2025 - 12:00",2025,April,1,0,,,1,,"Central America",Violence,Honduras,"Unspecified location around Corinto Border Crossing, Cortez, Honduras",Impacto,"15.59801379, -88.36968535",,https://perma.cc/WHT6-8H6G,"Central America",1
2025.MMP0264,2025.MMP0264,"Central America","Fri, 05/09/2025 - 12:00",2025,May,1,0,,,1,,"Central America","Mixed or unknown",Honduras,"Shelter in Simón Bolivar St., San Nicolas de los Garza, Nuevo Leon, Mexico","Gamavision, Milenio","25.75374056, -100.2866862",,"https://perma.cc/QR2L-73YQ, https://perma.cc/6EKZ-4VGH","Central America",3
2025.MMP0265,2025.MMP0265,"South America","Wed, 05/07/2025 - 12:00",2025,May,1,0,,,1,,"South America",Violence,"Venezuela (Bolivarian Republic of)","Unspecified location in Comuna La Candelaria, Medellin, Antioquia, Colombia","Alerta Paisa, Prensa Paisa","6.246947575, -75.57696325",,https://perma.cc/NY2E-FKFU,"South America",3
2025.MMP0266,2025.MMP0266,"South-eastern Asia","Sat, 04/26/2025 - 12:00",2025,April,2,0,,,,2,"South-eastern Asia","Sickness / lack of access to adequate healthcare",Myanmar,"An unknown detention place in Maungdaw, Rakhine, Myanmar","Rohingya Khobor","20.82164877, 92.369163",,https://perma.cc/4UF5-ZA9M,"South-eastern Asia",1
2025.MMP0267,2025.MMP0267,Europe,"Tue, 05/13/2025 - 12:00",2025,May,1,0,,,1,,"Southern Asia","Sickness / lack of access to adequate healthcare",Afghanistan,"Unspecified location close to Verkhnyadzvinsk, Belarus (by the border with Latvia)","Border Committee of Belarus","55.78129574, 27.91510045","Belarus-EU border",https://perma.cc/99C4-B6HB,"Eastern Europe",5
2025.MMP0268,2025.MMP0268,"Western Asia","Fri, 05/02/2025 - 12:00",2025,May,3,0,,,,,"Eastern Africa",Violence,Ethiopia,"Just after crossing border into Saudi Arabia from Sa'ada, Yemen",Belqees,"17.49429749, 43.26342338","Eastern Route to/from EHOA",https://archive.ph/9TyWI,"Western Asia",1
2025.MMP0269,2025.MMP0269,Europe,"Tue, 05/13/2025 - 12:00",2025,May,1,0,,,1,,"Eastern Africa","Vehicle accident / death linked to hazardous transport",Eritrea,"Parking lot in Marck (Pas-de-Calais), France","AFP, Calais Migrant Solidarity, Calais Border Monitoring","50.94139545, 1.943666179","Mainland Europe to the UK","https://archive.ph/Dey3L, https://archive.ph/z6z1G, https://perma.cc/7WLE-EGZR, https://perma.cc/YC66-8SSN","Western Europe",4
2025.MMP0270,2025.MMP0270,Europe,"Sun, 05/18/2025 - 12:00",2025,May,1,1,62,,1,,"Eastern Africa",Drowning,Eritrea,"Unspecified location off the coast of Boulogne-sur-Mer, France - English Channel crossing","Préfecture maritime de la Manche et de la mer du Nord, Calais Border Monitoring, The Mirror","50.7600854, 1.490912061","Mainland Europe to the UK","https://perma.cc/YX7R-XKQR, https://perma.cc/SR7G-JRSK, https://perma.cc/3EYW-63WH",Uncategorized,5
2025.MMP0271,2025.MMP0271,Europe,"Wed, 05/21/2025 - 12:00",2025,May,2,0,10,1,1,1,"Western Asia","Mixed or unknown",Türkiye,"Unspecified location off the coast of Gravelines, France - English Channel crossing","Préfet maritime de la Manche et de la mer du Nord, AFP, AP, The Mirror","51.0495691, 1.991529972","Mainland Europe to the UK","https://archive.ph/pC52j, https://archive.ph/NHBHy, https://archive.ph/bXMyL, https://perma.cc/3EYW-63WH",Uncategorized,5
2025.MMP0272,2025.MMP0272,"Eastern Africa","Tue, 05/13/2025 - 12:00",2025,May,6,5,6,1,,1,"Eastern Africa",Drowning,Comoros,"Unspecified location between Kangani, Anjouan, Comoros and Mayotte, France","IOM Comoros","-12.34379591, 44.44815552","Sea crossings to Mayotte",https://perma.cc/H4UB-G4JZ,"Eastern Africa",4
2025.MMP0273,2025.MMP0273,"Eastern Africa","Mon, 04/14/2025 - 12:00",2025,April,1,0,,,1,,"Eastern Africa",Violence,Ethiopia,"Obock, Djibouti","IOM Djibouti","12.05654, 43.364856","Eastern Route to/from EHOA",,"Eastern Africa",4
2025.MMP0288,2025.MMP0288,"Southern Asia","Wed, 01/01/2025 - 12:00",2025,January,1,0,,,1,,"Southern Asia","Sickness / lack of access to adequate healthcare",Afghanistan,"Khoy district, West Azarbaijan province, Iran","IOM Afghanistan","38.545452, 44.9590281","Afghanistan to Iran",,"Southern Asia",4
2025.MMP0289,2025.MMP0289,"Southern Asia","Wed, 01/01/2025 - 12:00",2025,January,1,0,,,1,,"Southern Asia","Sickness / lack of access to adequate healthcare",Afghanistan,"Bushehr County district, Bushehr province, Iran","IOM Afghanistan","29.0892224, 50.9706116","Afghanistan to Iran",,"Southern Asia",4
2025.MMP0290,2025.MMP0290,"Southern Asia","Wed, 01/01/2025 - 12:00",2025,January,1,0,,,1,1,"Southern Asia","Vehicle accident / death linked to hazardous transport",Afghanistan,"Shiraz County district, Fars province, Iran","IOM Afghanistan","29.6266426, 52.4465474","Afghanistan to Iran",,"Southern Asia",4
2025.MMP0291,2025.MMP0291,"Southern Asia","Wed, 01/01/2025 - 12:00",2025,January,1,0,,,1,,"Southern Asia","Sickness / lack of access to adequate healthcare",Afghanistan,"Kazerun County district, Fars province, Iran","IOM Afghanistan","29.5580389, 51.7677972","Afghanistan to Iran",,"Southern Asia",4
2025.MMP0292,2025.MMP0292,"Southern Asia","Thu, 01/02/2025 - 12:00",2025,January,1,0,,,1,,"Southern Asia","Mixed or unknown",Afghanistan,"Qazwin district, Qazwin province, Iran","IOM Afghanistan","36.2795045, 50.0045669","Afghanistan to Iran",,"Southern Asia",4
2025.MMP0293,2025.MMP0293,"Southern Asia","Thu, 01/02/2025 - 12:00",2025,January,1,0,,,1,,"Southern Asia","Sickness / lack of access to adequate healthcare",Afghanistan,"Tehran district, Tehran province, Iran","IOM Afghanistan","35.7218583, 51.3346954","Afghanistan to Iran",,"Southern Asia",4
2025.MMP0294,2025.MMP0294,"Southern Asia","Thu, 01/02/2025 - 12:00",2025,January,1,0,,,1,,"Southern Asia","Harsh environmental conditions / lack of adequate shelter, food, water",Afghanistan,"Saravan County district, Sistan_and_Baluchestan province, Iran","IOM Afghanistan","27.7344555, 62.2626627","Afghanistan to Iran",,"Southern Asia",4
2025.MMP0295,2025.MMP0295,"Southern Asia","Fri, 01/03/2025 - 12:00",2025,January,1,0,,,1,,"Southern Asia",Violence,Afghanistan,"Tehran district, Tehran province, Iran","IOM Afghanistan","35.7218583, 51.3346954","Afghanistan to Iran",,"Southern Asia",4
2025.MMP0296,2025.MMP0296,"Southern Asia","Fri, 01/03/2025 - 12:00",2025,January,1,0,,,1,,"Southern Asia","Mixed or unknown",Afghanistan,"Bushehr County district, Bushehr province, Iran","IOM Afghanistan","29.0892224, 50.9706116","Afghanistan to Iran",,"Southern Asia",4
2025.MMP0297,2025.MMP0297,"Southern Asia","Fri, 01/03/2025 - 12:00",2025,January,1,0,,,1,1,"Southern Asia",Violence,Afghanistan,"Iranshahr County district, Sistan_and_Baluchestan province, Iran","IOM Afghanistan","27.9105916, 60.0259466","Afghanistan to Iran",,"Southern Asia",4
2025.MMP0298,2025.MMP0298,"Southern Asia","Fri, 01/03/2025 - 12:00",2025,January,1,0,,,1,,"Southern Asia","Sickness / lack of access to adequate healthcare",Afghanistan,"Sarvestan County district, Fars province, Iran","IOM Afghanistan","29.2381201, 53.0888943","Afghanistan to Iran",,"Southern Asia",4
2025.MMP0299,2025.MMP0299,"Southern Asia","Fri, 01/03/2025 - 12:00",2025,January,1,0,,,1,,"Southern Asia",Violence,Afghanistan,"Isfahan County district, Esfahan province, Iran","IOM Afghanistan","32.2515792, 52.5318604","Afghanistan to Iran",,"Southern Asia",4
2025.MMP0300,2025.MMP0300,"Southern Asia","Fri, 01/03/2025 - 12:00",2025,January,1,0,,,1,,"Southern Asia","Sickness / lack of access to adequate healthcare",Afghanistan,"Isfahan County district, Esfahan province, Iran","IOM Afghanistan","32.2515792, 52.5318604","Afghanistan to Iran",,"Southern Asia",4
2025.MMP0301,2025.MMP0301,"Southern Asia","Sat, 01/04/2025 - 12:00",2025,January,1,0,,1,,,"Southern Asia","Sickness / lack of access to adequate healthcare",Afghanistan,"Isfahan district, Esfahan province, Iran","IOM Afghanistan","32.6538966, 51.6659656","Afghanistan to Iran",,"Southern Asia",4
2025.MMP0302,2025.MMP0302,"Southern Asia","Sat, 01/04/2025 - 12:00",2025,January,1,0,,,1,,"Southern Asia","Sickness / lack of access to adequate healthcare",Afghanistan,"Zahedan County district, Sistan_and_Baluchestan province, Iran","IOM Afghanistan","29.8162933, 60.2110752","Afghanistan to Iran",,"Southern Asia",4
2025.MMP0303,2025.MMP0303,"Southern Asia","Sat, 01/04/2025 - 12:00",2025,January,1,0,,,1,,"Southern Asia",Violence,Afghanistan,"Tehran County district, Tehran province, Iran","IOM Afghanistan","35.6891975, 51.3889736","Afghanistan to Iran",,"Southern Asia",4
2025.MMP0304,2025.MMP0304,"Southern Asia","Sun, 01/05/2025 - 12:00",2025,January,1,0,,1,,,"Southern Asia","Sickness / lack of access to adequate healthcare",Afghanistan,"Tehran district, Tehran province, Iran","IOM Afghanistan","35.7218583, 51.3346954","Afghanistan to Iran",,"Southern Asia",4
2025.MMP0305,2025.MMP0305,"Southern Asia","Mon, 01/06/2025 - 12:00",2025,January,1,0,,,1,,"Southern Asia","Sickness / lack of access to adequate healthcare",Afghanistan,"Mashhad district, Razawi Khurasan province, Iran","IOM Afghanistan","36.2972006, 59.60669","Afghanistan to Iran",,"Southern Asia",4
2025.MMP0306,2025.MMP0306,"Southern Asia","Mon, 01/06/2025 - 12:00",2025,January,1,0,,,1,,"Southern Asia","Sickness / lack of access to adequate healthcare",Afghanistan,"Tehran district, Tehran province, Iran","IOM Afghanistan","35.7218583, 51.3346954","Afghanistan to Iran",,"Southern Asia",4
2025.MMP0307,2025.MMP0307,"Southern Asia","Mon, 01/06/2025 - 12:00",2025,January,1,0,,1,,,"Southern Asia","Sickness / lack of access to adequate healthcare",Afghanistan,"Tehran district, Tehran province, Iran","IOM Afghanistan","35.7218583, 51.3346954","Afghanistan to Iran",,"Southern Asia",4
2025.MMP0308,2025.MMP0308,"Southern Asia","Mon, 01/06/2025 - 12:00",2025,January,1,0,,,1,,"Southern Asia",Violence,Afghanistan,"Kangan County district, Bushehr province, Iran","IOM Afghanistan","27.7381374, 52.2124713","Afghanistan to Iran",,"Southern Asia",4
2025.MMP0309,2025.MMP0309,"Southern Asia","Tue, 01/07/2025 - 12:00",2025,January,1,0,,,1,,"Southern Asia","Mixed or unknown",Afghanistan,"Tehran district, Tehran province, Iran","IOM Afghanistan","35.7218583, 51.3346954","Afghanistan to Iran",,"Southern Asia",4
2025.MMP0310,2025.MMP0310,"Southern Asia","Tue, 01/07/2025 - 12:00",2025,January,1,0,,,1,,"Southern Asia","Vehicle accident / death linked to hazardous transport",Afghanistan,"Bushehr County district, Bushehr province, Iran","IOM Afghanistan","29.0892224, 50.9706116","Afghanistan to Iran",,"Southern Asia",4
2025.MMP0311,2025.MMP0311,"Southern Asia","Tue, 01/07/2025 - 12:00",2025,January,1,0,,,1,1,"Southern Asia","Sickness / lack of access to adequate healthcare",Afghanistan,"Sirjan County district, Kerman province, Iran","IOM Afghanistan","29.4218443, 55.6689636","Afghanistan to Iran",,"Southern Asia",4
2025.MMP0312,2025.MMP0312,"Southern Asia","Tue, 01/07/2025 - 12:00",2025,January,1,0,,,1,,"Southern Asia","Sickness / lack of access to adequate healthcare",Afghanistan,"Shiraz County district, Fars province, Iran","IOM Afghanistan","29.6266426, 52.4465474","Afghanistan to Iran",,"Southern Asia",4
2025.MMP0313,2025.MMP0313,"Southern Asia","Tue, 01/07/2025 - 12:00",2025,January,1,0,,,1,1,"Southern Asia","Mixed or unknown",Afghanistan,"Sirjan County district, Kerman province, Iran","IOM Afghanistan","29.4218443, 55.6689636","Afghanistan to Iran",,"Southern Asia",4
2025.MMP0314,2025.MMP0314,"Southern Asia","Wed, 01/08/2025 - 12:00",2025,January,1,0,,,1,,"Southern Asia","Sickness / lack of access to adequate healthcare",Afghanistan,"Tehran district, Tehran province, Iran","IOM Afghanistan","35.7218583, 51.3346954","Afghanistan to Iran",,"Southern Asia",4
2025.MMP0315,2025.MMP0315,"Southern Asia","Wed, 01/08/2025 - 12:00",2025,January,1,0,,,1,,"Southern Asia","Sickness / lack of access to adequate healthcare",Afghanistan,"Tehran district, Tehran province, Iran","IOM Afghanistan","35.7218583, 51.3346954","Afghanistan to Iran",,"Southern Asia",4
2025.MMP0316,2025.MMP0316,"Southern Asia","Wed, 01/08/2025 - 12:00",2025,January,1,0,,,1,,"Southern Asia","Mixed or unknown",Afghanistan,"Tehran district, Tehran province, Iran","IOM Afghanistan","35.7218583, 51.3346954","Afghanistan to Iran",,"Southern Asia",4
2025.MMP0317,2025.MMP0317,"Southern Asia","Wed, 01/08/2025 - 12:00",2025,January,1,0,,,1,,"Southern Asia","Mixed or unknown",Afghanistan,"Tehran district, Tehran province, Iran","IOM Afghanistan","35.7218583, 51.3346954","Afghanistan to Iran",,"Southern Asia",4
2025.MMP0318,2025.MMP0318,"Southern Asia","Wed, 01/08/2025 - 12:00",2025,January,1,0,,,1,,"Southern Asia","Mixed or unknown",Afghanistan,"Tehran district, Tehran province, Iran","IOM Afghanistan","35.7218583, 51.3346954","Afghanistan to Iran",,"Southern Asia",4
2025.MMP0319,2025.MMP0319,"Southern Asia","Wed, 01/08/2025 - 12:00",2025,January,1,0,,,1,,"Southern Asia","Mixed or unknown",Afghanistan,"Shiraz County district, Fars province, Iran","IOM Afghanistan","29.6266426, 52.4465474","Afghanistan to Iran",,"Southern Asia",4
2025.MMP0320,2025.MMP0320,"Southern Asia","Wed, 01/08/2025 - 12:00",2025,January,1,0,,,1,,"Southern Asia","Mixed or unknown",Afghanistan,"Jahrom County district, Fars province, Iran","IOM Afghanistan","28.6248034, 53.3042784","Afghanistan to Iran",,"Southern Asia",4
2025.MMP0321,2025.MMP0321,"Southern Asia","Thu, 01/09/2025 - 12:00",2025,January,1,0,,,1,,"Southern Asia","Vehicle accident / death linked to hazardous transport",Afghanistan,"Shiraz district, Fars province, Iran","IOM Afghanistan","29.5926119, 52.5835646","Afghanistan to Iran",,"Southern Asia",4
2025.MMP0322,2025.MMP0322,"Southern Asia","Thu, 01/09/2025 - 12:00",2025,January,1,0,,,1,,"Southern Asia",Drowning,Afghanistan,"Isfahan County district, Esfahan province, Iran","IOM Afghanistan","32.2515792, 52.5318604","Afghanistan to Iran",,"Southern Asia",4
2025.MMP0323,2025.MMP0323,"Southern Asia","Thu, 01/09/2025 - 12:00",2025,January,1,0,,,1,1,"Southern Asia","Mixed or unknown",Afghanistan,"Bandar-Abbas County district, Hormozgan province, Iran","IOM Afghanistan","27.649874, 56.382423","Afghanistan to Iran",,"Southern Asia",4
2025.MMP0324,2025.MMP0324,"Southern Asia","Fri, 01/10/2025 - 12:00",2025,January,1,0,,,1,,"Southern Asia","Sickness / lack of access to adequate healthcare",Afghanistan,"Tehran district, Tehran province, Iran","IOM Afghanistan","35.7218583, 51.3346954","Afghanistan to Iran",,"Southern Asia",4
2025.MMP0325,2025.MMP0325,"Southern Asia","Fri, 01/10/2025 - 12:00",2025,January,1,0,,,1,,"Southern Asia","Vehicle accident / death linked to hazardous transport",Afghanistan,"Bandar-Abbas County district, Hormozgan province, Iran","IOM Afghanistan","27.649874, 56.382423","Afghanistan to Iran",,"Southern Asia",4
2025.MMP0326,2025.MMP0326,"Southern Asia","Fri, 01/10/2025 - 12:00",2025,January,1,0,,,1,,"Southern Asia","Sickness / lack of access to adequate healthcare",Afghanistan,"Mehriz County district, Yazd province, Iran","IOM Afghanistan","31.3608397, 54.6094954","Afghanistan to Iran",,"Southern Asia",4
2025.MMP0327,2025.MMP0327,"Southern Asia","Fri, 01/10/2025 - 12:00",2025,January,1,0,,1,,1,"Southern Asia","Sickness / lack of access to adequate healthcare",Afghanistan,"Yazd County district, Yazd province, Iran","IOM Afghanistan","31.890628, 54.5218074","Afghanistan to Iran",,"Southern Asia",4
2025.MMP0328,2025.MMP0328,"Southern Asia","Fri, 01/10/2025 - 12:00",2025,January,1,0,,,1,,"Southern Asia","Sickness / lack of access to adequate healthcare",Afghanistan,"Isfahan County district, Esfahan province, Iran","IOM Afghanistan","32.2515792, 52.5318604","Afghanistan to Iran",,"Southern Asia",4
2025.MMP0329,2025.MMP0329,"Southern Asia","Sat, 01/11/2025 - 12:00",2025,January,1,0,,1,,,"Southern Asia","Sickness / lack of access to adequate healthcare",Afghanistan,"Karaj district, Alborz province, Iran","IOM Afghanistan","35.8438581, 50.9714995","Afghanistan to Iran",,"Southern Asia",4
2025.MMP0330,2025.MMP0330,"Southern Asia","Sat, 01/11/2025 - 12:00",2025,January,1,0,,,1,,"Southern Asia","Sickness / lack of access to adequate healthcare",Afghanistan,"Tehran district, Tehran province, Iran","IOM Afghanistan","35.7218583, 51.3346954","Afghanistan to Iran",,"Southern Asia",4
2025.MMP0331,2025.MMP0331,"Southern Asia","Sat, 01/11/2025 - 12:00",2025,January,1,0,,,1,,"Southern Asia","Sickness / lack of access to adequate healthcare",Afghanistan,"Isfahan County district, Esfahan province, Iran","IOM Afghanistan","32.2515792, 52.5318604","Afghanistan to Iran",,"Southern Asia",4
2025.MMP0332,2025.MMP0332,"Southern Asia","Sat, 01/11/2025 - 12:00",2025,January,1,0,,,1,,"Southern Asia","Sickness / lack of access to adequate healthcare",Afghanistan,"Isfahan County district, Esfahan province, Iran","IOM Afghanistan","32.2515792, 52.5318604","Afghanistan to Iran",,"Southern Asia",4
2025.MMP0333,2025.MMP0333,"Southern Asia","Sun, 01/12/2025 - 12:00",2025,January,1,0,,,1,,"Southern Asia","Harsh environmental conditions / lack of adequate shelter, food, water",Afghanistan,"Khoy district, West Azarbaijan province, Iran","IOM Afghanistan","38.545452, 44.9590281","Afghanistan to Iran",,"Southern Asia",4
2025.MMP0334,2025.MMP0334,"Southern Asia","Sun, 01/12/2025 - 12:00",2025,January,1,0,,,1,,"Southern Asia","Sickness / lack of access to adequate healthcare",Afghanistan,"Mobarakeh County district, Esfahan province, Iran","IOM Afghanistan","32.3045249, 51.4729695","Afghanistan to Iran",,"Southern Asia",4
2025.MMP0335,2025.MMP0335,"Southern Asia","Sun, 01/12/2025 - 12:00",2025,January,1,0,,,1,,"Southern Asia","Sickness / lack of access to adequate healthcare",Afghanistan,"Shiraz County district, Fars province, Iran","IOM Afghanistan","29.6266426, 52.4465474","Afghanistan to Iran",,"Southern Asia",4
2025.MMP0336,2025.MMP0336,"Southern Asia","Sun, 01/12/2025 - 12:00",2025,January,1,0,,,1,,"Southern Asia","Mixed or unknown",Afghanistan,"Shiraz County district, Fars province, Iran","IOM Afghanistan","29.6266426, 52.4465474","Afghanistan to Iran",,"Southern Asia",4
2025.MMP0337,2025.MMP0337,"Southern Asia","Mon, 01/13/2025 - 12:00",2025,January,1,0,,1,,,"Southern Asia","Sickness / lack of access to adequate healthcare",Afghanistan,"Tehran district, Tehran province, Iran","IOM Afghanistan","35.7218583, 51.3346954","Afghanistan to Iran",,"Southern Asia",4
2025.MMP0338,2025.MMP0338,"Southern Asia","Mon, 01/13/2025 - 12:00",2025,January,1,0,,,1,,"Southern Asia",Violence,Afghanistan,"Tehran district, Tehran province, Iran","IOM Afghanistan","35.7218583, 51.3346954","Afghanistan to Iran",,"Southern Asia",4
2025.MMP0339,2025.MMP0339,"Southern Asia","Mon, 01/13/2025 - 12:00",2025,January,1,0,,1,,,"Southern Asia","Sickness / lack of access to adequate healthcare",Afghanistan,"Yazd County district, Yazd province, Iran","IOM Afghanistan","31.890628, 54.5218074","Afghanistan to Iran",,"Southern Asia",4
2025.MMP0340,2025.MMP0340,"Southern Asia","Mon, 01/13/2025 - 12:00",2025,January,1,0,,1,,,"Southern Asia","Sickness / lack of access to adequate healthcare",Afghanistan,"Shiraz County district, Fars province, Iran","IOM Afghanistan","29.6266426, 52.4465474","Afghanistan to Iran",,"Southern Asia",4
2025.MMP0341,2025.MMP0341,"Southern Asia","Tue, 01/14/2025 - 12:00",2025,January,1,0,,,1,,"Southern Asia","Sickness / lack of access to adequate healthcare",Afghanistan,"Khoy district, West Azarbaijan province, Iran","IOM Afghanistan","38.545452, 44.9590281","Afghanistan to Iran",,"Southern Asia",4
2025.MMP0342,2025.MMP0342,"Southern Asia","Tue, 01/14/2025 - 12:00",2025,January,1,0,,,1,,"Southern Asia","Sickness / lack of access to adequate healthcare",Afghanistan,"Tehran district, Tehran province, Iran","IOM Afghanistan","35.7218583, 51.3346954","Afghanistan to Iran",,"Southern Asia",4
2025.MMP0343,2025.MMP0343,"Southern Asia","Tue, 01/14/2025 - 12:00",2025,January,1,0,,,1,,"Southern Asia","Mixed or unknown",Afghanistan,"Tehran district, Tehran province, Iran","IOM Afghanistan","35.7218583, 51.3346954","Afghanistan to Iran",,"Southern Asia",4
2025.MMP0344,2025.MMP0344,"Southern Asia","Tue, 01/14/2025 - 12:00",2025,January,1,0,,1,,,"Southern Asia","Sickness / lack of access to adequate healthcare",Afghanistan,"Yazd County district, Yazd province, Iran","IOM Afghanistan","31.890628, 54.5218074","Afghanistan to Iran",,"Southern Asia",4
2025.MMP0345,2025.MMP0345,"Southern Asia","Tue, 01/14/2025 - 12:00",2025,January,1,0,,1,,,"Southern Asia","Sickness / lack of access to adequate healthcare",Afghanistan,"Bandar-Abbas County district, Hormozgan province, Iran","IOM Afghanistan","27.649874, 56.382423","Afghanistan to Iran",,"Southern Asia",4
2025.MMP0346,2025.MMP0346,"Southern Asia","Tue, 01/14/2025 - 12:00",2025,January,1,0,,,1,,"Southern Asia","Sickness / lack of access to adequate healthcare",Afghanistan,"Shiraz County district, Fars province, Iran","IOM Afghanistan","29.6266426, 52.4465474","Afghanistan to Iran",,"Southern Asia",4
2025.MMP0347,2025.MMP0347,"Southern Asia","Wed, 01/15/2025 - 12:00",2025,January,1,0,,,1,,"Southern Asia","Harsh environmental conditions / lack of adequate shelter, food, water",Afghanistan,"Mashad district, Razawi Khurasan province, Iran","IOM Afghanistan","36.2972006, 59.60669","Afghanistan to Iran",,"Southern Asia",4
2025.MMP0348,2025.MMP0348,"Southern Asia","Wed, 01/15/2025 - 12:00",2025,January,1,0,,,1,,"Southern Asia","Mixed or unknown",Afghanistan,"Tehran district, Tehran province, Iran","IOM Afghanistan","35.7218583, 51.3346954","Afghanistan to Iran",,"Southern Asia",4
2025.MMP0349,2025.MMP0349,"Southern Asia","Thu, 01/16/2025 - 12:00",2025,January,1,0,,,1,,"Southern Asia","Sickness / lack of access to adequate healthcare",Afghanistan,"Tehran district, Tehran province, Iran","IOM Afghanistan","35.7218583, 51.3346954","Afghanistan to Iran",,"Southern Asia",4
2025.MMP0350,2025.MMP0350,"Southern Asia","Thu, 01/16/2025 - 12:00",2025,January,1,0,,,1,,"Southern Asia","Sickness / lack of access to adequate healthcare",Afghanistan,"Shiraz County district, Fars province, Iran","IOM Afghanistan","29.6266426, 52.4465474","Afghanistan to Iran",,"Southern Asia",4
2025.MMP0351,2025.MMP0351,"Southern Asia","Fri, 01/17/2025 - 12:00",2025,January,1,0,,,1,,"Southern Asia","Sickness / lack of access to adequate healthcare",Afghanistan,"Tehran district, Tehran province, Iran","IOM Afghanistan","35.7218583, 51.3346954","Afghanistan to Iran",,"Southern Asia",4
2025.MMP0352,2025.MMP0352,"Southern Asia","Fri, 01/17/2025 - 12:00",2025,January,1,0,,,1,,"Southern Asia","Sickness / lack of access to adequate healthcare",Afghanistan,"ray district, Tehran province, Iran","IOM Afghanistan","35.6072855, 51.4385566","Afghanistan to Iran",,"Southern Asia",4
2025.MMP0353,2025.MMP0353,"Southern Asia","Fri, 01/17/2025 - 12:00",2025,January,1,0,,,1,,"Southern Asia","Vehicle accident / death linked to hazardous transport",Afghanistan,"Kerman County district, Kerman province, Iran","IOM Afghanistan","30.5757091, 58.0071922","Afghanistan to Iran",,"Southern Asia",4
2025.MMP0354,2025.MMP0354,"Southern Asia","Fri, 01/17/2025 - 12:00",2025,January,1,0,,,1,,"Southern Asia","Mixed or unknown",Afghanistan,"Shiraz County district, Fars province, Iran","IOM Afghanistan","29.6266426, 52.4465474","Afghanistan to Iran",,"Southern Asia",4
2025.MMP0355,2025.MMP0355,"Southern Asia","Fri, 01/17/2025 - 12:00",2025,January,1,0,,,1,,"Southern Asia","Harsh environmental conditions / lack of adequate shelter, food, water",Afghanistan,"Khoy County district, West_Azerbaijan province, Iran","IOM Afghanistan","38.5332322, 44.6783475","Iran to Türkiye",,"Southern Asia",4
2025.MMP0356,2025.MMP0356,"Southern Asia","Sat, 01/18/2025 - 12:00",2025,January,1,0,,1,,,"Southern Asia","Vehicle accident / death linked to hazardous transport",Afghanistan,"Hesarak district, Karaj province, Iran","IOM Afghanistan","35.8434497, 50.9245562","Afghanistan to Iran",,"Southern Asia",4
2025.MMP0357,2025.MMP0357,"Southern Asia","Sat, 01/18/2025 - 12:00",2025,January,1,0,,,1,,"Southern Asia","Sickness / lack of access to adequate healthcare",Afghanistan,"Tehran district, Tehran province, Iran","IOM Afghanistan","35.7218583, 51.3346954","Afghanistan to Iran",,"Southern Asia",4
2025.MMP0358,2025.MMP0358,"Southern Asia","Sat, 01/18/2025 - 12:00",2025,January,1,0,,,1,,"Southern Asia","Harsh environmental conditions / lack of adequate shelter, food, water",Afghanistan,"Khoy County district, West_Azerbaijan province, Iran","IOM Afghanistan","38.5332322, 44.6783475","Iran to Türkiye",,"Southern Asia",4
2025.MMP0359,2025.MMP0359,"Southern Asia","Sun, 01/19/2025 - 12:00",2025,January,1,0,,1,,,"Southern Asia","Sickness / lack of access to adequate healthcare",Afghanistan,"Markazi district, Qum province, Iran","IOM Afghanistan","34.6976594, 50.8456323","Afghanistan to Iran",,"Southern Asia",4
2025.MMP0360,2025.MMP0360,"Southern Asia","Sun, 01/19/2025 - 12:00",2025,January,1,0,,,1,,"Southern Asia",Violence,Afghanistan,"Tehran district, tehran province, Iran","IOM Afghanistan","35.7218583, 51.3346954","Afghanistan to Iran",,"Southern Asia",4
2025.MMP0361,2025.MMP0361,"Southern Asia","Sun, 01/19/2025 - 12:00",2025,January,1,0,,,1,1,"Southern Asia",Violence,Afghanistan,"Tehran district, tehran province, Iran","IOM Afghanistan","35.7218583, 51.3346954","Afghanistan to Iran",,"Southern Asia",4
2025.MMP0362,2025.MMP0362,"Southern Asia","Sun, 01/19/2025 - 12:00",2025,January,1,0,,1,,,"Southern Asia","Sickness / lack of access to adequate healthcare",Afghanistan,"Tehran district, Tehran province, Iran","IOM Afghanistan","35.7218583, 51.3346954","Afghanistan to Iran",,"Southern Asia",4
2025.MMP0363,2025.MMP0363,"Southern Asia","Sun, 01/19/2025 - 12:00",2025,January,1,0,,,1,,"Southern Asia","Sickness / lack of access to adequate healthcare",Afghanistan,"Tehran district, tehran province, Iran","IOM Afghanistan","35.7218583, 51.3346954","Afghanistan to Iran",,"Southern Asia",4
2025.MMP0364,2025.MMP0364,"Southern Asia","Sun, 01/19/2025 - 12:00",2025,January,1,0,,,1,1,"Southern Asia","Mixed or unknown",Afghanistan,"Karaj district, Karaj province, Iran","IOM Afghanistan","35.8438581, 50.9714995","Afghanistan to Iran",,"Southern Asia",4
2025.MMP0365,2025.MMP0365,"Southern Asia","Sun, 01/19/2025 - 12:00",2025,January,1,0,,,1,,"Southern Asia",Violence,Afghanistan,"Zabol County district, Sistan_and_Baluchestan province, Iran","IOM Afghanistan","31.0126661, 61.5836897","Afghanistan to Iran",,"Southern Asia",4
2025.MMP0366,2025.MMP0366,"Southern Asia","Sun, 01/19/2025 - 12:00",2025,January,1,0,,,1,1,"Southern Asia","Vehicle accident / death linked to hazardous transport",Afghanistan,"Bandar-Abbas County district, Hormozgan province, Iran","IOM Afghanistan","27.649874, 56.382423","Afghanistan to Iran",,"Southern Asia",4
2025.MMP0367,2025.MMP0367,"Southern Asia","Mon, 01/20/2025 - 12:00",2025,January,1,0,,,1,,"Southern Asia","Sickness / lack of access to adequate healthcare",Afghanistan,"Tehran district, Tehran province, Iran","IOM Afghanistan","35.7218583, 51.3346954","Afghanistan to Iran",,"Southern Asia",4
2025.MMP0368,2025.MMP0368,"Southern Asia","Mon, 01/20/2025 - 12:00",2025,January,1,0,,,1,,"Southern Asia","Harsh environmental conditions / lack of adequate shelter, food, water",Afghanistan,"Maku County district, West_Azerbaijan province, Iran","IOM Afghanistan","39.5681599, 44.6706769","Iran to Türkiye",,"Southern Asia",4
2025.MMP0369,2025.MMP0369,"Southern Asia","Mon, 01/20/2025 - 12:00",2025,January,1,0,,,1,,"Southern Asia",Violence,Afghanistan,"Urmia County district, West_Azerbaijan province, Iran","IOM Afghanistan","37.6067393, 44.8425388","Iran to Türkiye",,"Southern Asia",4
2025.MMP0370,2025.MMP0370,"Southern Asia","Mon, 01/20/2025 - 12:00",2025,January,1,0,,,1,,"Southern Asia","Sickness / lack of access to adequate healthcare",Afghanistan,"Bandar-Abbas County district, Hormozgan province, Iran","IOM Afghanistan","27.649874, 56.382423","Afghanistan to Iran",,"Southern Asia",4
2025.MMP0371,2025.MMP0371,"Southern Asia","Mon, 01/20/2025 - 12:00",2025,January,1,0,,,1,,"Southern Asia","Sickness / lack of access to adequate healthcare",Afghanistan,"Bushehr County district, Bushehr province, Iran","IOM Afghanistan","29.0892224, 50.9706116","Afghanistan to Iran",,"Southern Asia",4
2025.MMP0372,2025.MMP0372,"Southern Asia","Tue, 01/21/2025 - 12:00",2025,January,1,0,,,1,1,"Southern Asia","Sickness / lack of access to adequate healthcare",Afghanistan,"Sharyar district, Tehran province, Iran","IOM Afghanistan","35.6529119, 51.0599647","Afghanistan to Iran",,"Southern Asia",4
2025.MMP0373,2025.MMP0373,"Southern Asia","Wed, 01/22/2025 - 12:00",2025,January,1,0,,1,,,"Southern Asia","Sickness / lack of access to adequate healthcare",Afghanistan,"Karaj district, Alborz province, Iran","IOM Afghanistan","35.8438581, 50.9714995","Afghanistan to Iran",,"Southern Asia",4
2025.MMP0374,2025.MMP0374,"Southern Asia","Wed, 01/22/2025 - 12:00",2025,January,1,0,,,1,,"Southern Asia","Sickness / lack of access to adequate healthcare",Afghanistan,"Tehra district, Tehran province, Iran","IOM Afghanistan","35.5501285, 51.5150077","Afghanistan to Iran",,"Southern Asia",4
2025.MMP0375,2025.MMP0375,"Southern Asia","Wed, 01/22/2025 - 12:00",2025,January,1,0,,,1,,"Southern Asia","Harsh environmental conditions / lack of adequate shelter, food, water",Afghanistan,"Urmia County district, West_Azerbaijan province, Iran","IOM Afghanistan","37.6067393, 44.8425388","Iran to Türkiye",,"Southern Asia",4
2025.MMP0376,2025.MMP0376,"Southern Asia","Wed, 01/22/2025 - 12:00",2025,January,1,0,,,1,,"Southern Asia",Violence,Afghanistan,"Maku County district, West_Azerbaijan province, Iran","IOM Afghanistan","39.5681599, 44.6706769","Iran to Türkiye",,"Southern Asia",4
2025.MMP0377,2025.MMP0377,"Southern Asia","Wed, 01/22/2025 - 12:00",2025,January,1,0,,1,,,"Southern Asia","Sickness / lack of access to adequate healthcare",Afghanistan,"Kerman County district, Kerman province, Iran","IOM Afghanistan","30.5757091, 58.0071922","Afghanistan to Iran",,"Southern Asia",4
2025.MMP0378,2025.MMP0378,"Southern Asia","Wed, 01/22/2025 - 12:00",2025,January,1,0,,1,,,"Southern Asia","Sickness / lack of access to adequate healthcare",Afghanistan,"Kerman County district, Kerman province, Iran","IOM Afghanistan","30.5757091, 58.0071922","Afghanistan to Iran",,"Southern Asia",4
2025.MMP0379,2025.MMP0379,"Southern Asia","Wed, 01/22/2025 - 12:00",2025,January,1,0,,,1,,"Southern Asia","Mixed or unknown",Afghanistan,"Yazd County district, Yazd province, Iran","IOM Afghanistan","31.890628, 54.5218074","Afghanistan to Iran",,"Southern Asia",4
2025.MMP0380,2025.MMP0380,"Southern Asia","Thu, 01/23/2025 - 12:00",2025,January,1,0,,,1,,"Southern Asia","Sickness / lack of access to adequate healthcare",Afghanistan,"Kerman County district, Kerman province, Iran","IOM Afghanistan","30.5757091, 58.0071922","Afghanistan to Iran",,"Southern Asia",4
2025.MMP0381,2025.MMP0381,"Southern Asia","Fri, 01/24/2025 - 12:00",2025,January,1,0,,,1,,"Southern Asia","Sickness / lack of access to adequate healthcare",Afghanistan,"Hassan Abad district, Tehran province, Iran","IOM Afghanistan","35.6860175, 51.4114313","Afghanistan to Iran",,"Southern Asia",4
2025.MMP0382,2025.MMP0382,"Southern Asia","Fri, 01/24/2025 - 12:00",2025,January,1,0,,,1,,"Southern Asia","Sickness / lack of access to adequate healthcare",Afghanistan,"Esfahan district, Esfahan province, Iran","IOM Afghanistan","32.6538966, 51.6659656","Afghanistan to Iran",,"Southern Asia",4
2025.MMP0383,2025.MMP0383,"Southern Asia","Fri, 01/24/2025 - 12:00",2025,January,1,0,,,1,1,"Southern Asia","Vehicle accident / death linked to hazardous transport",Afghanistan,"Bandar-Abbas County district, Hormozgan province, Iran","IOM Afghanistan","27.649874, 56.382423","Afghanistan to Iran",,"Southern Asia",4
2025.MMP0384,2025.MMP0384,"Southern Asia","Fri, 01/24/2025 - 12:00",2025,January,1,0,,,1,,"Southern Asia","Sickness / lack of access to adequate healthcare",Afghanistan,"Bushehr County district, Bushehr province, Iran","IOM Afghanistan","29.0892224, 50.9706116","Afghanistan to Iran",,"Southern Asia",4
2025.MMP0385,2025.MMP0385,"Southern Asia","Sat, 01/25/2025 - 12:00",2025,January,1,0,,,1,,"Southern Asia","Sickness / lack of access to adequate healthcare",Afghanistan,"Mashad district, Razawi Khurasan province, Iran","IOM Afghanistan","36.2972006, 59.60669","Afghanistan to Iran",,"Southern Asia",4
2025.MMP0386,2025.MMP0386,"Southern Asia","Sat, 01/25/2025 - 12:00",2025,January,1,0,,,1,,"Southern Asia",Drowning,Afghanistan,"Jahrom County district, Fars province, Iran","IOM Afghanistan","28.6248034, 53.3042784","Afghanistan to Iran",,"Southern Asia",4
2025.MMP0387,2025.MMP0387,"Southern Asia","Sun, 01/26/2025 - 12:00",2025,January,1,0,,1,,,"Southern Asia","Sickness / lack of access to adequate healthcare",Afghanistan,"Tehran district, Tehran province, Iran","IOM Afghanistan","35.7218583, 51.3346954","Afghanistan to Iran",,"Southern Asia",4
2025.MMP0388,2025.MMP0388,"Southern Asia","Mon, 01/27/2025 - 12:00",2025,January,1,0,,,1,,"Southern Asia","Sickness / lack of access to adequate healthcare",Afghanistan,"Tehran district, Tehran province, Iran","IOM Afghanistan","35.7218583, 51.3346954","Afghanistan to Iran",,"Southern Asia",4
2025.MMP0389,2025.MMP0389,"Southern Asia","Mon, 01/27/2025 - 12:00",2025,January,1,0,,,1,,"Southern Asia","Sickness / lack of access to adequate healthcare",Afghanistan,"Zahedan County district, Sistan_and_Baluchestan province, Iran","IOM Afghanistan","29.8162933, 60.2110752","Afghanistan to Iran",,"Southern Asia",4
2025.MMP0390,2025.MMP0390,"Southern Asia","Tue, 01/28/2025 - 12:00",2025,January,1,0,,,1,,"Southern Asia","Mixed or unknown",Afghanistan,"Yazd County district, Yazd province, Iran","IOM Afghanistan","31.890628, 54.5218074","Afghanistan to Iran",,"Southern Asia",4
2025.MMP0391,2025.MMP0391,"Southern Asia","Wed, 01/29/2025 - 12:00",2025,January,1,0,,,1,,"Southern Asia","Vehicle accident / death linked to hazardous transport",Afghanistan,"Shiraz district, Shiraz province, Iran","IOM Afghanistan","29.5926119, 52.5835646","Afghanistan to Iran",,"Southern Asia",4
2025.MMP0392,2025.MMP0392,"Southern Asia","Wed, 01/29/2025 - 12:00",2025,January,1,0,,,1,1,"Southern Asia","Vehicle accident / death linked to hazardous transport",Afghanistan,"Tehran district, Tehran province, Iran","IOM Afghanistan","35.7218583, 51.3346954","Afghanistan to Iran",,"Southern Asia",4
2025.MMP0393,2025.MMP0393,"Southern Asia","Thu, 01/30/2025 - 12:00",2025,January,1,0,,,1,1,"Southern Asia","Vehicle accident / death linked to hazardous transport",Afghanistan,"Qazwin district, Qazwin province, Iran","IOM Afghanistan","36.2795045, 50.0045669","Afghanistan to Iran",,"Southern Asia",4
2025.MMP0394,2025.MMP0394,"Southern Asia","Thu, 01/30/2025 - 12:00",2025,January,1,0,,,1,,"Southern Asia","Vehicle accident / death linked to hazardous transport",Afghanistan,"Tehran district, Tehran province, Iran","IOM Afghanistan","35.7218583, 51.3346954","Afghanistan to Iran",,"Southern Asia",4
2025.MMP0395,2025.MMP0395,"Southern Asia","Thu, 01/30/2025 - 12:00",2025,January,1,0,,,1,,"Southern Asia","Mixed or unknown",Afghanistan,"Tehran district, Tehran province, Iran","IOM Afghanistan","35.7218583, 51.3346954","Afghanistan to Iran",,"Southern Asia",4
2025.MMP0396,2025.MMP0396,"Southern Asia","Thu, 01/30/2025 - 12:00",2025,January,1,0,,,1,,"Southern Asia","Mixed or unknown",Afghanistan,"Tehran district, Tehran province, Iran","IOM Afghanistan","35.7218583, 51.3346954","Afghanistan to Iran",,"Southern Asia",4
2025.MMP0397,2025.MMP0397,"Southern Asia","Fri, 01/31/2025 - 12:00",2025,January,1,0,,,1,,"Southern Asia","Sickness / lack of access to adequate healthcare",Afghanistan,"Tehran district, Tehran province, Iran","IOM Afghanistan","35.7218583, 51.3346954","Afghanistan to Iran",,"Southern Asia",4
2025.MMP0398,2025.MMP0398,"Southern Asia","Sat, 02/01/2025 - 12:00",2025,February,1,0,,,1,,"Southern Asia","Sickness / lack of access to adequate healthcare",Afghanistan,"kashan district, Esfahan province, Iran","IOM Afghanistan","33.9910347, 51.4235414","Afghanistan to Iran",,"Southern Asia",4
2025.MMP0399,2025.MMP0399,"Southern Asia","Sat, 02/01/2025 - 12:00",2025,February,1,0,,,1,,"Southern Asia","Vehicle accident / death linked to hazardous transport",Afghanistan,"Tehran district, Tehran province, Iran","IOM Afghanistan","35.7218583, 51.3346954","Afghanistan to Iran",,"Southern Asia",4
2025.MMP0400,2025.MMP0400,"Southern Asia","Sat, 02/01/2025 - 12:00",2025,February,1,0,,,1,,"Southern Asia","Vehicle accident / death linked to hazardous transport",Afghanistan,"Tehran district, Tehran province, Iran","IOM Afghanistan","35.7218583, 51.3346954","Afghanistan to Iran",,"Southern Asia",4
2025.MMP0401,2025.MMP0401,"Southern Asia","Sat, 02/01/2025 - 12:00",2025,February,1,0,,,1,,"Southern Asia","Mixed or unknown",Afghanistan,"Uromia district, West Azarbaijan province, Iran","IOM Afghanistan","37.7595018, 45","Afghanistan to Iran",,"Southern Asia",4
2025.MMP0402,2025.MMP0402,"Southern Asia","Sat, 02/01/2025 - 12:00",2025,February,1,0,,,1,,"Southern Asia","Vehicle accident / death linked to hazardous transport",Afghanistan,"Bushehr County district, Bushehr province, Iran","IOM Afghanistan","29.0892224, 50.9706116","Afghanistan to Iran",,"Southern Asia",4
2025.MMP0403,2025.MMP0403,"Southern Asia","Sun, 02/02/2025 - 12:00",2025,February,1,0,,,1,,"Southern Asia","Mixed or unknown",Afghanistan,"Islam Shahar district, Tehran province, Iran","IOM Afghanistan","35.5501285, 51.5150077","Afghanistan to Iran",,"Southern Asia",4
2025.MMP0404,2025.MMP0404,"Southern Asia","Sun, 02/02/2025 - 12:00",2025,February,1,0,,,1,,"Southern Asia","Harsh environmental conditions / lack of adequate shelter, food, water",Afghanistan,"Oromia district, West Azarbaijan province, Iran","IOM Afghanistan","37.7595018, 45","Afghanistan to Iran",,"Southern Asia",4
2025.MMP0405,2025.MMP0405,"Southern Asia","Sun, 02/02/2025 - 12:00",2025,February,1,0,,,1,,"Southern Asia","Sickness / lack of access to adequate healthcare",Afghanistan,"Tehran district, Tehran province, Iran","IOM Afghanistan","35.7218583, 51.3346954","Afghanistan to Iran",,"Southern Asia",4
2025.MMP0406,2025.MMP0406,"Southern Asia","Sun, 02/02/2025 - 12:00",2025,February,1,0,,,1,,"Southern Asia","Sickness / lack of access to adequate healthcare",Afghanistan,"Tehran district, Tehran province, Iran","IOM Afghanistan","35.7218583, 51.3346954","Afghanistan to Iran",,"Southern Asia",4
2025.MMP0407,2025.MMP0407,"Southern Asia","Sun, 02/02/2025 - 12:00",2025,February,1,0,,1,,,"Southern Asia","Sickness / lack of access to adequate healthcare",Afghanistan,"Shiraz County district, Fars province, Iran","IOM Afghanistan","29.6266426, 52.4465474","Afghanistan to Iran",,"Southern Asia",4
2025.MMP0408,2025.MMP0408,"Southern Asia","Sun, 02/02/2025 - 12:00",2025,February,1,0,,1,,,"Southern Asia","Sickness / lack of access to adequate healthcare",Afghanistan,"Shiraz County district, Fars province, Iran","IOM Afghanistan","29.6266426, 52.4465474","Afghanistan to Iran",,"Southern Asia",4
2025.MMP0409,2025.MMP0409,"Southern Asia","Mon, 02/03/2025 - 12:00",2025,February,1,0,,,1,,"Southern Asia","Sickness / lack of access to adequate healthcare",Afghanistan,"Yazd County district, Yazd province, Iran","IOM Afghanistan","31.890628, 54.5218074","Afghanistan to Iran",,"Southern Asia",4
2025.MMP0410,2025.MMP0410,"Southern Asia","Mon, 02/03/2025 - 12:00",2025,February,1,0,,,1,,"Southern Asia","Sickness / lack of access to adequate healthcare",Afghanistan,"Rafsanjan County district, Kerman province, Iran","IOM Afghanistan","30.5586331, 55.9358581","Afghanistan to Iran",,"Southern Asia",4
2025.MMP0411,2025.MMP0411,"Southern Asia","Tue, 02/04/2025 - 12:00",2025,February,1,0,,,1,1,"Southern Asia","Vehicle accident / death linked to hazardous transport",Afghanistan,"Tehran district, Tehran province, Iran","IOM Afghanistan","35.7218583, 51.3346954","Afghanistan to Iran",,"Southern Asia",4
2025.MMP0412,2025.MMP0412,"Southern Asia","Tue, 02/04/2025 - 12:00",2025,February,1,0,,,1,,"Southern Asia","Sickness / lack of access to adequate healthcare",Afghanistan,"Tehran district, Tehran province, Iran","IOM Afghanistan","35.7218583, 51.3346954","Afghanistan to Iran",,"Southern Asia",4
2025.MMP0413,2025.MMP0413,"Southern Asia","Tue, 02/04/2025 - 12:00",2025,February,1,0,,,1,,"Southern Asia","Sickness / lack of access to adequate healthcare",Afghanistan,"Mashad district, Razawi Khurasan province, Iran","IOM Afghanistan","36.2972006, 59.60669","Afghanistan to Iran",,"Southern Asia",4
2025.MMP0414,2025.MMP0414,"Southern Asia","Tue, 02/04/2025 - 12:00",2025,February,1,0,,,1,,"Southern Asia","Sickness / lack of access to adequate healthcare",Afghanistan,"Isfahan County district, Esfahan province, Iran","IOM Afghanistan","32.2515792, 52.5318604","Afghanistan to Iran",,"Southern Asia",4
2025.MMP0415,2025.MMP0415,"Southern Asia","Wed, 02/05/2025 - 12:00",2025,February,1,0,,,1,,"Southern Asia","Mixed or unknown",Afghanistan,"Tehran district, Tehran province, Iran","IOM Afghanistan","35.7218583, 51.3346954","Afghanistan to Iran",,"Southern Asia",4
2025.MMP0416,2025.MMP0416,"Southern Asia","Wed, 02/05/2025 - 12:00",2025,February,1,0,,,1,,"Southern Asia","Sickness / lack of access to adequate healthcare",Afghanistan,"Tehran district, Tehran province, Iran","IOM Afghanistan","35.7218583, 51.3346954","Afghanistan to Iran",,"Southern Asia",4
2025.MMP0417,2025.MMP0417,"Southern Asia","Wed, 02/05/2025 - 12:00",2025,February,1,0,,,1,,"Southern Asia","Mixed or unknown",Afghanistan,"Shiraz County district, Fars province, Iran","IOM Afghanistan","29.6266426, 52.4465474","Afghanistan to Iran",,"Southern Asia",4
2025.MMP0418,2025.MMP0418,"Southern Asia","Wed, 02/05/2025 - 12:00",2025,February,1,0,,,1,,"Southern Asia","Sickness / lack of access to adequate healthcare",Afghanistan,"Kerman County district, Kerman province, Iran","IOM Afghanistan","30.5757091, 58.0071922","Afghanistan to Iran",,"Southern Asia",4
2025.MMP0419,2025.MMP0419,"Southern Asia","Wed, 02/05/2025 - 12:00",2025,February,1,0,,,1,,"Southern Asia","Sickness / lack of access to adequate healthcare",Afghanistan,"Yazd County district, Yazd province, Iran","IOM Afghanistan","31.890628, 54.5218074","Afghanistan to Iran",,"Southern Asia",4
2025.MMP0420,2025.MMP0420,"Southern Asia","Wed, 02/05/2025 - 12:00",2025,February,1,0,,1,,1,"Southern Asia","Sickness / lack of access to adequate healthcare",Afghanistan,"Yazd County district, Yazd province, Iran","IOM Afghanistan","31.890628, 54.5218074","Afghanistan to Iran",,"Southern Asia",4
2025.MMP0421,2025.MMP0421,"Southern Asia","Wed, 02/05/2025 - 12:00",2025,February,1,0,,,1,,"Southern Asia","Sickness / lack of access to adequate healthcare",Afghanistan,"Kerman County district, Kerman province, Iran","IOM Afghanistan","30.5757091, 58.0071922","Afghanistan to Iran",,"Southern Asia",4
2025.MMP0422,2025.MMP0422,"Southern Asia","Wed, 02/05/2025 - 12:00",2025,February,1,0,,,1,,"Southern Asia","Sickness / lack of access to adequate healthcare",Afghanistan,"Shiraz County district, Fars province, Iran","IOM Afghanistan","29.6266426, 52.4465474","Afghanistan to Iran",,"Southern Asia",4
2025.MMP0423,2025.MMP0423,"Southern Asia","Thu, 02/06/2025 - 12:00",2025,February,1,0,,1,,,"Southern Asia","Sickness / lack of access to adequate healthcare",Afghanistan,"Tehran district, Tehran province, Iran","IOM Afghanistan","35.7218583, 51.3346954","Afghanistan to Iran",,"Southern Asia",4
2025.MMP0424,2025.MMP0424,"Southern Asia","Thu, 02/06/2025 - 12:00",2025,February,1,0,,,1,,"Southern Asia","Mixed or unknown",Afghanistan,"Tehran district, Tehran province, Iran","IOM Afghanistan","35.7218583, 51.3346954","Afghanistan to Iran",,"Southern Asia",4
2025.MMP0425,2025.MMP0425,"Southern Asia","Thu, 02/06/2025 - 12:00",2025,February,1,0,,1,,1,"Southern Asia","Sickness / lack of access to adequate healthcare",Afghanistan,"Yazd County district, Yazd province, Iran","IOM Afghanistan","31.890628, 54.5218074","Afghanistan to Iran",,"Southern Asia",4
2025.MMP0426,2025.MMP0426,"Southern Asia","Thu, 02/06/2025 - 12:00",2025,February,1,0,,,1,,"Southern Asia","Sickness / lack of access to adequate healthcare",Afghanistan,"Yazd County district, Yazd province, Iran","IOM Afghanistan","31.890628, 54.5218074","Afghanistan to Iran",,"Southern Asia",4
2025.MMP0427,2025.MMP0427,"Southern Asia","Fri, 02/07/2025 - 12:00",2025,February,1,0,,,1,,"Southern Asia","Sickness / lack of access to adequate healthcare",Afghanistan,"Tehran district, Tehran province, Iran","IOM Afghanistan","35.7218583, 51.3346954","Afghanistan to Iran",,"Southern Asia",4
2025.MMP0428,2025.MMP0428,"Southern Asia","Fri, 02/07/2025 - 12:00",2025,February,1,0,,,1,1,"Southern Asia","Sickness / lack of access to adequate healthcare",Afghanistan,"Tehran district, Tehran province, Iran","IOM Afghanistan","35.7218583, 51.3346954","Afghanistan to Iran",,"Southern Asia",4
2025.MMP0429,2025.MMP0429,"Southern Asia","Fri, 02/07/2025 - 12:00",2025,February,1,0,,,1,,"Southern Asia","Vehicle accident / death linked to hazardous transport",Afghanistan,"Shiraz County district, Fars province, Iran","IOM Afghanistan","29.6266426, 52.4465474","Afghanistan to Iran",,"Southern Asia",4
2025.MMP0430,2025.MMP0430,"Southern Asia","Fri, 02/07/2025 - 12:00",2025,February,1,0,,1,,,"Southern Asia","Sickness / lack of access to adequate healthcare",Afghanistan,"Karaj County district, Alborz province, Iran","IOM Afghanistan","35.9652167, 51.1376317","Afghanistan to Iran",,"Southern Asia",4
2025.MMP0431,2025.MMP0431,"Southern Asia","Sat, 02/08/2025 - 12:00",2025,February,1,0,,,1,,"Southern Asia","Vehicle accident / death linked to hazardous transport",Afghanistan,"Tehran district, Tehran province, Iran","IOM Afghanistan","35.7218583, 51.3346954","Afghanistan to Iran",,"Southern Asia",4
2025.MMP0432,2025.MMP0432,"Southern Asia","Sat, 02/08/2025 - 12:00",2025,February,1,0,,,1,,"Southern Asia","Mixed or unknown",Afghanistan,"Tehran district, Tehran province, Iran","IOM Afghanistan","35.7218583, 51.3346954","Afghanistan to Iran",,"Southern Asia",4
2025.MMP0433,2025.MMP0433,"Southern Asia","Sun, 02/09/2025 - 12:00",2025,February,1,0,,,1,,"Southern Asia","Accidental death",Afghanistan,"Tehran district, Tehran province, Iran","IOM Afghanistan","35.7218583, 51.3346954","Afghanistan to Iran",,"Southern Asia",4
2025.MMP0434,2025.MMP0434,"Southern Asia","Sun, 02/09/2025 - 12:00",2025,February,1,0,,1,,,"Southern Asia","Accidental death",Afghanistan,"Tehran district, Tehran province, Iran","IOM Afghanistan","35.7218583, 51.3346954","Afghanistan to Iran",,"Southern Asia",4
2025.MMP0435,2025.MMP0435,"Southern Asia","Sun, 02/09/2025 - 12:00",2025,February,1,0,,,1,,"Southern Asia","Mixed or unknown",Afghanistan,"Tehran district, Tehran province, Iran","IOM Afghanistan","35.7218583, 51.3346954","Afghanistan to Iran",,"Southern Asia",4
2025.MMP0436,2025.MMP0436,"Southern Asia","Sun, 02/09/2025 - 12:00",2025,February,1,0,,1,,,"Southern Asia","Vehicle accident / death linked to hazardous transport",Afghanistan,"Shiraz County district, Fars province, Iran","IOM Afghanistan","29.6266426, 52.4465474","Afghanistan to Iran",,"Southern Asia",4
2025.MMP0437,2025.MMP0437,"Southern Asia","Sun, 02/09/2025 - 12:00",2025,February,1,0,,1,,,"Southern Asia","Sickness / lack of access to adequate healthcare",Afghanistan,"Kerman County district, Kerman province, Iran","IOM Afghanistan","30.5757091, 58.0071922","Afghanistan to Iran",,"Southern Asia",4
2025.MMP0438,2025.MMP0438,"Southern Asia","Mon, 02/10/2025 - 12:00",2025,February,1,0,,,1,,"Southern Asia",Violence,Afghanistan,"Zabol County district, Sistan_and_Baluchestan province, Iran","IOM Afghanistan","31.0126661, 61.5836897","Afghanistan to Iran",,"Southern Asia",4
2025.MMP0439,2025.MMP0439,"Southern Asia","Mon, 02/10/2025 - 12:00",2025,February,1,0,,,1,,"Southern Asia","Vehicle accident / death linked to hazardous transport",Afghanistan,"Bushehr County district, Bushehr province, Iran","IOM Afghanistan","29.0892224, 50.9706116","Afghanistan to Iran",,"Southern Asia",4
2025.MMP0440,2025.MMP0440,"Southern Asia","Mon, 02/10/2025 - 12:00",2025,February,1,0,,,1,,"Southern Asia","Sickness / lack of access to adequate healthcare",Afghanistan,"Saravan County district, Sistan_and_Baluchestan province, Iran","IOM Afghanistan","27.7344555, 62.2626627","Afghanistan to Iran",,"Southern Asia",4
2025.MMP0441,2025.MMP0441,"Southern Asia","Mon, 02/10/2025 - 12:00",2025,February,1,0,,,1,,"Southern Asia","Sickness / lack of access to adequate healthcare",Afghanistan,"Isfahan County district, Esfahan province, Iran","IOM Afghanistan","32.2515792, 52.5318604","Afghanistan to Iran",,"Southern Asia",4
2025.MMP0442,2025.MMP0442,"Southern Asia","Mon, 02/10/2025 - 12:00",2025,February,1,0,,,1,,"Southern Asia",Violence,Afghanistan,"Bushehr County district, Bushehr province, Iran","IOM Afghanistan","29.0892224, 50.9706116","Afghanistan to Iran",,"Southern Asia",4
2025.MMP0443,2025.MMP0443,"Southern Asia","Mon, 02/10/2025 - 12:00",2025,February,1,0,,,1,,"Southern Asia","Harsh environmental conditions / lack of adequate shelter, food, water",Afghanistan,"Urmia County district, West_Azerbaijan province, Iran","IOM Afghanistan","37.6067393, 44.8425388","Iran to Türkiye",,"Southern Asia",4
2025.MMP0444,2025.MMP0444,"Southern Asia","Mon, 02/10/2025 - 12:00",2025,February,1,0,,,1,,"Southern Asia","Harsh environmental conditions / lack of adequate shelter, food, water",Afghanistan,"Chaldoran County district, West_Azerbaijan province, Iran","IOM Afghanistan","39.1245115, 44.3479762","Iran to Türkiye",,"Southern Asia",4
2025.MMP0445,2025.MMP0445,"Southern Asia","Mon, 02/10/2025 - 12:00",2025,February,1,0,,,1,,"Southern Asia","Harsh environmental conditions / lack of adequate shelter, food, water",Afghanistan,"Chaldoran County district, West_Azerbaijan province, Iran","IOM Afghanistan","39.1245115, 44.3479762","Iran to Türkiye",,"Southern Asia",4
2025.MMP0446,2025.MMP0446,"Southern Asia","Tue, 02/11/2025 - 12:00",2025,February,1,0,,1,,,"Southern Asia","Sickness / lack of access to adequate healthcare",Afghanistan,"Tehran district, Tehran province, Iran","IOM Afghanistan","35.7218583, 51.3346954","Afghanistan to Iran",,"Southern Asia",4
2025.MMP0447,2025.MMP0447,"Southern Asia","Tue, 02/11/2025 - 12:00",2025,February,1,0,,,1,,"Southern Asia",Drowning,Afghanistan,"Tehran district, Tehran province, Iran","IOM Afghanistan","35.7218583, 51.3346954","Afghanistan to Iran",,"Southern Asia",4
2025.MMP0448,2025.MMP0448,"Southern Asia","Tue, 02/11/2025 - 12:00",2025,February,1,0,,,1,,"Southern Asia","Accidental death",Afghanistan,"Naw shar district, Mazandaran province, Iran","IOM Afghanistan","36.3993691, 52.1912307","Afghanistan to Iran",,"Southern Asia",4
2025.MMP0449,2025.MMP0449,"Southern Asia","Tue, 02/11/2025 - 12:00",2025,February,1,0,,,1,,"Southern Asia","Sickness / lack of access to adequate healthcare",Afghanistan,"Tehran district, Tehran province, Iran","IOM Afghanistan","35.7218583, 51.3346954","Afghanistan to Iran",,"Southern Asia",4
2025.MMP0450,2025.MMP0450,"Southern Asia","Tue, 02/11/2025 - 12:00",2025,February,1,0,,,1,,"Southern Asia","Sickness / lack of access to adequate healthcare",Afghanistan,"Isfahan County district, Esfahan province, Iran","IOM Afghanistan","32.2515792, 52.5318604","Afghanistan to Iran",,"Southern Asia",4
2025.MMP0451,2025.MMP0451,"Southern Asia","Wed, 02/12/2025 - 12:00",2025,February,1,0,,,1,,"Southern Asia","Mixed or unknown",Afghanistan,"Shiraz County district, Fars province, Iran","IOM Afghanistan","29.6266426, 52.4465474","Afghanistan to Iran",,"Southern Asia",4
2025.MMP0452,2025.MMP0452,"Southern Asia","Thu, 02/13/2025 - 12:00",2025,February,1,0,,,1,,"Southern Asia","Sickness / lack of access to adequate healthcare",Afghanistan,"Tehran district, Tehran province, Iran","IOM Afghanistan","35.7218583, 51.3346954","Afghanistan to Iran",,"Southern Asia",4
2025.MMP0453,2025.MMP0453,"Southern Asia","Thu, 02/13/2025 - 12:00",2025,February,1,0,,1,,,"Southern Asia","Sickness / lack of access to adequate healthcare",Afghanistan,"Mashad district, Razawi Khurasan province, Iran","IOM Afghanistan","36.2972006, 59.60669","Afghanistan to Iran",,"Southern Asia",4
2025.MMP0454,2025.MMP0454,"Southern Asia","Thu, 02/13/2025 - 12:00",2025,February,1,0,,,1,,"Southern Asia","Sickness / lack of access to adequate healthcare",Afghanistan,"Shiraz district, Shiraz province, Iran","IOM Afghanistan","29.5926119, 52.5835646","Afghanistan to Iran",,"Southern Asia",4
2025.MMP0455,2025.MMP0455,"Southern Asia","Fri, 02/14/2025 - 12:00",2025,February,1,0,,,1,,"Southern Asia","Harsh environmental conditions / lack of adequate shelter, food, water",Afghanistan,"khoy district, Mazandaran province, Iran","IOM Afghanistan","36.3993691, 52.1912307","Afghanistan to Iran",,"Southern Asia",4
2025.MMP0456,2025.MMP0456,"Southern Asia","Fri, 02/14/2025 - 12:00",2025,February,1,0,,,1,,"Southern Asia","Sickness / lack of access to adequate healthcare",Afghanistan,"Karaj district, Tehran province, Iran","IOM Afghanistan","35.7659203, 51.0540979","Afghanistan to Iran",,"Southern Asia",4
2025.MMP0457,2025.MMP0457,"Southern Asia","Fri, 02/14/2025 - 12:00",2025,February,1,0,,,1,,"Southern Asia","Sickness / lack of access to adequate healthcare",Afghanistan,"Shahryar district, Tehran province, Iran","IOM Afghanistan","35.6529119, 51.0599647","Afghanistan to Iran",,"Southern Asia",4
2025.MMP0458,2025.MMP0458,"Southern Asia","Fri, 02/14/2025 - 12:00",2025,February,1,0,,1,,,"Southern Asia","Sickness / lack of access to adequate healthcare",Afghanistan,"Yazd County district, Yazd province, Iran","IOM Afghanistan","31.890628, 54.5218074","Afghanistan to Iran",,"Southern Asia",4
2025.MMP0459,2025.MMP0459,"Southern Asia","Fri, 02/14/2025 - 12:00",2025,February,1,0,,,1,,"Southern Asia","Sickness / lack of access to adequate healthcare",Afghanistan,"Yazd County district, Yazd province, Iran","IOM Afghanistan","31.890628, 54.5218074","Afghanistan to Iran",,"Southern Asia",4
2025.MMP0460,2025.MMP0460,"Southern Asia","Fri, 02/14/2025 - 12:00",2025,February,1,0,,,1,,"Southern Asia","Vehicle accident / death linked to hazardous transport",Afghanistan,"Behbahan County district, Khuzestan province, Iran","IOM Afghanistan","30.5927622, 50.265662","Afghanistan to Iran",,"Southern Asia",4
2025.MMP0461,2025.MMP0461,"Southern Asia","Sat, 02/15/2025 - 12:00",2025,February,1,0,,,1,,"Southern Asia","Sickness / lack of access to adequate healthcare",Afghanistan,"Mashhad district, Razawi Khurasan province, Iran","IOM Afghanistan","36.2972006, 59.60669","Afghanistan to Iran",,"Southern Asia",4
2025.MMP0462,2025.MMP0462,"Southern Asia","Sat, 02/15/2025 - 12:00",2025,February,1,0,,,1,,"Southern Asia",Violence,Afghanistan,"Yazd County district, Yazd province, Iran","IOM Afghanistan","31.890628, 54.5218074","Afghanistan to Iran",,"Southern Asia",4
2025.MMP0463,2025.MMP0463,"Southern Asia","Sat, 02/15/2025 - 12:00",2025,February,1,0,,,1,,"Southern Asia","Harsh environmental conditions / lack of adequate shelter, food, water",Afghanistan,"Urmia County district, West_Azerbaijan province, Iran","IOM Afghanistan","37.6067393, 44.8425388","Iran to Türkiye",,"Southern Asia",4
2025.MMP0464,2025.MMP0464,"Southern Asia","Sat, 02/15/2025 - 12:00",2025,February,1,0,,,1,1,"Southern Asia","Harsh environmental conditions / lack of adequate shelter, food, water",Afghanistan,"Urmia County district, West_Azerbaijan province, Iran","IOM Afghanistan","37.6067393, 44.8425388","Iran to Türkiye",,"Southern Asia",4
2025.MMP0465,2025.MMP0465,"Southern Asia","Sat, 02/15/2025 - 12:00",2025,February,1,0,,,1,,"Southern Asia","Harsh environmental conditions / lack of adequate shelter, food, water",Afghanistan,"Urmia County district, West_Azerbaijan province, Iran","IOM Afghanistan","37.6067393, 44.8425388","Iran to Türkiye",,"Southern Asia",4
2025.MMP0466,2025.MMP0466,"Southern Asia","Sat, 02/15/2025 - 12:00",2025,February,1,0,,,1,1,"Southern Asia","Harsh environmental conditions / lack of adequate shelter, food, water",Afghanistan,"Urmia County district, West_Azerbaijan province, Iran","IOM Afghanistan","37.6067393, 44.8425388","Iran to Türkiye",,"Southern Asia",4
2025.MMP0467,2025.MMP0467,"Southern Asia","Sun, 02/16/2025 - 12:00",2025,February,1,0,,,1,,"Southern Asia","Sickness / lack of access to adequate healthcare",Afghanistan,"Mashhad district, Razawi Khurasan province, Iran","IOM Afghanistan","36.2972006, 59.60669","Afghanistan to Iran",,"Southern Asia",4
2025.MMP0468,2025.MMP0468,"Southern Asia","Sun, 02/16/2025 - 12:00",2025,February,1,0,,,1,,"Southern Asia","Accidental death",Afghanistan,"Bandar-Abbas County district, Hormozgan province, Iran","IOM Afghanistan","27.649874, 56.382423","Afghanistan to Iran",,"Southern Asia",4
2025.MMP0469,2025.MMP0469,"Southern Asia","Sun, 02/16/2025 - 12:00",2025,February,1,0,,,1,,"Southern Asia",Violence,Afghanistan,"Jiroft County district, Kerman province, Iran","IOM Afghanistan","28.9385299, 57.4627259","Afghanistan to Iran",,"Southern Asia",4
2025.MMP0470,2025.MMP0470,"Southern Asia","Mon, 02/17/2025 - 12:00",2025,February,1,0,,,1,,"Southern Asia","Sickness / lack of access to adequate healthcare",Afghanistan,"Tajrish district, Tehran province, Iran","IOM Afghanistan","35.8047339, 51.4340076","Afghanistan to Iran",,"Southern Asia",4
2025.MMP0471,2025.MMP0471,"Southern Asia","Mon, 02/17/2025 - 12:00",2025,February,1,0,,,1,,"Southern Asia","Sickness / lack of access to adequate healthcare",Afghanistan,"Tajrish district, Tehran province, Iran","IOM Afghanistan","35.8047339, 51.4340076","Afghanistan to Iran",,"Southern Asia",4
2025.MMP0472,2025.MMP0472,"Southern Asia","Mon, 02/17/2025 - 12:00",2025,February,1,0,,,1,,"Southern Asia","Sickness / lack of access to adequate healthcare",Afghanistan,"Isfahan County district, Esfahan province, Iran","IOM Afghanistan","32.2515792, 52.5318604","Afghanistan to Iran",,"Southern Asia",4
2025.MMP0473,2025.MMP0473,"Southern Asia","Mon, 02/17/2025 - 12:00",2025,February,1,0,,1,,,"Southern Asia","Sickness / lack of access to adequate healthcare",Afghanistan,"Shiraz County district, Fars province, Iran","IOM Afghanistan","29.6266426, 52.4465474","Afghanistan to Iran",,"Southern Asia",4
2025.MMP0474,2025.MMP0474,"Central America","Tue, 02/18/2025 - 12:00",2025,February,,1,,1,,,Caribbean,"Mixed or unknown",Cuba,"Undetermined location off the coast of Puerto Madero, Chiapas, Mexico",Cibercuba,"14.72051569, -92.42685269",,https://perma.cc/Q6LM-W7RF,"Central America",1
2025.MMP0475,2025.MMP0475,"Southern Asia","Wed, 02/19/2025 - 12:00",2025,February,1,0,,,1,,"Southern Asia",Violence,Afghanistan,"chardonga district, tehran province, Iran","IOM Afghanistan","35.5501285, 51.5150077","Afghanistan to Iran",,"Southern Asia",4
2025.MMP0476,2025.MMP0476,"Southern Asia","Thu, 02/20/2025 - 12:00",2025,February,1,0,,,1,,"Southern Asia","Sickness / lack of access to adequate healthcare",Afghanistan,"Tehran district, Tehran province, Iran","IOM Afghanistan","35.7218583, 51.3346954","Afghanistan to Iran",,"Southern Asia",4
2025.MMP0477,2025.MMP0477,"Southern Asia","Thu, 02/20/2025 - 12:00",2025,February,1,0,,,1,,"Southern Asia","Sickness / lack of access to adequate healthcare",Afghanistan,"Tehran district, Tehran province, Iran","IOM Afghanistan","35.7218583, 51.3346954","Afghanistan to Iran",,"Southern Asia",4
2025.MMP0478,2025.MMP0478,"Southern Asia","Thu, 02/20/2025 - 12:00",2025,February,1,0,,1,,,"Southern Asia",Violence,Afghanistan,"Karaj district, Alborz province, Iran","IOM Afghanistan","35.8438581, 50.9714995","Afghanistan to Iran",,"Southern Asia",4
2025.MMP0479,2025.MMP0479,"Southern Asia","Thu, 02/20/2025 - 12:00",2025,February,1,0,,1,,1,"Southern Asia","Mixed or unknown",Afghanistan,"Karaj district, Alborz province, Iran","IOM Afghanistan","35.8438581, 50.9714995","Afghanistan to Iran",,"Southern Asia",4
2025.MMP0480,2025.MMP0480,"Southern Asia","Thu, 02/20/2025 - 12:00",2025,February,1,0,,1,,,"Southern Asia","Sickness / lack of access to adequate healthcare",Afghanistan,"Yazd County district, Yazd province, Iran","IOM Afghanistan","31.890628, 54.5218074","Afghanistan to Iran",,"Southern Asia",4
2025.MMP0481,2025.MMP0481,"Southern Asia","Thu, 02/20/2025 - 12:00",2025,February,1,0,,1,,,"Southern Asia","Sickness / lack of access to adequate healthcare",Afghanistan,"Isfahan County district, Esfahan province, Iran","IOM Afghanistan","32.2515792, 52.5318604","Afghanistan to Iran",,"Southern Asia",4
2025.MMP0482,2025.MMP0482,"Southern Asia","Thu, 02/20/2025 - 12:00",2025,February,1,0,,,1,,"Southern Asia","Harsh environmental conditions / lack of adequate shelter, food, water",Afghanistan,"Urmia County district, West_Azerbaijan province, Iran","IOM Afghanistan","37.6067393, 44.8425388","Iran to Türkiye",,"Southern Asia",4
2025.MMP0483,2025.MMP0483,"Southern Asia","Thu, 02/20/2025 - 12:00",2025,February,1,0,,,1,,"Southern Asia",Violence,Afghanistan,"Zabol County district, Sistan_and_Baluchestan province, Iran","IOM Afghanistan","31.0126661, 61.5836897","Afghanistan to Iran",,"Southern Asia",4
2025.MMP0484,2025.MMP0484,"Southern Asia","Fri, 02/21/2025 - 12:00",2025,February,1,0,,,1,,"Southern Asia","Sickness / lack of access to adequate healthcare",Afghanistan,"Tehran district, Tehran province, Iran","IOM Afghanistan","35.7218583, 51.3346954","Afghanistan to Iran",,"Southern Asia",4
2025.MMP0485,2025.MMP0485,"Southern Asia","Fri, 02/21/2025 - 12:00",2025,February,1,0,,,1,,"Southern Asia","Mixed or unknown",Afghanistan,"Ezat Shahr district, Mazandaran province, Iran","IOM Afghanistan","36.547482, 51.916672","Afghanistan to Iran",,"Southern Asia",4
2025.MMP0486,2025.MMP0486,"Southern Asia","Fri, 02/21/2025 - 12:00",2025,February,1,0,,,1,,"Southern Asia","Mixed or unknown",Afghanistan,"Qazwin district, Qazwin province, Iran","IOM Afghanistan","36.2795045, 50.0045669","Afghanistan to Iran",,"Southern Asia",4
2025.MMP0487,2025.MMP0487,"Southern Asia","Fri, 02/21/2025 - 12:00",2025,February,1,0,,,1,,"Southern Asia","Sickness / lack of access to adequate healthcare",Afghanistan,"Yazd County district, Yazd province, Iran","IOM Afghanistan","31.890628, 54.5218074","Afghanistan to Iran",,"Southern Asia",4
2025.MMP0488,2025.MMP0488,"Southern Asia","Fri, 02/21/2025 - 12:00",2025,February,1,0,,,1,,"Southern Asia","Sickness / lack of access to adequate healthcare",Afghanistan,"Shiraz County district, Fars province, Iran","IOM Afghanistan","29.6266426, 52.4465474","Afghanistan to Iran",,"Southern Asia",4
2025.MMP0489,2025.MMP0489,"Southern Asia","Fri, 02/21/2025 - 12:00",2025,February,1,0,,,1,,"Southern Asia","Harsh environmental conditions / lack of adequate shelter, food, water",Afghanistan,"Khoy County district, West_Azerbaijan province, Iran","IOM Afghanistan","38.5332322, 44.6783475","Iran to Türkiye",,"Southern Asia",4
2025.MMP0490,2025.MMP0490,"Southern Asia","Sat, 02/22/2025 - 12:00",2025,February,1,0,,,1,,"Southern Asia","Sickness / lack of access to adequate healthcare",Afghanistan,"Kerman County district, Kerman province, Iran","IOM Afghanistan","30.5757091, 58.0071922","Afghanistan to Iran",,"Southern Asia",4
2025.MMP0491,2025.MMP0491,"Southern Asia","Sat, 02/22/2025 - 12:00",2025,February,1,0,,1,,,"Southern Asia","Sickness / lack of access to adequate healthcare",Afghanistan,"Isfahan County district, Esfahan province, Iran","IOM Afghanistan","32.2515792, 52.5318604","Afghanistan to Iran",,"Southern Asia",4
2025.MMP0492,2025.MMP0492,"Southern Asia","Sun, 02/23/2025 - 12:00",2025,February,1,0,,,1,,"Southern Asia","Sickness / lack of access to adequate healthcare",Afghanistan,"Tehran district, Tehran province, Iran","IOM Afghanistan","35.7218583, 51.3346954","Afghanistan to Iran",,"Southern Asia",4
2025.MMP0493,2025.MMP0493,"Southern Asia","Sun, 02/23/2025 - 12:00",2025,February,1,0,,,1,,"Southern Asia","Sickness / lack of access to adequate healthcare",Afghanistan,"Kerman district, Kerman province, Iran","IOM Afghanistan","30.2839379, 57.0833628","Afghanistan to Iran",,"Southern Asia",4
2025.MMP0494,2025.MMP0494,"Southern Asia","Sun, 02/23/2025 - 12:00",2025,February,1,0,,,1,,"Southern Asia","Mixed or unknown",Afghanistan,"Tehran district, Tehran province, Iran","IOM Afghanistan","35.7218583, 51.3346954","Afghanistan to Iran",,"Southern Asia",4
2025.MMP0495,2025.MMP0495,"Southern Asia","Sun, 02/23/2025 - 12:00",2025,February,1,0,,,1,,"Southern Asia","Sickness / lack of access to adequate healthcare",Afghanistan,"Isfahan County district, Esfahan province, Iran","IOM Afghanistan","32.2515792, 52.5318604","Afghanistan to Iran",,"Southern Asia",4
2025.MMP0496,2025.MMP0496,"Southern Asia","Sun, 02/23/2025 - 12:00",2025,February,1,0,,,1,,"Southern Asia",Violence,Afghanistan,"Urmia County district, West_Azerbaijan province, Iran","IOM Afghanistan","37.6067393, 44.8425388","Iran to Türkiye",,"Southern Asia",4
2025.MMP0497,2025.MMP0497,"Southern Asia","Mon, 02/24/2025 - 12:00",2025,February,1,0,,,1,,"Southern Asia","Sickness / lack of access to adequate healthcare",Afghanistan,"Tehran district, Tehran province, Iran","IOM Afghanistan","35.7218583, 51.3346954","Afghanistan to Iran",,"Southern Asia",4
2025.MMP0498,2025.MMP0498,"Southern Asia","Mon, 02/24/2025 - 12:00",2025,February,1,0,,,1,,"Southern Asia","Mixed or unknown",Afghanistan,"Now shahr district, Mazandaran province, Iran","IOM Afghanistan","36.4003168, 51.5991643","Afghanistan to Iran",,"Southern Asia",4
2025.MMP0499,2025.MMP0499,"Southern Asia","Mon, 02/24/2025 - 12:00",2025,February,1,0,,,1,,"Southern Asia","Harsh environmental conditions / lack of adequate shelter, food, water",Afghanistan,"Khoy County district, West_Azerbaijan province, Iran","IOM Afghanistan","38.5332322, 44.6783475","Iran to Türkiye",,"Southern Asia",4
2025.MMP0500,2025.MMP0500,"Southern Asia","Wed, 02/26/2025 - 12:00",2025,February,1,0,,1,,,"Southern Asia","Sickness / lack of access to adequate healthcare",Afghanistan,"Tehran district, Tehran province, Iran","IOM Afghanistan","35.7218583, 51.3346954","Afghanistan to Iran",,"Southern Asia",4
2025.MMP0501,2025.MMP0501,"Southern Asia","Wed, 02/26/2025 - 12:00",2025,February,1,0,,,1,,"Southern Asia","Sickness / lack of access to adequate healthcare",Afghanistan,"Tehran district, Tehran province, Iran","IOM Afghanistan","35.7218583, 51.3346954","Afghanistan to Iran",,"Southern Asia",4
2025.MMP0502,2025.MMP0502,"Southern Asia","Wed, 02/26/2025 - 12:00",2025,February,1,0,,1,,,"Southern Asia","Sickness / lack of access to adequate healthcare",Afghanistan,"Tehran district, Tehran province, Iran","IOM Afghanistan","35.7218583, 51.3346954","Afghanistan to Iran",,"Southern Asia",4
2025.MMP0503,2025.MMP0503,"Southern Asia","Wed, 02/26/2025 - 12:00",2025,February,1,0,,,1,,"Southern Asia","Sickness / lack of access to adequate healthcare",Afghanistan,"Shiraz County district, Fars province, Iran","IOM Afghanistan","29.6266426, 52.4465474","Afghanistan to Iran",,"Southern Asia",4
2025.MMP0504,2025.MMP0504,"Southern Asia","Thu, 02/27/2025 - 12:00",2025,February,1,0,,,1,,"Southern Asia","Sickness / lack of access to adequate healthcare",Afghanistan,"Tehran district, tehran province, Iran","IOM Afghanistan","35.7218583, 51.3346954","Afghanistan to Iran",,"Southern Asia",4
2025.MMP0505,2025.MMP0505,"Southern Asia","Thu, 02/27/2025 - 12:00",2025,February,1,0,,,1,,"Southern Asia","Sickness / lack of access to adequate healthcare",Afghanistan,"Tehran district, tehran province, Iran","IOM Afghanistan","35.7218583, 51.3346954","Afghanistan to Iran",,"Southern Asia",4
2025.MMP0506,2025.MMP0506,"Southern Asia","Thu, 02/27/2025 - 12:00",2025,February,1,0,,,1,,"Southern Asia","Sickness / lack of access to adequate healthcare",Afghanistan,"Tehran district, tehran province, Iran","IOM Afghanistan","35.7218583, 51.3346954","Afghanistan to Iran",,"Southern Asia",4
2025.MMP0507,2025.MMP0507,"Southern Asia","Thu, 02/27/2025 - 12:00",2025,February,1,0,,,1,,"Southern Asia",Violence,Afghanistan,"Taiebat district, Rezavi province, Iran","IOM Afghanistan","35.1020253, 59.1041758","Afghanistan to Iran",,"Southern Asia",4
2025.MMP0508,2025.MMP0508,"Southern Asia","Thu, 02/27/2025 - 12:00",2025,February,1,0,,,1,,"Southern Asia","Sickness / lack of access to adequate healthcare",Afghanistan,"Shiraz County district, Fars province, Iran","IOM Afghanistan","29.6266426, 52.4465474","Afghanistan to Iran",,"Southern Asia",4
2025.MMP0509,2025.MMP0509,"Southern Asia","Thu, 02/27/2025 - 12:00",2025,February,1,0,,,1,,"Southern Asia","Vehicle accident / death linked to hazardous transport",Afghanistan,"Isfahan County district, Esfahan province, Iran","IOM Afghanistan","32.2515792, 52.5318604","Afghanistan to Iran",,"Southern Asia",4
2025.MMP0510,2025.MMP0510,"Southern Asia","Thu, 02/27/2025 - 12:00",2025,February,1,0,,,1,,"Southern Asia","Sickness / lack of access to adequate healthcare",Afghanistan,"Shiraz County district, Fars province, Iran","IOM Afghanistan","29.6266426, 52.4465474","Afghanistan to Iran",,"Southern Asia",4
2025.MMP0511,2025.MMP0511,"Southern Asia","Fri, 02/28/2025 - 12:00",2025,February,1,0,,,1,,"Southern Asia","Vehicle accident / death linked to hazardous transport",Afghanistan,"Jiroft County district, Kerman province, Iran","IOM Afghanistan","28.9385299, 57.4627259","Afghanistan to Iran",,"Southern Asia",4
2025.MMP0512,2025.MMP0512,"Southern Asia","Sat, 03/01/2025 - 12:00",2025,March,1,0,,,1,,"Southern Asia","Vehicle accident / death linked to hazardous transport",Afghanistan,"Zahedan County district, Sistan_and_Baluchestan province, Iran","IOM Afghanistan","29.8162933, 60.2110752","Afghanistan to Iran",,"Southern Asia",4
2025.MMP0513,2025.MMP0513,"Southern Asia","Sat, 03/01/2025 - 12:00",2025,March,1,0,,,1,,"Southern Asia",Violence,Afghanistan,"Ahvaz County district, Khuzestan province, Iran","IOM Afghanistan","31.1769153, 48.9605972","Afghanistan to Iran",,"Southern Asia",4
2025.MMP0514,2025.MMP0514,"Southern Asia","Sat, 03/01/2025 - 12:00",2025,March,1,0,,,1,,"Southern Asia","Vehicle accident / death linked to hazardous transport",Afghanistan,"Bandar-Lengeh County district, Hormozgan province, Iran","IOM Afghanistan","26.7674997, 54.6972774","Afghanistan to Iran",,"Southern Asia",4
2025.MMP0515,2025.MMP0515,"Southern Asia","Sat, 03/01/2025 - 12:00",2025,March,1,0,,,1,,"Southern Asia","Vehicle accident / death linked to hazardous transport",Afghanistan,"Shiraz County district, Fars province, Iran","IOM Afghanistan","29.6266426, 52.4465474","Afghanistan to Iran",,"Southern Asia",4
2025.MMP0516,2025.MMP0516,"Southern Asia","Sat, 03/01/2025 - 12:00",2025,March,1,0,,,1,,"Southern Asia","Sickness / lack of access to adequate healthcare",Afghanistan,"Shiraz County district, Fars province, Iran","IOM Afghanistan","29.6266426, 52.4465474","Afghanistan to Iran",,"Southern Asia",4
2025.MMP0517,2025.MMP0517,"Southern Asia","Sun, 03/02/2025 - 12:00",2025,March,1,0,,,1,1,"Southern Asia","Sickness / lack of access to adequate healthcare",Afghanistan,"tehran district, tehran province, Iran","IOM Afghanistan","35.7218583, 51.3346954","Afghanistan to Iran",,"Southern Asia",4
2025.MMP0518,2025.MMP0518,"Southern Asia","Sun, 03/02/2025 - 12:00",2025,March,1,0,,,1,,"Southern Asia","Sickness / lack of access to adequate healthcare",Afghanistan,"tehran district, tehran province, Iran","IOM Afghanistan","35.7218583, 51.3346954","Afghanistan to Iran",,"Southern Asia",4
2025.MMP0519,2025.MMP0519,"Southern Asia","Sun, 03/02/2025 - 12:00",2025,March,1,0,,,1,,"Southern Asia","Accidental death",Afghanistan,"Bandar-Abbas County district, Hormozgan province, Iran","IOM Afghanistan","27.649874, 56.382423","Afghanistan to Iran",,"Southern Asia",4
2025.MMP0520,2025.MMP0520,"Southern Asia","Mon, 03/03/2025 - 12:00",2025,March,1,0,,,1,,"Southern Asia","Mixed or unknown",Afghanistan,"tehran district, tehran province, Iran","IOM Afghanistan","35.7218583, 51.3346954","Afghanistan to Iran",,"Southern Asia",4
2025.MMP0521,2025.MMP0521,"Southern Asia","Mon, 03/03/2025 - 12:00",2025,March,1,0,,,1,,"Southern Asia","Sickness / lack of access to adequate healthcare",Afghanistan,"Esfahan district, Esfahan province, Iran","IOM Afghanistan","32.6538966, 51.6659656","Afghanistan to Iran",,"Southern Asia",4
2025.MMP0522,2025.MMP0522,"Southern Asia","Mon, 03/03/2025 - 12:00",2025,March,1,0,,,1,,"Southern Asia","Sickness / lack of access to adequate healthcare",Afghanistan,"Shiraz County district, Fars province, Iran","IOM Afghanistan","29.6266426, 52.4465474","Afghanistan to Iran",,"Southern Asia",4
2025.MMP0523,2025.MMP0523,"Southern Asia","Tue, 03/04/2025 - 12:00",2025,March,1,0,,,1,1,"Southern Asia","Mixed or unknown",Afghanistan,"Damawand district, Tehran province, Iran","IOM Afghanistan","35.7013041, 52.0586252","Afghanistan to Iran",,"Southern Asia",4
2025.MMP0524,2025.MMP0524,"Southern Asia","Tue, 03/04/2025 - 12:00",2025,March,1,0,,,1,,"Southern Asia","Sickness / lack of access to adequate healthcare",Afghanistan,"Damawand district, Tehran province, Iran","IOM Afghanistan","35.7013041, 52.0586252","Afghanistan to Iran",,"Southern Asia",4
2025.MMP0525,2025.MMP0525,"Southern Asia","Tue, 03/04/2025 - 12:00",2025,March,1,0,,,1,,"Southern Asia",Violence,Afghanistan,"Showt County district, West_Azerbaijan province, Iran","IOM Afghanistan","39.1268296, 44.8369839","Iran to Türkiye",,"Southern Asia",4
2025.MMP0526,2025.MMP0526,"Southern Asia","Tue, 03/04/2025 - 12:00",2025,March,1,0,,,1,,"Southern Asia",Violence,Afghanistan,"Urmia County district, West_Azerbaijan province, Iran","IOM Afghanistan","37.6067393, 44.8425388","Iran to Türkiye",,"Southern Asia",4
2025.MMP0527,2025.MMP0527,"Southern Asia","Wed, 03/05/2025 - 12:00",2025,March,1,0,,,1,,"Southern Asia","Vehicle accident / death linked to hazardous transport",Afghanistan,"Tehran district, Tehran province, Iran","IOM Afghanistan","35.7218583, 51.3346954","Afghanistan to Iran",,"Southern Asia",4
2025.MMP0528,2025.MMP0528,"Southern Asia","Wed, 03/05/2025 - 12:00",2025,March,1,0,,,1,,"Southern Asia",Drowning,Afghanistan,"Chabahar County district, Sistan_and_Baluchestan province, Iran","IOM Afghanistan","25.5259124, 61.2335592","Afghanistan to Iran",,"Southern Asia",4
2025.MMP0529,2025.MMP0529,"Southern Asia","Fri, 03/07/2025 - 12:00",2025,March,1,0,,1,,,"Southern Asia","Sickness / lack of access to adequate healthcare",Afghanistan,"Qom district, Tehran province, Iran","IOM Afghanistan","35.1689321, 51.7028296","Afghanistan to Iran",,"Southern Asia",4
2025.MMP0530,2025.MMP0530,"Southern Asia","Fri, 03/07/2025 - 12:00",2025,March,1,0,,,1,,"Southern Asia","Sickness / lack of access to adequate healthcare",Afghanistan,"Bandar-Abbas County district, Hormozgan province, Iran","IOM Afghanistan","27.649874, 56.382423","Afghanistan to Iran",,"Southern Asia",4
2025.MMP0531,2025.MMP0531,"Southern Asia","Fri, 03/07/2025 - 12:00",2025,March,1,0,,,1,,"Southern Asia","Sickness / lack of access to adequate healthcare",Afghanistan,"Bandar-Abbas County district, Hormozgan province, Iran","IOM Afghanistan","27.649874, 56.382423","Afghanistan to Iran",,"Southern Asia",4
2025.MMP0532,2025.MMP0532,"Southern Asia","Sat, 03/08/2025 - 12:00",2025,March,1,0,,,1,,"Southern Asia","Vehicle accident / death linked to hazardous transport",Afghanistan,"Bushehr County district, Bushehr province, Iran","IOM Afghanistan","29.0892224, 50.9706116","Afghanistan to Iran",,"Southern Asia",4
2025.MMP0533,2025.MMP0533,"Southern Asia","Sun, 03/09/2025 - 12:00",2025,March,1,0,,1,,,"Southern Asia","Sickness / lack of access to adequate healthcare",Afghanistan,"Karaj district, Alborz province, Iran","IOM Afghanistan","35.8438581, 50.9714995","Afghanistan to Iran",,"Southern Asia",4
2025.MMP0534,2025.MMP0534,"Southern Asia","Sun, 03/09/2025 - 12:00",2025,March,1,0,,,1,,"Southern Asia","Mixed or unknown",Afghanistan,"Tehran district, Tehran province, Iran","IOM Afghanistan","35.7218583, 51.3346954","Afghanistan to Iran",,"Southern Asia",4
2025.MMP0535,2025.MMP0535,"Southern Asia","Sun, 03/09/2025 - 12:00",2025,March,1,0,,,1,,"Southern Asia","Accidental death",Afghanistan,"Shiraz County district, Fars province, Iran","IOM Afghanistan","29.6266426, 52.4465474","Afghanistan to Iran",,"Southern Asia",4
2025.MMP0536,2025.MMP0536,"Southern Asia","Sun, 03/09/2025 - 12:00",2025,March,1,0,,,1,,"Southern Asia",Violence,Afghanistan,"Urmia County district, West_Azerbaijan province, Iran","IOM Afghanistan","37.6067393, 44.8425388","Iran to Türkiye",,"Southern Asia",4
2025.MMP0537,2025.MMP0537,"Southern Asia","Sun, 03/09/2025 - 12:00",2025,March,1,0,,,1,1,"Southern Asia",Violence,Afghanistan,"Urmia County district, West_Azerbaijan province, Iran","IOM Afghanistan","37.6067393, 44.8425388","Iran to Türkiye",,"Southern Asia",4
2025.MMP0538,2025.MMP0538,"Southern Asia","Sun, 03/09/2025 - 12:00",2025,March,1,0,,,1,,"Southern Asia",Violence,Afghanistan,"Shiraz County district, Fars province, Iran","IOM Afghanistan","29.6266426, 52.4465474","Afghanistan to Iran",,"Southern Asia",4
2025.MMP0539,2025.MMP0539,"Southern Asia","Sun, 03/09/2025 - 12:00",2025,March,1,0,,,1,1,"Southern Asia",Violence,Afghanistan,"Bandar-Abbas County district, Hormozgan province, Iran","IOM Afghanistan","27.649874, 56.382423","Afghanistan to Iran",,"Southern Asia",4
2025.MMP0540,2025.MMP0540,"Southern Asia","Sun, 03/09/2025 - 12:00",2025,March,1,0,,,1,,"Southern Asia","Sickness / lack of access to adequate healthcare",Afghanistan,"Bandar-Abbas County district, Hormozgan province, Iran","IOM Afghanistan","27.649874, 56.382423","Afghanistan to Iran",,"Southern Asia",4
2025.MMP0541,2025.MMP0541,"Southern Asia","Mon, 03/10/2025 - 12:00",2025,March,1,0,,,1,,"Southern Asia","Sickness / lack of access to adequate healthcare",Afghanistan,"Tehran district, Tehran province, Iran","IOM Afghanistan","35.7218583, 51.3346954","Afghanistan to Iran",,"Southern Asia",4
2025.MMP0542,2025.MMP0542,"Southern Asia","Tue, 03/11/2025 - 12:00",2025,March,1,0,,,1,,"Southern Asia","Sickness / lack of access to adequate healthcare",Afghanistan,"Tehran district, Tehran province, Iran","IOM Afghanistan","35.7218583, 51.3346954","Afghanistan to Iran",,"Southern Asia",4
2025.MMP0543,2025.MMP0543,"Southern Asia","Tue, 03/11/2025 - 12:00",2025,March,1,0,,,1,,"Southern Asia",Violence,Afghanistan,"Iranshahr County district, Sistan_and_Baluchestan province, Iran","IOM Afghanistan","27.9105916, 60.0259466","Afghanistan to Iran",,"Southern Asia",4
2025.MMP0544,2025.MMP0544,"Southern Asia","Tue, 03/11/2025 - 12:00",2025,March,1,0,,,1,,"Southern Asia","Sickness / lack of access to adequate healthcare",Afghanistan,"Bushehr County district, Bushehr province, Iran","IOM Afghanistan","29.0892224, 50.9706116","Afghanistan to Iran",,"Southern Asia",4
2025.MMP0545,2025.MMP0545,"Southern Asia","Wed, 03/12/2025 - 12:00",2025,March,1,0,,,1,,"Southern Asia",Violence,Afghanistan,"Taiebat district, Razawi Khurasan province, Iran","IOM Afghanistan","35.1020253, 59.1041758","Afghanistan to Iran",,"Southern Asia",4
2025.MMP0546,2025.MMP0546,"Southern Asia","Wed, 03/12/2025 - 12:00",2025,March,1,0,,,1,,"Southern Asia",Violence,Afghanistan,"Karaj County district, Alborz province, Iran","IOM Afghanistan","35.9652167, 51.1376317","Afghanistan to Iran",,"Southern Asia",4
2025.MMP0547,2025.MMP0547,"Southern Asia","Wed, 03/12/2025 - 12:00",2025,March,1,0,,,1,,"Southern Asia",Violence,Afghanistan,"Zarand County district, Kerman province, Iran","IOM Afghanistan","30.8263298, 56.2929381","Afghanistan to Iran",,"Southern Asia",4
2025.MMP0548,2025.MMP0548,"Southern Asia","Wed, 03/12/2025 - 12:00",2025,March,1,0,,,1,,"Southern Asia","Vehicle accident / death linked to hazardous transport",Afghanistan,"Shiraz County district, Fars province, Iran","IOM Afghanistan","29.6266426, 52.4465474","Afghanistan to Iran",,"Southern Asia",4
2025.MMP0549,2025.MMP0549,"Southern Asia","Wed, 03/12/2025 - 12:00",2025,March,1,0,,1,,,"Southern Asia","Sickness / lack of access to adequate healthcare",Afghanistan,"Shiraz County district, Fars province, Iran","IOM Afghanistan","29.6266426, 52.4465474","Afghanistan to Iran",,"Southern Asia",4
2025.MMP0550,2025.MMP0550,"Southern Asia","Thu, 03/13/2025 - 12:00",2025,March,1,0,,,1,1,"Southern Asia","Mixed or unknown",Afghanistan,"Zanjan district, Zanjan province, Iran","IOM Afghanistan","36.6830045, 48.5087209","Afghanistan to Iran",,"Southern Asia",4
2025.MMP0551,2025.MMP0551,"Southern Asia","Thu, 03/13/2025 - 12:00",2025,March,1,0,,,1,,"Southern Asia","Sickness / lack of access to adequate healthcare",Afghanistan,"Sava district, Arak province, Iran","IOM Afghanistan","34.0873496, 49.7022387","Afghanistan to Iran",,"Southern Asia",4
2025.MMP0552,2025.MMP0552,"Southern Asia","Thu, 03/13/2025 - 12:00",2025,March,1,0,,,1,,"Southern Asia",Violence,Afghanistan,"tehran district, tehran province, Iran","IOM Afghanistan","35.7218583, 51.3346954","Afghanistan to Iran",,"Southern Asia",4
2025.MMP0553,2025.MMP0553,"Southern Asia","Thu, 03/13/2025 - 12:00",2025,March,1,0,,,1,,"Southern Asia",Violence,Afghanistan,"tehran district, tehran province, Iran","IOM Afghanistan","35.7218583, 51.3346954","Afghanistan to Iran",,"Southern Asia",4
2025.MMP0554,2025.MMP0554,"Southern Asia","Thu, 03/13/2025 - 12:00",2025,March,1,0,,,1,,"Southern Asia",Violence,Afghanistan,"Isfahan County district, Esfahan province, Iran","IOM Afghanistan","32.2515792, 52.5318604","Afghanistan to Iran",,"Southern Asia",4
2025.MMP0555,2025.MMP0555,"Southern Asia","Fri, 03/14/2025 - 12:00",2025,March,1,0,,,1,1,"Southern Asia","Sickness / lack of access to adequate healthcare",Afghanistan,"Tehran district, Tehran province, Iran","IOM Afghanistan","35.7218583, 51.3346954","Afghanistan to Iran",,"Southern Asia",4
2025.MMP0556,2025.MMP0556,"Southern Asia","Fri, 03/14/2025 - 12:00",2025,March,1,0,,,1,,"Southern Asia","Accidental death",Afghanistan,"Bushehr County district, Bushehr province, Iran","IOM Afghanistan","29.0892224, 50.9706116","Afghanistan to Iran",,"Southern Asia",4
2025.MMP0557,2025.MMP0557,"Southern Asia","Fri, 03/14/2025 - 12:00",2025,March,1,0,,,1,,"Southern Asia",Violence,Afghanistan,"Yazd County district, Yazd province, Iran","IOM Afghanistan","31.890628, 54.5218074","Afghanistan to Iran",,"Southern Asia",4
2025.MMP0558,2025.MMP0558,"Southern Asia","Fri, 03/14/2025 - 12:00",2025,March,1,0,,,1,,"Southern Asia","Vehicle accident / death linked to hazardous transport",Afghanistan,"Chabahar County district, Sistan_and_Baluchestan province, Iran","IOM Afghanistan","25.5259124, 61.2335592","Afghanistan to Iran",,"Southern Asia",4
2025.MMP0559,2025.MMP0559,"Southern Asia","Sat, 03/15/2025 - 12:00",2025,March,1,0,,,1,,"Southern Asia","Sickness / lack of access to adequate healthcare",Afghanistan,"Shiraz County district, Fars province, Iran","IOM Afghanistan","29.6266426, 52.4465474","Afghanistan to Iran",,"Southern Asia",4
2025.MMP0560,2025.MMP0560,"Southern Asia","Sun, 03/16/2025 - 12:00",2025,March,1,0,,,1,,"Southern Asia","Sickness / lack of access to adequate healthcare",Afghanistan,"Tehran district, Tehran province, Iran","IOM Afghanistan","35.7218583, 51.3346954","Afghanistan to Iran",,"Southern Asia",4
2025.MMP0561,2025.MMP0561,"Southern Asia","Tue, 03/18/2025 - 12:00",2025,March,1,0,,,1,,"Southern Asia","Sickness / lack of access to adequate healthcare",Afghanistan,"Tehran district, Tehran province, Iran","IOM Afghanistan","35.7218583, 51.3346954","Afghanistan to Iran",,"Southern Asia",4
2025.MMP0562,2025.MMP0562,"Southern Asia","Tue, 03/18/2025 - 12:00",2025,March,1,0,,,1,,"Southern Asia","Sickness / lack of access to adequate healthcare",Afghanistan,"tehran district, Tehran province, Iran","IOM Afghanistan","35.7218583, 51.3346954","Afghanistan to Iran",,"Southern Asia",4
2025.MMP0563,2025.MMP0563,"Southern Asia","Tue, 03/18/2025 - 12:00",2025,March,1,0,,,1,1,"Southern Asia","Sickness / lack of access to adequate healthcare",Afghanistan,"Markaz district, Esfahan province, Iran","IOM Afghanistan","33.3249654, 53.3906074","Afghanistan to Iran",,"Southern Asia",4
2025.MMP0564,2025.MMP0564,"Southern Asia","Tue, 03/18/2025 - 12:00",2025,March,1,0,,1,,,"Southern Asia","Sickness / lack of access to adequate healthcare",Afghanistan,"Markazi district, Mashhad province, Iran","IOM Afghanistan","36.2972006, 59.60669","Afghanistan to Iran",,"Southern Asia",4
2025.MMP0565,2025.MMP0565,"Southern Asia","Tue, 03/18/2025 - 12:00",2025,March,1,0,,,1,,"Southern Asia","Sickness / lack of access to adequate healthcare",Afghanistan,"tehran district, tehran province, Iran","IOM Afghanistan","35.7218583, 51.3346954","Afghanistan to Iran",,"Southern Asia",4
2025.MMP0566,2025.MMP0566,"Southern Asia","Tue, 03/18/2025 - 12:00",2025,March,1,0,,,1,,"Southern Asia","Vehicle accident / death linked to hazardous transport",Afghanistan,"Shiraz County district, Fars province, Iran","IOM Afghanistan","29.6266426, 52.4465474","Afghanistan to Iran",,"Southern Asia",4
2025.MMP0567,2025.MMP0567,"Southern Asia","Wed, 03/19/2025 - 12:00",2025,March,1,0,,1,,,"Southern Asia","Sickness / lack of access to adequate healthcare",Afghanistan,"tehran district, tehran province, Iran","IOM Afghanistan","35.7218583, 51.3346954","Afghanistan to Iran",,"Southern Asia",4
2025.MMP0568,2025.MMP0568,"Southern Asia","Wed, 03/19/2025 - 12:00",2025,March,1,0,,,1,,"Southern Asia","Sickness / lack of access to adequate healthcare",Afghanistan,"Markaz district, Mazandaran province, Iran","IOM Afghanistan","36.3993691, 52.1912307","Afghanistan to Iran",,"Southern Asia",4
2025.MMP0569,2025.MMP0569,"Southern Asia","Wed, 03/19/2025 - 12:00",2025,March,1,0,,,1,,"Southern Asia",Violence,Afghanistan,"Tehran district, Tehran province, Iran","IOM Afghanistan","35.7218583, 51.3346954","Afghanistan to Iran",,"Southern Asia",4
2025.MMP0570,2025.MMP0570,"Southern Asia","Thu, 03/20/2025 - 12:00",2025,March,1,0,,,1,,"Southern Asia","Sickness / lack of access to adequate healthcare",Afghanistan,"Bandar Abo Sher district, Ahwaz province, Iran","IOM Afghanistan","31.3183272, 48.6706187","Afghanistan to Iran",,"Southern Asia",4
2025.MMP0571,2025.MMP0571,"Southern Asia","Thu, 03/20/2025 - 12:00",2025,March,1,0,,,1,,"Southern Asia",Violence,Afghanistan,"Saravan County district, Sistan_and_Baluchestan province, Iran","IOM Afghanistan","27.7344555, 62.2626627","Afghanistan to Iran",,"Southern Asia",4
2025.MMP0572,2025.MMP0572,"Southern Asia","Thu, 03/20/2025 - 12:00",2025,March,1,0,,,1,,"Southern Asia","Sickness / lack of access to adequate healthcare",Afghanistan,"Isfahan County district, Esfahan province, Iran","IOM Afghanistan","32.2515792, 52.5318604","Afghanistan to Iran",,"Southern Asia",4
2025.MMP0573,2025.MMP0573,"Southern Asia","Fri, 03/21/2025 - 12:00",2025,March,1,0,,,1,,"Southern Asia","Sickness / lack of access to adequate healthcare",Afghanistan,"Karaj district, Alborz province, Iran","IOM Afghanistan","35.8438581, 50.9714995","Afghanistan to Iran",,"Southern Asia",4
2025.MMP0574,2025.MMP0574,"Southern Asia","Sat, 03/22/2025 - 12:00",2025,March,1,0,,,1,,"Southern Asia","Sickness / lack of access to adequate healthcare",Afghanistan,"Tehran district, Tehran province, Iran","IOM Afghanistan","35.7218583, 51.3346954","Afghanistan to Iran",,"Southern Asia",4
2025.MMP0575,2025.MMP0575,"Southern Asia","Sat, 03/22/2025 - 12:00",2025,March,1,0,,,1,,"Southern Asia","Sickness / lack of access to adequate healthcare",Afghanistan,"Mash-had district, Razawi Khurasan province, Iran","IOM Afghanistan","36.2972006, 59.60669","Afghanistan to Iran",,"Southern Asia",4
2025.MMP0576,2025.MMP0576,"Southern Asia","Sat, 03/22/2025 - 12:00",2025,March,1,0,,,1,,"Southern Asia",Violence,Afghanistan,"Islam Shahar district, Tehran province, Iran","IOM Afghanistan","35.5501285, 51.5150077","Afghanistan to Iran",,"Southern Asia",4
2025.MMP0577,2025.MMP0577,"Southern Asia","Sat, 03/22/2025 - 12:00",2025,March,1,0,,,1,,"Southern Asia","Vehicle accident / death linked to hazardous transport",Afghanistan,"Larestan County district, Fars province, Iran","IOM Afghanistan","27.809713, 54.3467152","Afghanistan to Iran",,"Southern Asia",4
2025.MMP0578,2025.MMP0578,"Southern Asia","Sun, 03/23/2025 - 12:00",2025,March,1,0,,,1,,"Southern Asia","Sickness / lack of access to adequate healthcare",Afghanistan,"Ghaznin district, Ghazvin province, Iran","IOM Afghanistan","36.0881317, 49.8547266","Afghanistan to Iran",,"Southern Asia",4
2025.MMP0579,2025.MMP0579,"Southern Asia","Sun, 03/23/2025 - 12:00",2025,March,1,0,,,1,,"Southern Asia","Sickness / lack of access to adequate healthcare",Afghanistan,"Semnan County district, Semnan province, Iran","IOM Afghanistan","35.5767039, 53.3949167","Afghanistan to Iran",,"Southern Asia",4
2025.MMP0580,2025.MMP0580,"Southern Asia","Mon, 03/24/2025 - 12:00",2025,March,1,0,,1,,,"Southern Asia","Sickness / lack of access to adequate healthcare",Afghanistan,"Kazerun County district, Fars province, Iran","IOM Afghanistan","29.5580389, 51.7677972","Afghanistan to Iran",,"Southern Asia",4
2025.MMP0581,2025.MMP0581,"Southern Asia","Tue, 03/25/2025 - 12:00",2025,March,1,0,,,1,,"Southern Asia","Sickness / lack of access to adequate healthcare",Afghanistan,"Shiraz County district, Fars province, Iran","IOM Afghanistan","29.6266426, 52.4465474","Afghanistan to Iran",,"Southern Asia",4
2025.MMP0582,2025.MMP0582,"Southern Asia","Thu, 03/27/2025 - 12:00",2025,March,1,0,,1,,,"Southern Asia","Sickness / lack of access to adequate healthcare",Afghanistan,"Tehran district, Tehran province, Iran","IOM Afghanistan","35.7218583, 51.3346954","Afghanistan to Iran",,"Southern Asia",4
2025.MMP0583,2025.MMP0583,"Southern Asia","Thu, 03/27/2025 - 12:00",2025,March,1,0,,,1,,"Southern Asia","Sickness / lack of access to adequate healthcare",Afghanistan,"Tehran district, Tehran province, Iran","IOM Afghanistan","35.7218583, 51.3346954","Afghanistan to Iran",,"Southern Asia",4
2025.MMP0584,2025.MMP0584,"Southern Asia","Thu, 03/27/2025 - 12:00",2025,March,1,0,,,1,,"Southern Asia",Violence,Afghanistan,"Urmia County district, West Azerbaijan province, Iran","IOM Afghanistan","37.6067393, 44.8425388","Iran to Türkiye",,"Southern Asia",4
2025.MMP0585,2025.MMP0585,"Southern Asia","Thu, 03/27/2025 - 12:00",2025,March,1,0,,,1,,"Southern Asia","Sickness / lack of access to adequate healthcare",Afghanistan,"Isfahan County district, Esfahan province, Iran","IOM Afghanistan","32.2515792, 52.5318604","Afghanistan to Iran",,"Southern Asia",4
2025.MMP0586,2025.MMP0586,"Southern Asia","Fri, 03/28/2025 - 12:00",2025,March,1,0,,,1,,"Southern Asia","Sickness / lack of access to adequate healthcare",Afghanistan,"Tehran district, Tehran province, Iran","IOM Afghanistan","35.7218583, 51.3346954","Afghanistan to Iran",,"Southern Asia",4
2025.MMP0587,2025.MMP0587,"Southern Asia","Fri, 03/28/2025 - 12:00",2025,March,1,0,,,1,,"Southern Asia","Mixed or unknown",Afghanistan,"Shiraz County district, Fars province, Iran","IOM Afghanistan","29.6266426, 52.4465474","Afghanistan to Iran",,"Southern Asia",4
2025.MMP0588,2025.MMP0588,"Southern Asia","Fri, 03/28/2025 - 12:00",2025,March,1,0,,,1,,"Southern Asia","Mixed or unknown",Afghanistan,"Shiraz County district, Fars province, Iran","IOM Afghanistan","29.6266426, 52.4465474","Afghanistan to Iran",,"Southern Asia",4
2025.MMP0589,2025.MMP0589,"Southern Asia","Fri, 03/28/2025 - 12:00",2025,March,1,0,,,1,,"Southern Asia","Mixed or unknown",Afghanistan,"Shiraz County district, Fars province, Iran","IOM Afghanistan","29.6266426, 52.4465474","Afghanistan to Iran",,"Southern Asia",4
2025.MMP0590,2025.MMP0590,"Southern Asia","Fri, 03/28/2025 - 12:00",2025,March,1,0,,,1,,"Southern Asia","Mixed or unknown",Afghanistan,"Shiraz County district, Fars province, Iran","IOM Afghanistan","29.6266426, 52.4465474","Afghanistan to Iran",,"Southern Asia",4
2025.MMP0591,2025.MMP0591,"Southern Asia","Sat, 03/29/2025 - 12:00",2025,March,1,0,,,1,,"Southern Asia","Sickness / lack of access to adequate healthcare",Afghanistan,"Bushehr County district, Bushehr province, Iran","IOM Afghanistan","29.0892224, 50.9706116","Afghanistan to Iran",,"Southern Asia",4
2025.MMP0592,2025.MMP0592,"South-eastern Asia","Mon, 05/12/2025 - 12:00",2025,May,1,0,7,,1,,"South-eastern Asia","Vehicle accident / death linked to hazardous transport",Myanmar,"Route 1211 Den Ha - Dong Mada Road, before the entrance to Khun Korn Waterfall, Mae Kon, Mueang Chiang Rai district, Chiang Rai province, Thailand","Mueang Chiang Rai Police Station, Channel 7, FM91BKK, Matichon","19.84256746, 99.72266124",,"https://perma.cc/7JP7-RPYB, https://perma.cc/78Y8-HZUZ, https://perma.cc/X8WT-3776","South-eastern Asia",5
2025.MMP0593,2025.MMP0593,Mediterranean,"Sun, 05/04/2025 - 12:00",2025,May,1,0,,,,,Unknown,Drowning,Unknown,"Body washed ashore at Surman, Libya","Migrant Rescue Watch","32.7978105, 12.57155579","Central Mediterranean",https://perma.cc/6K3J-HJNE,Uncategorized,4
2025.MMP0594,2025.MMP0594,Mediterranean,"Fri, 05/09/2025 - 12:00",2025,May,1,0,,,,,Unknown,Drowning,Unknown,"Body washed ashore at Ras Lanuf, Libya","Migrant Rescue Watch","30.59829842, 18.43011436","Central Mediterranean",https://perma.cc/3725-KPNG,Uncategorized,4
2025.MMP0595,2025.MMP0595,"South America","Sun, 05/11/2025 - 12:00",2025,May,1,0,,,1,,"South America",Violence,"Venezuela (Bolivarian Republic of)","Cliff near Altos de Betania Neighborhood,Bucaramanga,Santander, Colombia","El Frente","7.155360443, -73.14209538",,https://perma.cc/7B23-SLHC,"South America",1
2025.MMP0596,2025.MMP0596,"South America","Mon, 05/19/2025 - 12:00",2025,May,1,0,,,1,,"South America","Sickness / lack of access to adequate healthcare",Colombia,"Close to Bofedales de Pisiga-Carpa, Colchane, Tarapacá Region,Chile","IOM Bolivia,Soy Chile,Bio Bio,La Tribuna","-19.28107401, -68.61174372",,"https://perma.cc/VS25-M9AF, https://perma.cc/KA94-8KVC, https://perma.cc/WBY8-NBZX","South America",4
2025.MMP0597,2025.MMP0597,"North America","Mon, 05/19/2025 - 12:00",2025,May,1,0,,,1,,"Central America",Drowning,Mexico,"Rio Bravo close to (John Peter and Conseulo Montalvo) Los Tres Laredos Park,Webb County, Laredo, Texas, United States of America",Telemundo,"27.49948729, -99.50873555","US-Mexico border crossing","https://perma.cc/V8YM-QSGK, https://archive.ph/T8BlC","Northern America",3
2025.MMP0598,2025.MMP0598,Europe,"Fri, 03/21/2025 - 12:00",2025,March,1,0,,,1,,Unknown,Violence,Unknown,"Found near Châtelet beach, Tardinghen, Pas-de-Calais department, France","Calais Migrant Solidarity, Calais Border Monitoring","50.87378719, 1.615042816","Mainland Europe to the UK","https://perma.cc/7WLE-EGZR, https://perma.cc/B7ES-JG9C","Western Europe",4
2025.MMP0599,2025.MMP0599,Europe,"Mon, 03/24/2025 - 12:00",2025,March,1,0,,1,,,"Eastern Africa",Drowning,Eritrea,"Remains retrieved at plage de Marck near the Phare de Walde lighthouse, France - English Channel crossing","Calais Migrant Solidarity, Calais Border Monitoring, The Mirror","50.98430156, 1.917725855","Mainland Europe to the UK","https://perma.cc/7WLE-EGZR, https://perma.cc/B7ES-JG9C, https://perma.cc/3EYW-63WH",Uncategorized,4
2025.MMP0600,2025.MMP0600,Mediterranean,"Wed, 01/22/2025 - 12:00",2025,January,1,0,,,1,,Unknown,Drowning,Unknown,"Unspecified location off Sfax, Tunisia","IOM Mali Displacement Tracking Matrix","34.71758631, 10.77676102","Central Mediterranean",,Uncategorized,2
2025.MMP0601,2025.MMP0601,"Western Africa","Sun, 03/23/2025 - 12:00",2025,March,1,0,,,1,,"Middle Africa","Sickness / lack of access to adequate healthcare",Cameroon,"Hospital in Timbuktu, Mali","IOM Mali Displacement Tracking Matrix","16.77306758, -3.002360732","Sahara Desert crossing",,"Western Africa",2
2025.MMP0602,2025.MMP0602,"Western Africa","Sun, 01/12/2025 - 12:00",2025,January,1,0,,,1,,"Western Africa (P)",Violence,Unknown,"Arlit, Agadez, Niger","IOM Niger Displacement Tracking Matrix","18.8341, 7.4333","Sahara Desert crossing",,"Western Africa",2
2025.MMP0603,2025.MMP0603,"Western Africa","Mon, 02/10/2025 - 12:00",2025,February,32,0,,,32,,"Western Africa (P)",Violence,Unknown,"Kobé, between Gao and Ansongo, Kayes, Mali","IOM Niger Displacement Tracking Matrix","15.98695059, 0.197650682","Sahara Desert crossing",,"Western Africa",2
2025.MMP0604,2025.MMP0604,"Western Africa","Sat, 03/08/2025 - 12:00",2025,March,1,0,,,1,,"Western Africa","Sickness / lack of access to adequate healthcare",Niger,"Between Gao and Ansongo, Kayes, Mali","IOM Niger Displacement Tracking Matrix","15.98695059, 0.197650682","Sahara Desert crossing",,"Western Africa",2
2025.MMP0605,2025.MMP0605,"Western Africa","Fri, 03/14/2025 - 12:00",2025,March,1,0,,,1,,"Western Africa (P)","Sickness / lack of access to adequate healthcare",Unknown,"Seguidine, Agadez, Niger","IOM Niger Displacement Tracking Matrix","20.2, 12.9833","Sahara Desert crossing",,"Western Africa",2
2025.MMP0606,2025.MMP0606,"Western Africa","Wed, 03/19/2025 - 12:00",2025,March,4,0,,,4,,"Western Africa (P)","Harsh environmental conditions / lack of adequate shelter, food, water",Unknown,"Unspecified location in the Sahara near Agadez, Niger","IOM Niger Displacement Tracking Matrix","16.9722, 7.9908","Sahara Desert crossing",,"Western Africa",2
2025.MMP0607,2025.MMP0607,"Western Africa","Tue, 03/25/2025 - 12:00",2025,March,2,9,,3,7,1,"Western Africa (P)","Harsh environmental conditions / lack of adequate shelter, food, water",Unknown,"Bilma, Agadez, Niger","IOM Niger Displacement Tracking Matrix","18.4132, 12.5508","Sahara Desert crossing",,"Western Africa",2
2025.MMP0608,2025.MMP0608,"Western Africa","Sat, 03/15/2025 - 12:00",2025,March,3,0,,1,2,,"Western Africa (P)",Violence,Unknown,"Zamfara, Zamfara, Nigeria","IOM Niger Displacement Tracking Matrix","12.1667, 6.25","Sahara Desert crossing",,"Western Africa",2
2025.MMP0609,2025.MMP0609,"Northern Africa","Sun, 03/23/2025 - 12:00",2025,March,10,2,,2,9,1,"Western Africa (P)","Harsh environmental conditions / lack of adequate shelter, food, water",Unknown,"Unspecified location around Tijeri in Southern Libya","IOM Niger Displacement Tracking Matrix","24.2622, 14.5603","Sahara Desert crossing",,"Northern Africa",2
2025.MMP0610,2025.MMP0610623,Mediterranean,"Sat, 05/24/2025 - 12:00",2025,May,,1,,,1,,"Eastern Africa",Drowning,Ethiopia,"Fell into water during rescue Libyan SAR zone and presumed drowned - see coordinates for location the merchant vessel was in when they reported losing sight of the boat in distress","SOS Mediterannee","33.4312, 12.2918","Central Mediterranean",,Uncategorized,4
2025.MMP0610,2025.MMP0610624,Mediterranean,"Sat, 05/24/2025 - 12:00",2025,May,,1,,,1,,"Eastern Africa",Drowning,Ethiopia,"Fell into water during rescue Libyan SAR zone and presumed drowned - see coordinates for location the merchant vessel was in when they reported losing sight of the boat in distress","SOS Mediterannee","33.4312, 12.2918","Central Mediterranean",,Uncategorized,4
2025.MMP0610,2025.MMP0610625,Mediterranean,"Sat, 05/24/2025 - 12:00",2025,May,,1,,,1,,"Eastern Africa (P)",Drowning,Unknown,"Fell into water during rescue Libyan SAR zone and presumed drowned - see coordinates for location the merchant vessel was in when they reported losing sight of the boat in distress","SOS Mediterannee","33.4312, 12.2918","Central Mediterranean",,Uncategorized,4
2025.MMP0611,2025.MMP0611,"South-eastern Asia","Fri, 05/09/2025 - 12:00",2025,May,,201,66,,,,"South-eastern Asia",Drowning,Myanmar,"The boat sank at sea near Tanintharyi (Ye Township), Myanmar",UNHCR,"15.22054705, 97.63406413","Bay of Bengal/Andaman Sea",https://archive.ph/u48Ow,Uncategorized,4
2025.MMP0612,2025.MMP0612,"South-eastern Asia","Sat, 05/10/2025 - 12:00",2025,May,,226,21,,,,"South-eastern Asia",Drowning,Myanmar,"The boat sank at sea near Tanintharyi (Hein Sat), Myanmar",UNHCR,"14.66469797, 97.70487028","Bay of Bengal/Andaman Sea",https://archive.ph/u48Ow,Uncategorized,4
2025.MMP0127,2025.MMP0127,"Western Africa","Fri, 03/07/2025 - 12:00",2025,March,14,0,,,,,"Sub-Saharan Africa (P)","Harsh environmental conditions / lack of adequate shelter, food, water",Unknown,"Unspecified location South of Cabo Verde","Alarm Phone","13.567712, -23.696805","Western Africa / Atlantic route to the Canary Islands","https://perma.cc/2Q66-7UNE, https://perma.cc/4T9C-L5MK",Uncategorized,4
2025.MMP0128,2025.MMP0128,"Northern Africa","Wed, 03/12/2025 - 12:00",2025,March,,70,13,,,,"Sub-Saharan Africa (P)","Mixed or unknown",Unknown,"Unspecified location far from the coast between Mauritania and Dakhla, Morocco, disembarkation in Dakhla, Morocco","InfoMigrants, Helena Maleno Garzon X post","24.6534409, -18.7530819","Western Africa / Atlantic route to the Canary Islands","https://perma.cc/S4TM-GABU, https://perma.cc/2UFR-ZWDQ",Uncategorized,4
2025.MMP2326,2025.MMP2326,"Western Africa","Sat, 03/15/2025 - 12:00",2025,March,,40,,,,,"Western Africa (P)",Drowning,Unknown,"Unspecified location between Mbour, Senegal and the Canary Islands","Alarm Phone, Ebrima Migrants Situation via Nuovi Desaparecidos","14.79069131, -19.29712053","Western Africa / Atlantic route to the Canary Islands","https://perma.cc/FTX2-PYJJ, https://perma.cc/PP2R-HX6Z, https://perma.cc/2D5W-Y748",Uncategorized,4
2025.MMP2375,2025.MMP2375,"Northern Africa","Tue, 03/18/2025 - 12:00",2025,March,7,0,,,,,"Western Africa (P)","Harsh environmental conditions / lack of adequate shelter, food, water",Unknown,"Off the coast of Dakhla, Western Sahara - departure from Nouadhibou, Mauritania on 9 March","Caminando Fronteras and Ebrima Migrant Situation via Nuovi Desaparecidos","23.77256233, -15.99795667","Western Africa / Atlantic route to the Canary Islands",https://perma.cc/2D5W-Y748,Uncategorized,4
2025.MMP0616,2025.MMP0616,"North America","Sun, 05/04/2025 - 12:00",2025,May,1,0,,,1,,"Latin America / Caribbean (P)","Mixed or unknown",Unknown,"Undetermined location ""North"" of Webb County, Texas, United States of America","LMT Online, KGNS.Tv, MSN","28.19699468, -100.1572872","US-Mexico border crossing","https://archive.ph/2WJXw, https://perma.cc/XL47-XKWF, https://perma.cc/W35E-T59A","Northern America",3
2025.MMP0617,2025.MMP0617,"South America","Wed, 05/21/2025 - 12:00",2025,May,1,0,,,1,,"South America","Vehicle accident / death linked to hazardous transport","Venezuela (Bolivarian Republic of)","Highway between Muatatá and Chingordó, Antioquia, Colombia","Primera Edicion, H13N","7.567024717, -76.61777269",,"https://perma.cc/2TL3-A86G, https://perma.cc/8B4S-ZYB6","South America",3
2025.MMP0618,2025.MMP0618,"North America","Mon, 05/26/2025 - 12:00",2025,May,1,0,,1,,,"Central America","Harsh environmental conditions / lack of adequate shelter, food, water",Guatemala,"Undetermined location in the Arizona Desert (mountain top), close to the Border Wall, Santa Cruz County, Arizona, United States of America",Univision,"31.33886497, -110.7710002","US-Mexico border crossing",https://perma.cc/9ZTJ-M52U,"Northern America",1
2025.MMP0619,2025.MMP0619,Mediterranean,"Mon, 05/05/2025 - 12:00",2025,May,14,0,31,1,,3,"Sub-Saharan Africa",Drowning,Mixed,"Unspecified location near “KM110” between Mahdia and Chebba, Tunisia","Humanitarian Partner","35.30824629, 11.09878208","Central Mediterranean",,Uncategorized,4
2025.MMP0620,2025.MMP0620,Mediterranean,"Fri, 05/16/2025 - 12:00",2025,May,8,0,,3,1,4,Unknown,Drowning,Unknown,"Bodies washed ashore off the coasts of Al-Amra, Tunisia","Humanitarian Partner","34.96657594, 10.93084362","Central Mediterranean",,Uncategorized,4
2025.MMP0621,2025.MMP0621,"Northern Africa","Thu, 05/22/2025 - 12:00",2025,May,7,5,22,,6,2,"Northern Africa","Harsh environmental conditions / lack of adequate shelter, food, water",Sudan,"Al-Kufra desert, in southeastern Libya, 360 kilometers from the city center","Kufra Ambulance and Emergency Board, IOM Libya, Agenzinova","22.1317623, 23.83101634","Sahara Desert crossing","https://archive.ph/pUoY1, https://archive.ph/4rm4A, https://perma.cc/WKV2-UJ9P","Northern Africa",5
2025.MMP0622,2025.MMP0622,"Eastern Africa","Sun, 03/09/2025 - 12:00",2025,March,1,0,,,1,,"Eastern Africa","Sickness / lack of access to adequate healthcare",Ethiopia,"Burao Hospital, after falling ill a week earlier approx. 245km from Burao, Somaliland","Burao Ethiopian Community Center via IOM Hargeisa","9.3119668, 45.321068","Eastern Route to/from EHOA",,"Eastern Africa",4
2025.MMP0623,2025.MMP0623,"Southern Asia","Mon, 01/20/2025 - 12:00",2025,January,1,0,,,1,,"Southern Asia","Harsh environmental conditions / lack of adequate shelter, food, water",Afghanistan,"Unknown border area between Iran and Türkiye","Hasht-e Subh Daily (8AM. Media)","38.12234092, 44.384614","Iran to Türkiye",https://perma.cc/WEJ4-KFSK,"Southern Asia",1
2025.MMP0624,2025.MMP0624,"Southern Asia","Tue, 02/18/2025 - 12:00",2025,February,1,0,,,1,,"Southern Asia","Harsh environmental conditions / lack of adequate shelter, food, water",Afghanistan,"Urmia County district, West_Azerbaijan province, Iran","IOM Afghanistan","37.6067393, 44.8425388","Iran to Türkiye",,"Southern Asia",4
2025.MMP0625,2025.MMP0625,"North America","Mon, 03/03/2025 - 12:00",2025,March,1,0,,1,,,"Latin America / Caribbean (P)","Mixed or unknown",Unknown,"Desert area near Sells, Pima county, Arizona, United States of America","Pima County Office of the Medical Examiner","31.92018, -112.10591","US-Mexico border crossing",,"Northern America",5
2025.MMP0666,2025.MMP0666,"North America","Fri, 03/28/2025 - 12:00",2025,March,1,0,13,,1,,"Latin America / Caribbean (P)","Vehicle accident / death linked to hazardous transport",Unknown,"Water Channel offramp of Interstate 8(I-8) and Butterfield Road, Gila Bend, Maricopa County, Arizona, United States of America","US Border Patrol, Border Report","32.92666058, -112.6765922","US-Mexico border crossing","https://perma.cc/H6KC-UERW, https://n9.cl/v3m9c","Northern America",5
2025.MMP0667,2025.MMP0667,"Central America","Sun, 03/30/2025 - 12:00",2025,March,1,0,,,1,,"Latin America / Caribbean (P)","Mixed or unknown",Unknown,"Behind La Sagrada Familia Migrant Shelter,Alvaro Obregón, 3a. Priv., Ferrocarrilera,Ciudad de Apizaco, Tlaxcala,México","Cuarto de Guerra","19.41741491, -98.13133703",,https://perma.cc/5YT5-FYKJ,"Central America",1
2025.MMP0668,2025.MMP0668,"North America","Mon, 03/31/2025 - 12:00",2025,March,1,0,1,1,,,"Latin America / Caribbean (P)","Accidental death",Unknown,"At the foot of the Border Wall,near Clearwater Way and Dairy Mart Road, west of the San Ysidro Port of Entry,Tijuana River Valley, San Diego,California,United States of America","The San Diego Union Tribune,Telemundo 20 San Diego","32.54003444, -117.0660978","US-Mexico border crossing","https://perma.cc/42M4-N95G, https://perma.cc/FXX8-3TD2?type=image","Northern America",3
2025.MMP0669,2025.MMP0669,"North America","Fri, 01/03/2025 - 12:00",2025,January,1,0,,,,,"Latin America / Caribbean (P)","Mixed or unknown",Unknown,"Desert area near Ajo, Pima county, Arizona, United States of America","Pima County Office of the Medical Examiner","32.09973, -112.88289","US-Mexico border crossing",,"Northern America",5
2025.MMP0670,2025.MMP0670,"North America","Sat, 01/04/2025 - 12:00",2025,January,1,0,,,1,,"Latin America / Caribbean (P)","Mixed or unknown",Unknown,"Desert area near Tucson, Pima county, Arizona, United States of America","Pima County Office of the Medical Examiner","31.849644, -111.40982","US-Mexico border crossing",,"Northern America",5
2025.MMP0671,2025.MMP0671,"Eastern Africa","Tue, 03/11/2025 - 12:00",2025,March,1,0,,,1,,"Eastern Africa","Sickness / lack of access to adequate healthcare",Ethiopia,"Unspecified location in the desert of Djibouti during return transit from Yemen - EHOA-Yemen Crossing","IOM Djibouti","11.608187, 43.153081","Eastern Route to/from EHOA",,"Eastern Africa",4
2025.MMP0672,2025.MMP0672,Mediterranean,"Sun, 03/23/2025 - 12:00",2025,March,,2,,,2,,"Northern Africa",Drowning,Algeria,"Unspecified location off the coasts of Findeq, Morocco en route to Ceuta","Tanja News, Press Tetouan","35.85553105, -5.346525324","Western Mediterranean","https://perma.cc/6FLY-QSFA, https://perma.cc/7TNW-XE7P",Uncategorized,3
2025.MMP0673,2025.MMP0673,Europe,"Wed, 04/16/2025 - 12:00",2025,April,2,0,,,,,Unknown,Drowning,Unknown,"Found in the Bug River on the Belarusian border near Stary Bubel village, Lublin, Poland","EuroNews, Tvn24","52.25939352, 23.20263117","Belarus-EU border","https://perma.cc/D2QZ-GXLY, https://perma.cc/7RQ6-ZEPT","Eastern Europe",3
2025.MMP0674,2025.MMP0674,Mediterranean,"Mon, 04/14/2025 - 12:00",2025,April,1,0,,,,,Unknown,Drowning,Unknown,"Remains washed ashore at Shaq Abdul Razak area,  between Al Haniyah and Al Hamama near Al Bayda, Libya","LRC via IOM Libya, Green Mountain Security Directorate, Al-Wasat, Al-Nabd","32.8794601, 21.56756131","Central Mediterranean","https://archive.ph/4yJ6V, https://perma.cc/T5LH-WGTA, https://perma.cc/S6ZD-LFVC",Uncategorized,5
2025.MMP0675,2025.MMP0675,Europe,"Wed, 04/30/2025 - 12:00",2025,April,3,0,,,,,Unknown,Drowning,Unknown,"Found in the Katra River near the Belarusian border, Varėna, Lithuania","Border Committee of Belarus via SB.BY, LRT","54.05295303, 24.72851447","Belarus-EU border","https://perma.cc/YUC3-N4HR, https://perma.cc/USJ4-BCJG","Eastern Europe",5
2025.MMP0676,2025.MMP0676652,"South-eastern Asia","Tue, 04/29/2025 - 12:00",2025,April,1,0,,,,,"South-eastern Asia","Mixed or unknown",Malaysia,"An unknown location in Myawaddy, Myanmar","Buletin TV3, Suara Keadilan","16.68778, 98.50833",,"https://perma.cc/PV5H-U5M5, https://perma.cc/PZ6B-GDE5","South-eastern Asia",3
2025.MMP0676,2025.MMP0676653,"South-eastern Asia","Tue, 04/29/2025 - 12:00",2025,April,1,0,,,,,"South-eastern Asia","Sickness / lack of access to adequate healthcare",Malaysia,"An unknown location in Myawaddy, Myanmar","Buletin TV3, Suara Keadilan","16.68778, 98.50833",,"https://perma.cc/PV5H-U5M5, https://perma.cc/PZ6B-GDE5","South-eastern Asia",3
2025.MMP0677,2025.MMP0677654,Mediterranean,"Fri, 05/30/2025 - 12:00",2025,May,1,0,,,,,"Northern Africa (P)",Drowning,Unknown,"Remains washed ashore at Migjorn beach, Formentera, Balearic Islands, Spain","La Razon, Cadena Ser","38.68398485, 1.462189277","Western Mediterranean","https://perma.cc/6RDP-CBLP, https://perma.cc/595A-SBNJ",Uncategorized,3
2025.MMP0677,2025.MMP0677655,Mediterranean,"Tue, 06/03/2025 - 12:00",2025,June,1,0,,,,,"Northern Africa (P)",Drowning,Unknown,"Remains washed ashore at Llevant beach, Formentera, Balearic Islands, Spain","Cadena Ser, Diario de Ibiza","38.75101771, 1.438237114","Western Mediterranean","https://perma.cc/44NE-HJJZ, https://perma.cc/NFQ9-THQR",Uncategorized,3
2025.MMP0678,2025.MMP0678,Mediterranean,"Sat, 05/31/2025 - 12:00",2025,May,1,0,3,,1,,"Northern Africa",Drowning,Morocco,"Off Cabo de Gata-Nijar nature preserve, Almeria, Spain - departure from Oran, Algeria","Diario de Almeria, La Voz de Almeria, Francisco Jose Clemente Martin","36.82525526, -2.03516596","Western Mediterranean","https://perma.cc/73A3-78WS, https://perma.cc/RTR3-6JFY, https://perma.cc/DJ6D-WL7E?type=standard",Uncategorized,4
2025.MMP0679,2025.MMP0679,Mediterranean,"Sun, 05/25/2025 - 12:00",2025,May,1,0,,,,,Unknown,Drowning,Unknown,"Remains washed ashore at Sabratha, Libya","LRC via IOM Libya","32.78201443, 12.45473737","Central Mediterranean",,Uncategorized,4
2025.MMP0680,2025.MMP0680,Mediterranean,"Sun, 05/25/2025 - 12:00",2025,May,,1,35,,,,Unknown,Drowning,Unknown,"Unspecified location - disembarkation at Marsa Dela, Libya","IOM Libya","33.0011131, 12.73763531","Central Mediterranean",,Uncategorized,4
2025.MMP0681,2025.MMP0681,"Southern Asia","Tue, 05/27/2025 - 12:00",2025,May,1,0,35,,1,,"Southern Asia","Vehicle accident / death linked to hazardous transport",Nepal,"National Highway near Atalpur village, Madhya Pradesh, India","Dainik Bhaskar, Lalluram News","24.8941458, 77.502088",,"https://perma.cc/4VKP-WP9Q, https://perma.cc/69NS-WQ59","Southern Asia",3
2025.MMP0682,2025.MMP0682,Mediterranean,"Sun, 06/01/2025 - 12:00",2025,June,1,0,,,,,Unknown,Drowning,Unknown,"Unspecified location on the beach in Sabratha, Libya","Migrant Rescue Watch","32.816845, 12.388946","Central Mediterranean",https://perma.cc/2BQK-Q6P5,Uncategorized,4
2025.MMP0683,2025.MMP0683,Mediterranean,"Sat, 05/31/2025 - 12:00",2025,May,1,0,,,,,Unknown,Drowning,Unknown,"Unspecified location in the Souq al-Jumaa/Maitika area, Libya","Migrant Rescue Watch","32.908627, 13.265141","Central Mediterranean",https://perma.cc/AYA4-8BW4,Uncategorized,4
2025.MMP0684,2025.MMP0684,Europe,"Sun, 06/01/2025 - 12:00",2025,June,1,0,22,,1,,"Western Asia","Mixed or unknown",Türkiye,"Unspecified location in Zgornje Gruškovje, Slovenia","STA, 24ur.com","46.275966, 15.865986","Western Balkans","https://archive.ph/W43RT, https://archive.ph/iXbDm","Southern Europe",3
2025.MMP0685,2025.MMP0685,"Central America","Sun, 05/25/2025 - 12:00",2025,May,1,0,,,1,,"South America",Violence,"Venezuela (Bolivarian Republic of)","On the Suchiate-Jaritas Highway,Tapachulas, Chiapas, Mexico","Voz e Imagen de Chipas","14.7214686, -92.28761214",,https://perma.cc/E77A-K4ZE,"Central America",1
2025.MMP0686,2025.MMP0686,"South America","Fri, 05/30/2025 - 12:00",2025,May,14,0,,,,,"Latin America / Caribbean (P)","Harsh environmental conditions / lack of adequate shelter, food, water",Unknown,"Caribbean Sea 180 nautical miles from Punta Barima in the Amacuro Delta, Venezuela","El Día, El Nacional, NTN 24","9.326728085, -59.76222726",,"https://perma.cc/MN6D-6WAY, https://perma.cc/E5FS-HNTY, https://perma.cc/3ARX-J9RT",Caribbean,3
2025.MMP0687,2025.MMP0687,"South America","Sat, 05/31/2025 - 12:00",2025,May,1,0,,,1,,"South America","Harsh environmental conditions / lack of adequate shelter, food, water","Venezuela (Bolivarian Republic of)","Close to Salar de Coipasa (Chilean side) transborder area with Bolivia, Colchane, Tarapacá Region, Chile","IOM Bolivia, Delegacion Defensorial Departamental Oruro, Soy Iquique, La Cuarta, Red Uno","-19.35760345, -68.48087615",,"https://perma.cc/6BU6-ZDMH, https://perma.cc/4AAJ-X2MG?type=image, https://perma.cc/XYC8-GDSQ, https://perma.cc/4JZL-KLCG","South America",5
2025.MMP0688,2025.MMP0688,"South America","Mon, 06/02/2025 - 12:00",2025,June,1,0,,,1,,"South America","Harsh environmental conditions / lack of adequate shelter, food, water",Colombia,"Close to CEO Militar, Pisiga-Carpa, Bolivia","IOM Bolivia","-19.2773964, -68.61125492",,,"South America",4
2025.MMP0689,2025.MMP0689,Caribbean,"Mon, 06/02/2025 - 12:00",2025,June,4,0,,,,1,Caribbean,Drowning,Suriname,"In front of the Coast of Saint-Laurent-du-Maroni (France District), French Guiana","Le Portail des Outre Mer","5.842791157, -53.78512474",,https://perma.cc/9SS5-6NNM,Caribbean,1
2025.MMP0690,2025.MMP0690,"Western Africa","Mon, 01/27/2025 - 12:00",2025,January,5,0,,1,3,1,"Western Africa (P)","Harsh environmental conditions / lack of adequate shelter, food, water",Unknown,"Bilma, Agadez, Niger","IOM Niger Displacement Tracking Matrix","18.4132, 12.5508","Sahara Desert crossing",,"Western Africa",2
2025.MMP0691,2025.MMP0691,"Northern Africa","Sat, 01/25/2025 - 12:00",2025,January,4,8,1,,12,,"Western Africa (P)","Harsh environmental conditions / lack of adequate shelter, food, water",Unknown,"Unspecified location around Sebha in Southern Libya","IOM Niger Displacement Tracking Matrix","27.0389, 14.4264","Sahara Desert crossing",,"Northern Africa",2
2025.MMP0692,2025.MMP0692,"Western Africa","Fri, 03/07/2025 - 12:00",2025,March,1,0,,,1,,Unknown,"Vehicle accident / death linked to hazardous transport",Unknown,"Tchibarkaten, Agadez, Niger","IOM Niger Displacement Tracking Matrix","21.7594, 9.0472","Sahara Desert crossing",,"Western Africa",2
2025.MMP0693,2025.MMP0693,Mediterranean,"Fri, 05/30/2025 - 12:00",2025,May,1,0,23,,,,Unknown,Drowning,Unknown,"Unspecified location off the coast of Bourmerdes, Algeria","Alarm Phone","36.936627, 3.455343","Western Mediterranean","https://archive.ph/eZ1Ji, https://archive.ph/w1ZZr, https://archive.ph/KTkcO",Uncategorized,4
2025.MMP0694,2025.MMP0694,Mediterranean,"Sun, 06/01/2025 - 12:00",2025,June,1,0,,,,,Unknown,Drowning,Unknown,"Unspecified location off the coast of Sabratha, Libya","IOM Libya","32.958939, 12.486332","Central Mediterranean",,Uncategorized,4
2025.MMP0695,2025.MMP0695,Mediterranean,"Sun, 06/01/2025 - 12:00",2025,June,1,0,,,,,Unknown,Drowning,Unknown,"Unspecified location off the coast of Tripoli, Libya","IOM Libya","32.956751, 13.161104","Central Mediterranean",,Uncategorized,4
2025.MMP0696,2025.MMP0696,Mediterranean,"Thu, 06/05/2025 - 12:00",2025,June,1,0,37,,1,,"Northern Africa",Drowning,Egypt,"Unspecified location off the coast of Tobruk, Libya. Likely Libya-Crete crossing","IOM Libya, Transient Migrant Assistance and Humanitarian Services FB, Egypt Telegraph","32.203272, 24.057723","Eastern Mediterranean","https://perma.cc/ALR3-JPCB, https://perma.cc/23FK-X4YU",Uncategorized,4
2025.MMP0697,2025.MMP0697,"Eastern Africa","Thu, 06/05/2025 - 12:00",2025,June,8,22,120,,30,,"Eastern Africa",Drowning,Ethiopia,"Off the coast, in the middle of the sea, near Moulhoule, Obock Region, Djibouti- EHOA-Yemen Crossing","Moulhoulé militair comps et local autorité via IOM Djibouti","12.545599, 43.23732","Eastern Route to/from EHOA",,"Eastern Africa",5
2025.MMP0698,2025.MMP0698,Mediterranean,"Mon, 06/09/2025 - 12:00",2025,June,8,0,,,,,"Northern Africa",Drowning,Egypt,"Washed ashore on Marsa Matrouh beach, Aziziya area, west of Barani, Egypt. Likely Libya-Crete crossing.","IOM, Egypt Independent, Migrant Rescue Watch","31.567388, 25.671492","Eastern Mediterranean","https://archive.ph/Bk9zF, https://archive.ph/JVDNn, https://perma.cc/5BDX-XNHX","Northern Africa",4
2025.MMP0698,2025.MMP0698677,Mediterranean,"Mon, 06/09/2025 - 12:00",2025,June,1,0,,,,,"Northern Africa",Drowning,Libya,"Washed ashore on Marsa Matrouh beach, Aziziya area, west of Barani, Egypt. Likely Libya-Crete crossing.","IOM, Egypt Independent, Migrant Rescue Watch","31.567388, 25.671492","Eastern Mediterranean","https://archive.ph/Bk9zF, https://archive.ph/JVDNn, https://perma.cc/5BDX-XNHX","Northern Africa",4
2025.MMP0698,2025.MMP0698678,Mediterranean,"Mon, 06/09/2025 - 12:00",2025,June,1,0,,,,,"Northern Africa",Drowning,Sudan,"Washed ashore on Marsa Matrouh beach, Aziziya area, west of Barani, Egypt. Likely Libya-Crete crossing.","IOM, Egypt Independent, Migrant Rescue Watch","31.567388, 25.671492","Eastern Mediterranean","https://archive.ph/Bk9zF, https://archive.ph/JVDNn, https://perma.cc/5BDX-XNHX","Northern Africa",4
2025.MMP0699,2025.MMP0699,"Eastern Africa","Sat, 05/03/2025 - 12:00",2025,May,1,0,,,1,,"Eastern Africa",Violence,Ethiopia,"Burao Hospital, Burco, Somaliland","Burao Ethiopian Community Center via IOM Hargeisa","9.52213, 45.53363","Eastern Route to/from EHOA",,"Eastern Africa",4
2025.MMP0148,2025.MMP0148,"South America","Thu, 03/20/2025 - 12:00",2025,March,10,0,,,,,"Sub-Saharan Africa (P)","Harsh environmental conditions / lack of adequate shelter, food, water",Unknown,"Unspecified location 350 miles off the coast of Brazil, departure likely from Mauritania","El Diario, Atlantic Television facebook","6.562295, -42.829401","Western Africa / Atlantic route to the Canary Islands","https://perma.cc/B9VH-7W9C, https://perma.cc/4B6B-6HXW, https://archive.ph/siRxV",Uncategorized,3
2025.MMP0614,2025.MMP0614,Caribbean,"Mon, 05/26/2025 - 12:00",2025,May,11,0,,,,,"Western Africa","Harsh environmental conditions / lack of adequate shelter, food, water",Mali,"Off the coast of Little Bay,Cherry Hill, Canouan Island, Saint Vincent and the Grenadines - presumed departure from West Africa en route to Canaries","The Royal St. Vincent and the Grenadines Police Force, OIM Guyana, BBC","12.71868114, -61.31137202","Western Africa / Atlantic route to the Canary Islands","https://archive.ph/yZPRE, https://archive.ph/yfTVj, https://perma.cc/7MGR-PS4G",Uncategorized,5
2025.MMP0615,2025.MMP0615682,"Northern Africa","Wed, 05/28/2025 - 12:00",2025,May,7,0,150,4,,3,"Western Africa (P)",Drowning,Unknown,"At the port of La Restinga, El Hierro, Canary Islands, Spain - departure from Guinea on 18 May","112 Canarias, Salvamento Maritimo, The Guardian","27.63724206, -17.9789897","Western Africa / Atlantic route to the Canary Islands","https://perma.cc/L4YF-H8G7, https://perma.cc/6QE2-5XK3, https://perma.cc/G7DW-LXEY",Uncategorized,5
2025.MMP0701,2025.MMP0701,Europe,"Tue, 05/13/2025 - 12:00",2025,May,1,0,,,1,,"Southern Asia","Mixed or unknown",Afghanistan,"Unspecified location in Verkhniadzvinsk District near the Latvian border, Belarus","Belarus State Border Committee","56.02818478, 27.85569478","Belarus-EU border","https://perma.cc/LY7U-PVVG, https://perma.cc/P7WH-MDHJ","Eastern Europe",5
2025.MMP0702,2025.MMP0702,Europe,"Wed, 05/14/2025 - 12:00",2025,May,1,0,,1,,,Unknown,"Mixed or unknown",Unknown,"Unspecified location in Verkhniadzvinsk District 150 meters from the Latvian border, Belarus","Belarus State Border Committee","56.01811007, 27.82833992","Belarus-EU border","https://perma.cc/7ARS-Y3JB, https://perma.cc/5C8N-P9G7","Eastern Europe",5
2025.MMP0703,2025.MMP0703685,Europe,"Sat, 05/17/2025 - 12:00",2025,May,1,0,1,,1,,"Western Asia","Mixed or unknown",Iraq,"Unspecified location in Verkhniadzvinsk District near the Latvian border, Belarus","Belarus State Border Committee","56.02818478, 27.85569478","Belarus-EU border","https://perma.cc/NG8C-GRLP, https://perma.cc/837U-YZQR","Eastern Europe",5
2025.MMP0703,2025.MMP0703686,Europe,"Sat, 05/17/2025 - 12:00",2025,May,1,0,,,,,Unknown,"Mixed or unknown",Unknown,"Unspecified location in Verkhniadzvinsk District near the Latvian border, Belarus","Belarus State Border Committee","56.02818478, 27.85569478","Belarus-EU border","https://perma.cc/NG8C-GRLP, https://perma.cc/837U-YZQR","Eastern Europe",5
2025.MMP0704,2025.MMP0704,Europe,"Wed, 05/21/2025 - 12:00",2025,May,1,0,,,1,,"Western Asia (P)","Mixed or unknown",Unknown,"Unspecified location 2 meters from the Latvian border, Belarus","Belarus State Border Committee","56.01811007, 27.82833992","Belarus-EU border",https://perma.cc/EY48-P629,"Eastern Europe",5
2025.MMP0705,2025.MMP0705,Mediterranean,"Sun, 06/01/2025 - 12:00",2025,June,1,0,,,,,Unknown,Drowning,Unknown,"Unspecified location, near Espardell Island, Formentera, Balearic Islands, Spain","La Razon, El Mundo, La voz de Ibiza, Ultima Hora","38.794833, 1.483117","Western Mediterranean","https://perma.cc/WS2D-QEQ6, https://perma.cc/5WZS-GP8V, https://perma.cc/88GP-RVEN, https://perma.cc/9CRM-DJRB",Uncategorized,3
2025.MMP0706,2025.MMP0706,Mediterranean,"Sun, 06/01/2025 - 12:00",2025,June,1,0,,,,,Unknown,Drowning,Unknown,"Unspecified location, Sant Francesc Beach, Formetera, Balearic Islands, Spain","La Razon, El Mundo, La voz de Ibiza, Ultima Hora","38.685056, 1.451552","Western Mediterranean","https://perma.cc/WS2D-QEQ6, https://perma.cc/5WZS-GP8V, https://perma.cc/88GP-RVEN, https://perma.cc/9CRM-DJRB",Uncategorized,3
2025.MMP0708,2025.MMP0708,Mediterranean,"Tue, 06/03/2025 - 12:00",2025,June,1,0,,,1,,Unknown,Drowning,Unknown,"Balearic Sea, off the coast of Santa Eulària, Balearic Islands, Spain","Periodico de Ibiza, La Voz de Ibiza, El Mudno","38.980434, 1.542479","Western Mediterranean","https://perma.cc/V695-N5EW, https://perma.cc/88GP-RVEN, https://perma.cc/5WZS-GP8V",Uncategorized,3
2025.MMP0709,2025.MMP0709,Mediterranean,"Tue, 04/15/2025 - 12:00",2025,April,1,0,,,,,Unknown,Drowning,Unknown,"In the Balearic Sea, the canal between Ibiza and Formentera, Balearic Islands, Spain","La Voz de Ibiza, La Razon","38.834086, 1.42594","Western Mediterranean","https://perma.cc/88GP-RVEN, https://perma.cc/WS2D-QEQ6",Uncategorized,3
2025.MMP0710,2025.MMP0710,Mediterranean,"Fri, 05/09/2025 - 12:00",2025,May,1,0,,,,,Unknown,Drowning,Unknown,"In the Mediterranean, 16 miles southwest of Formentera, Balearic Islands, Spain","La Voz de Ibiza, La Razon, Spanish Oficina de Extranjeria via Save the Children","38.36361, 1.330503","Western Mediterranean","https://perma.cc/88GP-RVEN, https://perma.cc/WS2D-QEQ7",Uncategorized,5
2025.MMP0711,2025.MMP0711,Mediterranean,"Fri, 05/09/2025 - 12:00",2025,May,1,0,,,,,Unknown,Drowning,Unknown,"In the Mediterranean, 6 miles west of Formentera, Balearic Islands, Spain","La Voz de Ibiza, La Razon","38.68695, 1.185306","Western Mediterranean","https://perma.cc/88GP-RVEN, https://perma.cc/WS2D-QEQ8",Uncategorized,3
2025.MMP0712,2025.MMP0712,Mediterranean,"Tue, 05/13/2025 - 12:00",2025,May,1,0,,,,,Unknown,Drowning,Unknown,"Unspecified location on the island of Conejera, Ibiza, Balearic Islands, Spain","La Voz de Ibiza, La Razon","38.985498, 1.208599","Western Mediterranean","https://perma.cc/88GP-RVEN, https://perma.cc/WS2D-QEQ9",Uncategorized,3
2025.MMP0713,2025.MMP0713,Mediterranean,"Sat, 05/31/2025 - 12:00",2025,May,2,0,,,,,Unknown,Drowning,Unknown,"Unspecified location off the coast of Formentera, Baleric Islands, Spain","La Voz de Ibiza, La Razon","38.528784, 1.429981","Western Mediterranean","https://perma.cc/88GP-RVEN, https://perma.cc/WS2D-QEQ10",Uncategorized,3
2025.MMP0714,2025.MMP0714,Mediterranean,"Thu, 06/05/2025 - 12:00",2025,June,1,0,,,,,Unknown,Drowning,Unknown,"Pituisan Sea, near Punta Prima, Formentera, Balearic Islands, Spain","Diario de Formentera, Diario de Mallorca","38.721559, 1.472286","Western Mediterranean","https://perma.cc/PG89-PGCV, https://perma.cc/CWH4-S7ME",Uncategorized,3
2025.MMP0715,2025.MMP0715,Mediterranean,"Sat, 06/07/2025 - 12:00",2025,June,1,0,,,1,,"Northern Africa (P)",Drowning,Unknown,"Off the coast of the Santa Catalina area, Ceuta, Spain","InfoBae, El Pueblo de Ceuta","35.907748, -5.28862","Western Mediterranean","https://perma.cc/26JZ-ZDF7, https://perma.cc/7EER-FHWU",Uncategorized,3
2025.MMP0716,2025.MMP0716,Mediterranean,"Sun, 06/08/2025 - 12:00",2025,June,1,0,,,,,Unknown,"Mixed or unknown",Unknown,"Remains washed up to unspecified location near Tajura, Libya","Libyan Red Crescent via IOM Libya","32.88678952, 13.39658788","Central Mediterranean",,Uncategorized,4
2025.MMP0717,2025.MMP0717,Mediterranean,"Tue, 06/10/2025 - 12:00",2025,June,1,0,,,,,Unknown,"Mixed or unknown",Unknown,"Remains washed up to unspecified location near Tajura, Libya","Libyan Red Crescent via IOM Libya","32.89553183, 13.38862639","Central Mediterranean",,Uncategorized,4
2025.MMP0718,2025.MMP0718,Mediterranean,"Wed, 06/11/2025 - 12:00",2025,June,1,0,,,,,Unknown,"Mixed or unknown",Unknown,"Remains washed up to unspecified location near Garabulli, Libya","Libyan Red Crescent via IOM Libya","32.79532638, 13.72492788","Central Mediterranean",,Uncategorized,4
2025.MMP0719,2025.MMP0719701,Mediterranean,"Thu, 06/12/2025 - 12:00",2025,June,,6,2,3,,3,"Eastern Africa",Drowning,Eritrea,"Unspecified location off the coast of Alshab port, Libya","Libyan Coast Guard, IOM Libya","32.98140913, 13.17416739","Central Mediterranean",,Uncategorized,5
2025.MMP0719,2025.MMP0719702,Mediterranean,"Thu, 06/12/2025 - 12:00",2025,June,,5,5,,,,"Southern Asia",Drowning,Pakistan,"Unspecified location off the coast of Alshab port, Libya","Libyan Coast Guard, IOM Libya","32.98140913, 13.17416739","Central Mediterranean",,Uncategorized,5
2025.MMP0719,2025.MMP0719703,Mediterranean,"Thu, 06/12/2025 - 12:00",2025,June,,4,3,,4,,"Northern Africa",Drowning,Egypt,"Unspecified location off the coast of Alshab port, Libya","Libyan Coast Guard, IOM Libya","32.98140913, 13.17416739","Central Mediterranean",,Uncategorized,5
2025.MMP0719,2025.MMP0719704,Mediterranean,"Thu, 06/12/2025 - 12:00",2025,June,,4,,,,,Unknown,Drowning,Unknown,"Unspecified location off the coast of Alshab port, Libya","Libyan Coast Guard, IOM Libya","32.98140913, 13.17416739","Central Mediterranean",,Uncategorized,5
2025.MMP0719,2025.MMP0719705,Mediterranean,"Thu, 06/12/2025 - 12:00",2025,June,,2,,,2,,"Northern Africa",Drowning,Sudan,"Unspecified location off the coast of Alshab port, Libya","Libyan Coast Guard, IOM Libya","32.98140913, 13.17416739","Central Mediterranean",,Uncategorized,5
2025.MMP0720,2025.MMP0720,Mediterranean,"Fri, 06/13/2025 - 12:00",2025,June,10,30,1,,6,,Unknown,Drowning,Unknown,"Approximately 35km west of Tobruk, Libya. Likely Libya-Crete crossing.","IOM Libya","32.23838202, 23.58566159","Eastern Mediterranean",,Uncategorized,4
2025.MMP0721,2025.MMP0721,Europe,"Tue, 06/17/2025 - 12:00",2025,June,1,0,,,,,Unknown,"Mixed or unknown",Unknown,"Remains found in Eugen Kvaternik military training ground, Slunj, Croatia","Karlovac Police, IOM Croatia, Dnevnik","45.10744394, 15.55699983","Western Balkans","https://perma.cc/2W5B-24NV, https://perma.cc/BMM4-W2G5","Southern Europe",5
2025.MMP0722,2025.MMP0722,"Central America","Fri, 06/06/2025 - 12:00",2025,June,1,0,,,1,,"Central America","Harsh environmental conditions / lack of adequate shelter, food, water","El Salvador","Moutain Area in Ocampo (Cerrania de Ocampo), Coahuila, Mexico","Periodico La Voz","29.17943755, -102.9625761","US-Mexico border crossing",https://perma.cc/U63V-F2TT,"Central America",1
2025.MMP0723,2025.MMP0723,"Central America","Fri, 06/06/2025 - 12:00",2025,June,1,0,,,1,1,"Central America",Drowning,Mexico,"Undetermined location in the Rio Bravo, in Piedras Negras, Coahuila, Mexico","La Rancherita de Aire","28.67651631, -100.5057515","US-Mexico border crossing",https://perma.cc/K2ES-3VE7?type=image,"Central America",1
2025.MMP0724,2025.MMP0724,"Central America","Tue, 06/10/2025 - 12:00",2025,June,1,0,,,1,1,"Central America",Drowning,Mexico,"Rio Bravo near Nava, Coahuila, Mexico","Super Channel 12","28.60710667, -100.4426655","US-Mexico border crossing",https://perma.cc/2FF5-VSAT,"Central America",1
2025.MMP0725,2025.MMP0725,"Southern Asia","Wed, 04/30/2025 - 12:00",2025,April,1,0,,,1,,"Southern Asia","Mixed or unknown",India,"Nearby Attari - Wagah Border from the Indian side, Punjab, India","Scroll.in, The Indian Express, TRT Global","31.60573801, 74.5840083",,"https://perma.cc/9454-9P5G, https://perma.cc/BLD2-RF2A, https://perma.cc/P7UD-G9H3","Southern Asia",3
2025.MMP0726,2025.MMP0726,"Southern Asia","Thu, 06/12/2025 - 12:00",2025,June,6,0,,2,1,3,"Southern Asia","Vehicle accident / death linked to hazardous transport",India,"The plane crashed into the student hostel block of B. J. Medical College, Ahmedabad, India","The Guardian, Al Jazeera, The Times of India, NDTV","23.055278, 72.612222",,"https://perma.cc/7ULB-LFLV, https://perma.cc/4RCJ-FYGD, https://perma.cc/T2Q7-A72E, https://perma.cc/G8K6-DYLV","Southern Asia",3
2025.MMP0727,2025.MMP0727,Mediterranean,"Sun, 04/13/2025 - 12:00",2025,April,1,0,,,,,Unknown,"Mixed or unknown",Unknown,"Remains found in the waters of Escorca, Spain","Cope, Ultimo Hora","39.8783515, 2.795611736","Western Mediterranean","https://perma.cc/4S68-Q6AJ, https://perma.cc/CT9C-9Y55",Uncategorized,3
2025.MMP0728,2025.MMP0728,Mediterranean,"Wed, 05/07/2025 - 12:00",2025,May,1,0,,,,,Unknown,"Mixed or unknown",Unknown,"Remains found in the Serra de Tramuntana, 3.5 miles from the port of Sóller, Spain","Cope, Ultimo Hora","39.82909635, 2.733072827","Western Mediterranean","https://perma.cc/4S68-Q6AJ, https://perma.cc/CT9C-9Y55",Uncategorized,3
2025.MMP0729,2025.MMP0729,Mediterranean,"Mon, 05/12/2025 - 12:00",2025,May,1,0,,,,,Unknown,"Mixed or unknown",Unknown,"Remains found in 3 miles from the island of Dragonera, Spain","Cope, Ultimo Hora","39.54338314, 2.262287884","Western Mediterranean","https://perma.cc/4S68-Q6AJ, https://perma.cc/CT9C-9Y55",Uncategorized,3
2025.MMP0730,2025.MMP0730,Mediterranean,"Fri, 05/16/2025 - 12:00",2025,May,1,0,,,,,Unknown,"Mixed or unknown",Unknown,"Remains found 1.5 miles from the Formentor lighthouse, Spain","Cope, Ultimo Hora","39.97185127, 3.242167975","Western Mediterranean","https://perma.cc/4S68-Q6AJ, https://perma.cc/CT9C-9Y55",Uncategorized,3
2025.MMP0731,2025.MMP0731,Mediterranean,"Wed, 05/28/2025 - 12:00",2025,May,1,0,,,,,Unknown,"Mixed or unknown",Unknown,"Remains found at unspecified location near the island of Dragonera, Spain","Cope, Ultimo Hora","39.56601971, 2.296620171","Western Mediterranean","https://perma.cc/4S68-Q6AJ, https://perma.cc/CT9C-9Y55",Uncategorized,3
2025.MMP0732,2025.MMP0732,Mediterranean,"Wed, 06/18/2025 - 12:00",2025,June,,5,20,,,,"Eastern Africa","Mixed or unknown",Somalia,"Boat rescued 60 KM off the coast of Alicante, Spain. Departed from Algeria and went aadrift for at least 2 weeks","EuropaPress, Todoalicante, Francisco Jose Clemente Martin","38.18112543, -0.046808418","Western Mediterranean","https://perma.cc/UUB2-HPFA, https://perma.cc/T855-L89B, https://perma.cc/88WX-NBH5?type=standard",Uncategorized,4
2025.MMP0733,2025.MMP0733,Europe,"Fri, 05/16/2025 - 12:00",2025,May,1,0,,,1,,"Southern Asia","Mixed or unknown",Afghanistan,"Remains found at unspecified location in the territory of Subotica, Serbia","Serbian Ministry of the Interior via IOM Serbia","46.05073691, 19.64182229","Western Balkans",,"Southern Europe",5
2025.MMP0734,2025.MMP0734,Europe,"Sat, 05/17/2025 - 12:00",2025,May,1,0,,,1,,"Southern Asia","Mixed or unknown",Afghanistan,"Remains found at unspecified location in the territory of Subotica, Serbia","Serbian Ministry of the Interior via IOM Serbia","46.16118504, 19.66036172","Western Balkans",,"Southern Europe",5
2025.MMP0735,2025.MMP0735,Europe,"Thu, 05/22/2025 - 12:00",2025,May,1,0,,,1,,"Southern Asia",Violence,Pakistan,"Found in apartment in Belgrade, Serbia","Serbian Ministry of the Interior via IOM Serbia","44.75529702, 20.49935623","Western Balkans",,"Southern Europe",5
2025.MMP0736,2025.MMP0736,Europe,"Fri, 05/23/2025 - 12:00",2025,May,1,0,,,1,,"Southern Asia",Violence,Afghanistan,"During raid on improvised migrant camp in municipality of Šid, Serbia","Serbian Ministry of the Interior via IOM Serbia","45.13529586, 19.15994799","Western Balkans",,"Southern Europe",5
2025.MMP0737,2025.MMP0737,Mediterranean,"Sat, 06/14/2025 - 12:00",2025,June,1,0,,,,,Unknown,Drowning,Unknown,"Remains recovered at Talil Aljarf, Sabratha, Libya","Libyan Red Crescent via IOM Libya","32.81525168, 12.41511468","Central Mediterranean",https://archive.ph/4Q87Z,Uncategorized,4
2025.MMP0738,2025.MMP0738,Mediterranean,"Thu, 06/19/2025 - 12:00",2025,June,1,0,,,,,Unknown,Drowning,Unknown,"Remains recovered at unspecified location in Sirte, Libya","GACS via IOM Libya","31.21257281, 16.55373494","Central Mediterranean",,Uncategorized,4
2025.MMP0739,2025.MMP0739,Mediterranean,"Sat, 06/21/2025 - 12:00",2025,June,1,0,,,,,Unknown,Drowning,Unknown,"Remains recovered at Sabratha beach, Sabratha, Libya","Libyan Red Crescent via IOM Libya","32.8155942, 12.41882695","Central Mediterranean",https://archive.ph/uNcBH,Uncategorized,4
2025.MMP0740,2025.MMP0740,"Southern Asia","Fri, 05/23/2025 - 12:00",2025,May,1,0,,,,1,"Southern Asia","Harsh environmental conditions / lack of adequate shelter, food, water","Iran (Islamic Republic of)","Nearby Rimdan border from the Iranian side, Sistan and Baluchestan province, Iran","Haalvsh, Rozhn, Rasank News","25.37970942, 61.651841",,"https://perma.cc/38Z5-2L5F, https://perma.cc/ES87-C5WF, https://perma.cc/ZQ3F-6XAX","Southern Asia",3
2025.MMP0741,2025.MMP0741,Caribbean,"Fri, 06/06/2025 - 12:00",2025,June,1,0,,,1,,Caribbean,"Accidental death",Haiti,"Building close to Intersection of 7th and 13th Streets, Ensanche Espaillat, Santiago de los Caballeros, República Dominicana","El Nuevo Diario República Dominicana","19.48226895, -70.735047",,https://perma.cc/9TNH-39SV,Caribbean,1
2025.MMP0742,2025.MMP0742,"Central America","Fri, 06/13/2025 - 12:00",2025,June,1,0,,,1,,"South America",Drowning,Colombia,"Sewer mouth in Colonia Los Cafetales, Tapachula,Chiapas, Mexico","El Heraldo de Mexico, Noticias Voz e Imagen de Chiapas, Diario de Mexico","14.86610899, -92.30340062",,"https://perma.cc/3QGA-ZDYY, https://perma.cc/JYV2-V6P6, https://perma.cc/4GUL-69VD","Central America",3
2025.MMP0743,2025.MMP0743,"Central America","Tue, 05/20/2025 - 12:00",2025,May,1,0,,,1,,"Central America",Violence,Guatemala,"Central Park in Ejido La Libertad, Suchiate Municipality, Chiapas","Diario del Sur","14.5916877, -92.19277095",,https://perma.cc/232B-CZQX,"Central America",1
2025.MMP0744,2025.MMP0744,"Central America","Fri, 04/18/2025 - 12:00",2025,April,,1,,,1,,Caribbean,"Mixed or unknown",Cuba,"Unknown location in Tapachula, Chiapas, Mexico","Cibercuba,El Heraldo","14.87034982, -92.28858921",,"https://perma.cc/E4M8-2E6V, https://perma.cc/URR3-TEQ2","Central America",3
2025.MMP0745,2025.MMP0745,"Central America","Sat, 06/21/2025 - 12:00",2025,June,1,0,6,,1,,"Central America",Violence,Mexico,"Colonia Papigochi, house near the intersection of Rio Tutuaca and Rio Napavechic streets,Ciudad Juarez, Chihuahua, Mexico","Fisacalia General del Estado de Chihuahua,La Opcion de Chihuahua,Norte Digital,Debate, Milenio","31.61987911, -106.4120225","US-Mexico border crossing","https://perma.cc/C9ZQ-HGHM, https://perma.cc/7S68-4CHJ, https://perma.cc/N5RH-4E9F, https://archive.ph/MBr2Q, https://perma.cc/AM8E-BPD8","Central America",5
2025.MMP0746,2025.MMP0746,"South America","Thu, 06/19/2025 - 12:00",2025,June,1,0,,,1,,"South America","Harsh environmental conditions / lack of adequate shelter, food, water","Venezuela (Bolivarian Republic of)","Near Pisiga Viejo, Colchane Commune, Tarapacá Region, Chile","OIM Bolivia, Fiscalia Tarapacá, Radio Paulina","-19.28038293, -68.62087851",,"https://perma.cc/5YG5-JPV6, https://perma.cc/6FNX-5W33","South America",5
2025.MMP0747,2025.MMP0747,Mediterranean,"Sun, 06/22/2025 - 12:00",2025,June,1,,40,,,1,Unknown,Drowning,Unknown,"Unspecified location off Farmakonisi island, Leros, Greece - presumed departure from Yalıkavak, Türkiye","Hellenic Coast Guard","37.2618347, 27.13315561","Eastern Mediterranean","https://perma.cc/7779-CJ87, https://perma.cc/Z65D-XGSP",Uncategorized,5
2025.MMP0748,2025.MMP0748,Mediterranean,"Mon, 06/30/2025 - 12:00",2025,June,1,1,87,1,,1,"Western Africa",Drowning,"Côte d'Ivoire","Unspecified location off the coast of Lampedusa, Italy - departure from Libya on 27 June","IOM Italy, Reuters","35.43786611, 12.60361519","Central Mediterranean",https://archive.ph/xbdFu,Uncategorized,4
2025.MMP0749,2025.MMP0749,Europe,"Fri, 06/27/2025 - 12:00",2025,June,1,0,,,,,Unknown,"Harsh environmental conditions / lack of adequate shelter, food, water",Unknown,"Unspecified location in the Verkhnedvinsk district in Belarus, along the border with Latvia","Belarus State Border Committee","56.09013248, 27.96324946","Belarus-EU border",https://perma.cc/4RAJ-KRGB,"Eastern Europe",5
2025.MMP0750,2025.MMP0750744,Mediterranean,"Wed, 06/25/2025 - 12:00",2025,June,1,0,,,,,Unknown,Drowning,Unknown,"Body spotted by Seabird 1 in international waters off the Libyan coast in position 33d29,40mN 012d50,00mE at 0910 UTC","Sea Watch","33.49, 12.8333","Central Mediterranean",https://perma.cc/X48G-D3V9,Uncategorized,4
2025.MMP0750,2025.MMP0750745,Mediterranean,"Wed, 06/25/2025 - 12:00",2025,June,1,0,,,,,Unknown,Drowning,Unknown,"Body spotted by Seabird 1 in international waters off the Libyan coast in position 33d36,69mN 012d45,73mE at 0936 UTC","Sea Watch","33.6115, 12.7622","Central Mediterranean",https://perma.cc/X48G-D3V10,Uncategorized,4
2025.MMP0750,2025.MMP0750746,Mediterranean,"Wed, 06/25/2025 - 12:00",2025,June,1,0,,,,,Unknown,Drowning,Unknown,"Body spotted by Seabird 1 in international waters off the Libyan coast in position 33d36,27mN 012d47,00mE at 1100 UTC","Sea Watch","33.6045, 12.7833","Central Mediterranean",https://perma.cc/X48G-D3V11,Uncategorized,4
2025.MMP0750,2025.MMP0750747,Mediterranean,"Wed, 06/25/2025 - 12:00",2025,June,1,0,,,,,Unknown,Drowning,Unknown,"Body spotted by Seabird 1 in international waters off the Libyan coast 33d34,83mN 012d48,72mE at 1719 UTC","Sea Watch","33.5805, 12.812","Central Mediterranean",https://perma.cc/X48G-D3V12,Uncategorized,4
2025.MMP0750,2025.MMP0750748,Mediterranean,"Wed, 06/25/2025 - 12:00",2025,June,1,0,,,,,Unknown,Drowning,Unknown,"Body spotted by Seabird 1 in international waters off the Libyan coast in position 33d37,57mN 012d40,82mE at 1500 UTC","Sea Watch","33.6262, 12.6803","Central Mediterranean",https://perma.cc/X48G-D3V13,Uncategorized,4
2025.MMP0750,2025.MMP0750749,Mediterranean,"Thu, 06/26/2025 - 12:00",2025,June,1,0,,,,,Unknown,Drowning,Unknown,"Body spotted by Seabird 1 in international waters off the Libyan coast in position 33d36,52mN 012d49,28mE at 1753 UTC","Sea Watch","33.6087, 12.8213","Central Mediterranean",https://perma.cc/X48G-D3V14,Uncategorized,4
2025.MMP0751,2025.MMP0751,"Western Asia","Sat, 06/28/2025 - 12:00",2025,June,1,0,,,1,,"Eastern Africa",Violence,Ethiopia,"Maris Al Dhalea, Aljabara, Yemen","Yemen News, Khabar Agency","13.9107949, 44.7484427","Eastern Route to/from EHOA","https://perma.cc/SP92-WYQP, https://perma.cc/ZMD3-LHGZ","Western Asia",3
2025.MMP0752,2025.MMP0752,"Northern Africa","Thu, 01/02/2025 - 12:00",2025,January,1,0,2,,3,,"Northern Africa","Vehicle accident / death linked to hazardous transport",Sudan,"Unspecified location near Jebel Uweinat South of Al-Kurfa, Libya","IOM Libya Displacement Tracking Matrix","21.89880376, 24.95731085","Sahara Desert crossing",,"Northern Africa",4
2025.MMP0756,2025.MMP0756,"Northern Africa","Sat, 01/11/2025 - 12:00",2025,January,1,0,,,1,,"Western Africa","Sickness / lack of access to adequate healthcare",Niger,"Unspecified location in Karzazah, Misrata, Libya","Displacement Tracking Matrix Libya","32.23726824, 15.07484701","Sahara Desert crossing",,"Northern Africa",4
2025.MMP0757,2025.MMP0757,"Northern Africa","Sat, 01/11/2025 - 12:00",2025,January,3,0,,,3,,"Western Africa","Accidental death",Niger,"Unspecified location in Al-Qatroun, Libya","Displacement Tracking Matrix Libya","24.92843408, 14.57584457","Sahara Desert crossing",,"Northern Africa",4
2025.MMP0758,2025.MMP0758,"Northern Africa","Sat, 01/11/2025 - 12:00",2025,January,1,0,,,1,,"Middle Africa",Violence,Chad,"Unspecified location in Al-Qatroun, Libya","Displacement Tracking Matrix Libya","24.92843408, 14.57584457","Sahara Desert crossing",,"Northern Africa",4
2025.MMP0759,2025.MMP0759,"Northern Africa","Sun, 02/02/2025 - 12:00",2025,February,1,0,,,,1,"Sub-Saharan Africa (P)","Mixed or unknown",Unknown,"Attita Al-Kaseh Hospital, Al-Jawf, Misrata, Libya","Displacement Tracking Matrix Libya","24.20638142, 23.29017468","Sahara Desert crossing",https://www.facebook.com/share/p/1B1WNXxGqu/,"Northern Africa",4
2025.MMP0760,2025.MMP0760,"Northern Africa","Sun, 02/02/2025 - 12:00",2025,February,2,0,,,,,"Sub-Saharan Africa (P)","Mixed or unknown",Unknown,"Unspcified location near Talaba, Al-Kufra, Libya","Displacement Tracking Matrix Libya","24.25823905, 19.89330277","Sahara Desert crossing",https://www.facebook.com/share/p/15ZVwjVkME/,"Northern Africa",4
2025.MMP0761,2025.MMP0761,"Northern Africa","Wed, 02/05/2025 - 12:00",2025,February,1,0,,,1,,"Western Africa","Accidental death",Niger,"Unspecified location near Qasr Ahmed, Misrata, Libya","Displacement Tracking Matrix Libya","32.35730049, 15.206513","Sahara Desert crossing",,"Northern Africa",4
2025.MMP0762,2025.MMP0762,"Northern Africa","Mon, 02/10/2025 - 12:00",2025,February,1,0,,,,,"Sub-Saharan Africa (P)","Mixed or unknown",Unknown,"Unspecified location in Hawari, Al-Kufra, Libya","Displacement Tracking Matrix Libya","24.77802664, 23.70172027","Sahara Desert crossing",https://www.facebook.com/share/p/163Re5kVDX/,"Northern Africa",4
2025.MMP0763,2025.MMP0763,"Northern Africa","Sun, 02/09/2025 - 12:00",2025,February,1,0,,,1,,"Northern Africa","Vehicle accident / death linked to hazardous transport",Sudan,"A farm in Bzimah jadida, Al-Kufra, Libya","IOM Libya Displacement Tracking Matrix","25.53377325, 23.386955","Sahara Desert crossing",https://www.facebook.com/share/p/1B24Sxxbnx/,"Northern Africa",4
2025.MMP0764,2025.MMP0764,"Northern Africa","Wed, 02/12/2025 - 12:00",2025,February,4,0,21,,,,"Sub-Saharan Africa (P)","Vehicle accident / death linked to hazardous transport",Unknown,"Unspecifed location between Brak and Ash Shwayrif, Libya","Displacement Tracking Matrix Libya","28.07175367, 14.34869158","Sahara Desert crossing",,"Northern Africa",4
2025.MMP0765,2025.MMP0765,"Northern Africa","Tue, 02/18/2025 - 12:00",2025,February,1,0,,,,,"Sub-Saharan Africa (P)","Mixed or unknown",Unknown,"Body found in Al-Nakhyl Project, Qaser Bin Ghashir, Al-Kufra, Libya","Displacement Tracking Matrix Libya","32.58179632, 13.31487885","Sahara Desert crossing",https://www.facebook.com/share/p/1HVp4sSARP/,"Northern Africa",4
2025.MMP0766,2025.MMP0766,"Northern Africa","Thu, 02/13/2025 - 12:00",2025,February,1,0,,,1,,"Northern Africa",Violence,Egypt,"Unspecified location in Qasr Ahmed, Misrata, Libya","Displacement Tracking Matrix Libya","32.35918682, 15.20574073","Sahara Desert crossing",,"Northern Africa",4
2025.MMP0767,2025.MMP0767,"Northern Africa","Wed, 02/12/2025 - 12:00",2025,February,1,0,,,1,,"Western Africa",Violence,Niger,"Unspecified location in Ras Ammar, Misrata, Libya","Displacement Tracking Matrix Libya","32.37740475, 15.08414302","Sahara Desert crossing",,"Northern Africa",4
2025.MMP0768,2025.MMP0768,"Northern Africa","Sat, 03/01/2025 - 12:00",2025,March,1,0,,,1,,"Sub-Saharan Africa (P)","Mixed or unknown",Unknown,"Body found in Ash Shwayrif, Libya","Displacement Tracking Matrix Libya","29.98132975, 14.25780765","Sahara Desert crossing",https://www.facebook.com/share/18XxpBUPs4/,"Northern Africa",4
2025.MMP0769,2025.MMP0769,"Northern Africa","Thu, 03/13/2025 - 12:00",2025,March,1,0,,,,,"Sub-Saharan Africa (P)",Violence,Unknown,"Body found in Al-Ghut, Sabaratah, Libya","Displacement Tracking Matrix Libya","32.78364553, 12.44124337","Sahara Desert crossing",,"Northern Africa",4
2025.MMP0770,2025.MMP0770,"Northern Africa","Mon, 03/17/2025 - 12:00",2025,March,1,0,,,1,,"Sub-Saharan Africa (P)","Sickness / lack of access to adequate healthcare",Unknown,"Unspecified location in Al-Madina, Tobruk, Libya","Displacement Tracking Matrix Libya","32.08210122, 23.92858248","Sahara Desert crossing",,"Northern Africa",4
2025.MMP0771,2025.MMP0771,"Northern Africa","Wed, 03/12/2025 - 12:00",2025,March,1,0,,,1,,"Western Africa","Sickness / lack of access to adequate healthcare",Niger,"Unspecified location in Al-Kararim, Misrata, Libya","Displacement Tracking Matrix Libya","32.32852741, 15.08897296","Sahara Desert crossing",,"Northern Africa",4
2025.MMP0772,2025.MMP0772,"Northern Africa","Mon, 03/24/2025 - 12:00",2025,March,1,0,,,1,,"Northern Africa","Vehicle accident / death linked to hazardous transport",Egypt,"Unspecified location in Musaid, Butnan district in Tobruk, Libya","Displacement Tracking Matrix Libya","31.60594079, 25.04990745","Sahara Desert crossing",https://www.facebook.com/share/18WmoRJaC2/,"Northern Africa",4
2025.MMP0773,2025.MMP0773,"Northern Africa","Sat, 03/29/2025 - 12:00",2025,March,2,0,,2,,,"Sub-Saharan Africa (P)","Harsh environmental conditions / lack of adequate shelter, food, water",Unknown,"Near Brak, El-Afia, Libya","Displacement Tracking Matrix Libya","27.54780457, 14.26012382","Sahara Desert crossing",,"Northern Africa",4
2025.MMP0774,2025.MMP0774,"Northern Africa","Tue, 04/01/2025 - 12:00",2025,April,2,0,3,,2,,"Sub-Saharan Africa (P)","Vehicle accident / death linked to hazardous transport",Unknown,"165 KM North of Al-Kurfa, Libya","Displacement Tracking Matrix Libya","24.69818756, 22.48607602","Sahara Desert crossing",https://www.facebook.com/share/p/1HtEmbbPtQ/,"Northern Africa",4
2025.MMP0775,2025.MMP0775,"Northern Africa","Tue, 04/22/2025 - 12:00",2025,April,1,0,,,1,,"Northern Africa","Vehicle accident / death linked to hazardous transport",Sudan,"Unspecified location between Al-Jufra and Brak, Libya","IOM Libya Displacement Tracking Matrix","27.93305426, 15.61454403","Sahara Desert crossing",https://www.facebook.com/share/p/16XazxsRYt/?mibextid=wwXIfr,"Northern Africa",4
2025.MMP0776,2025.MMP0776,"Northern Africa","Wed, 04/23/2025 - 12:00",2025,April,1,0,1,,1,,"Northern Africa","Vehicle accident / death linked to hazardous transport",Egypt,"Unspecified location in Musadi,Libya","Displacement Tracking Matrix Libya","28.18231946, 16.87983268","Sahara Desert crossing",,"Northern Africa",4
2025.MMP0777,2025.MMP0777,"Northern Africa","Wed, 04/23/2025 - 12:00",2025,April,7,0,,,7,,"Northern Africa","Vehicle accident / death linked to hazardous transport",Egypt,"Unspecified location 150 KM in Ajdabiya between Egypt and Al Wahat District in northeastern Libya","Displacement Tracking Matrix Libya","30.76090028, 20.21647807","Sahara Desert crossing",https://fb.watch/z9mXGTaukQ/,"Northern Africa",4
2025.MMP0778,2025.MMP0778,"Northern Africa","Sat, 04/26/2025 - 12:00",2025,April,3,0,,1,,,"Sub-Saharan Africa (P)","Mixed or unknown",Unknown,"Bodies found in  Alawenat, Ghat, Libya","Displacement Tracking Matrix Libya","25.76939879, 10.55717446","Sahara Desert crossing",https://www.facebook.com/share/p/1FSxdavfrz/,"Northern Africa",4
2025.MMP0779,2025.MMP0779,"Northern Africa","Wed, 04/30/2025 - 12:00",2025,April,1,0,,1,,,"Northern Africa","Sickness / lack of access to adequate healthcare",Sudan,"Unspecified location in Al-Jawf, Al-Kufrah, Libya","IOM Libya Displacement Tracking Matrix","24.20589684, 23.29591717","Sahara Desert crossing",https://www.facebook.com/share/p/16XkqULXd7/,"Northern Africa",4
2025.MMP0780,2025.MMP0780,"Northern Africa","Sat, 05/03/2025 - 12:00",2025,May,1,1,,,1,,"Sub-Saharan Africa (P)","Sickness / lack of access to adequate healthcare",Unknown,"Unspecified location in in a farm located souther of Al-Jawf, Al-Kufrah, Libya","Displacement Tracking Matrix Libya","24.15390549, 23.28630414","Sahara Desert crossing",https://www.facebook.com/share/p/1E4cq824v5/,"Northern Africa",4
2025.MMP0781,2025.MMP0781,"Northern Africa","Sat, 05/10/2025 - 12:00",2025,May,2,0,,,,,"Sub-Saharan Africa (P)","Mixed or unknown",Unknown,"Bodies found in an unspecified location in SaidBlash, Libya","Displacement Tracking Matrix Libya","25.67107077, 22.17865363","Sahara Desert crossing",https://www.facebook.com/share/16BT2adVxo/,"Northern Africa",4
2025.MMP0782,2025.MMP0782,"Northern Africa","Mon, 05/19/2025 - 12:00",2025,May,1,0,,,1,,"Western Africa","Sickness / lack of access to adequate healthcare",Niger,"Unspecified location near Misrata, Libya","Displacement Tracking Matrix Libya","32.31641117, 15.09310915","Sahara Desert crossing",,"Northern Africa",4
2025.MMP0783,2025.MMP0783,"Northern Africa","Sun, 05/25/2025 - 12:00",2025,May,2,0,,,,,"Sub-Saharan Africa (P)","Mixed or unknown",Unknown,"50 KM from Al-gatroun, Libya","Displacement Tracking Matrix Libya","24.93115931, 14.57747562","Sahara Desert crossing",,"Northern Africa",4
2025.MMP0784,2025.MMP0784,"Northern Africa","Wed, 05/28/2025 - 12:00",2025,May,1,0,,,1,,"Northern Africa",Violence,Egypt,"Unspecified location near Musaid, Libya on the border between Libya and Egypt","Displacement Tracking Matrix Libya","31.60715303, 25.07399677","Sahara Desert crossing",,"Northern Africa",4
2025.MMP0785,2025.MMP0785,"Northern Africa","Fri, 05/30/2025 - 12:00",2025,May,12,0,2,2,2,2,"Northern Africa","Vehicle accident / death linked to hazardous transport",Sudan,"90 KM North of Al-Kufrah, Libya","IOM Libya Displacement Tracking Matrix","25.01717886, 21.01390869","Sahara Desert crossing",,"Northern Africa",4
2025.MMP0786,2025.MMP0786,"Western Asia","Thu, 06/26/2025 - 12:00",2025,June,4,0,,1,3,,"Eastern Africa","Sickness / lack of access to adequate healthcare",Ethiopia,"Ahwar District Hospital, Ahwar in south central Yemen","IOM Yemen","13.52248972, 46.71159261","Eastern Route to/from EHOA",,"Western Asia",4
2025.MMP0787,2025.MMP0787,"Western Asia","Thu, 06/26/2025 - 12:00",2025,June,1,0,,,1,,"Eastern Africa",Violence,Ethiopia,"Al-Zyilah village, located in the Morais area of Qaatabah district, Yemen","IOM Yemen","13.86577092, 44.70964787","Eastern Route to/from EHOA",,"Western Asia",4
2025.MMP0788,2025.MMP0788,"Western Asia","Fri, 06/20/2025 - 12:00",2025,June,1,0,,,1,,"Western Asia",Violence,Yemen,"Unspecified location in Tariq Thabet between Yemen and KSA","Yemen Voice","17.43528078, 45.05098486","Eastern Route to/from EHOA",https://perma.cc/SHB8-9LWY,"Western Asia",3
2025.MMP0789,2025.MMP0789,"Southern Asia","Tue, 06/10/2025 - 12:00",2025,June,1,0,,,1,,"Southern Asia",Violence,Afghanistan,"An unknown location, Afghanistan - remains repatriated to Kabul","Agaah Press, Zarin TV Network, The Independent Persian","34.51618644, 69.321907",,"https://perma.cc/K3AV-B72Z, https://perma.cc/HD2Y-RGDA, https://perma.cc/73PH-TW7C","Southern Asia",3
2025.MMP0790,2025.MMP0790,"Central America","Tue, 06/24/2025 - 12:00",2025,June,1,0,,,1,,"Latin America / Caribbean (P)",Violence,Unknown,"Close to Rio Cachoacán,Ejido Brisas del Mar,Suchiate Municipality, Chiapas, Mexico","Diario del Sur","14.62669076, -92.31554323",,https://perma.cc/42FK-GU3U,"Central America",1
2025.MMP0791,2025.MMP0791,"Central America","Sat, 06/28/2025 - 12:00",2025,June,1,0,,,1,,"South America",Violence,Colombia,"Undetermined location in Mexico City, Mexico","El Tiempo","19.42634243, -99.13764286",,"https://perma.cc/2ZS3-LV5W, https://perma.cc/S64E-5BEW","Central America",3
2025.MMP0792,2025.MMP0792,"South America","Mon, 06/30/2025 - 12:00",2025,June,1,0,,,1,,"South America",Violence,"Venezuela (Bolivarian Republic of)","Rafael Torreblanca Street,Copiapó, Atacama, Chile","Primicia, El Regional del Zulia","-27.39835371, -70.30102068",,"https://perma.cc/KYV2-UE9K, https://perma.cc/E348-UTPR","South America",1
2025.MMP0793,2025.MMP0793,"Eastern Africa","Fri, 02/28/2025 - 12:00",2025,February,2,0,0,0,2,0,"Eastern Africa","Sickness / lack of access to adequate healthcare",Ethiopia,"Ali Sabieh hospital, Ali Sabieh, Djibouti","IOM Djibouti","11.15009473, 42.71663451","Eastern Route to/from EHOA",,"Eastern Africa",4
2025.MMP0794,2025.MMP0794,"Eastern Africa","Mon, 03/31/2025 - 12:00",2025,March,1,0,0,0,0,1,"Eastern Africa","Sickness / lack of access to adequate healthcare",Ethiopia,"Ali Sabieh hospital, Ali Sabieh, Djibouti","IOM Djibouti","11.15009473, 42.71663451","Eastern Route to/from EHOA",,"Eastern Africa",4
2025.MMP0795,2025.MMP0795791,"Eastern Africa","Thu, 05/01/2025 - 12:00",2025,May,1,2,102,1,0,0,"Eastern Africa",Drowning,Ethiopia,"Gehere, Obock, Djibouti - EHOA-Yemen Crossing","IOM Djibouti","12.232292, 43.398421","Eastern Route to/from EHOA",,"Eastern Africa",4
2025.MMP0795,2025.MMP0795792,"Eastern Africa","Thu, 05/01/2025 - 12:00",2025,May,1,0,0,0,1,0,"Eastern Africa",Drowning,Ethiopia,"Obock Hospital, Obock, Djibouti - EHOA-Yemen Crossing","Obock hospital via IOM Djibouti","11.962158, 43.289544","Eastern Route to/from EHOA",,"Eastern Africa",5
2025.MMP0796,2025.MMP0796,"Eastern Africa","Sat, 05/10/2025 - 12:00",2025,May,1,0,0,0,1,0,"Eastern Africa",Violence,Ethiopia,"Orobor, Obock, Djibouti","Obock hospital via IOM Djibouti","11.940501, 43.168959","Eastern Route to/from EHOA",,"Eastern Africa",5
2025.MMP0797,2025.MMP0797,"Eastern Africa","Sun, 05/25/2025 - 12:00",2025,May,1,0,0,0,1,0,"Eastern Africa","Harsh environmental conditions / lack of adequate shelter, food, water",Ethiopia,"AlatEla, Obock, Djibouti","IOM Djibouti","11.965351, 43.227554","Eastern Route to/from EHOA",,"Eastern Africa",4
2025.MMP0798,2025.MMP0798,"Eastern Africa","Mon, 05/26/2025 - 12:00",2025,May,1,0,57,0,1,0,"Eastern Africa","Harsh environmental conditions / lack of adequate shelter, food, water",Ethiopia,"Gehere, Obock, Djibouti","IOM Djibouti","12.308185, 43.327606","Eastern Route to/from EHOA",,"Eastern Africa",4
2025.MMP0799,2025.MMP0799,"Eastern Africa","Tue, 05/27/2025 - 12:00",2025,May,1,0,0,0,1,0,"Eastern Africa","Harsh environmental conditions / lack of adequate shelter, food, water",Ethiopia,"PK 9, Tadjourah, Djibouti - EHOA-Yemen Crossing","Tadjourah Prefecture via IOM Djibouti","11.7863, 42.802575","Eastern Route to/from EHOA",,"Eastern Africa",5
2025.MMP0800,2025.MMP0800,"Eastern Africa","Tue, 05/27/2025 - 12:00",2025,May,1,0,0,0,1,0,"Eastern Africa","Harsh environmental conditions / lack of adequate shelter, food, water",Ethiopia,"Obock Hospital, Obock, Djibouti","Obock hospital via IOM Djibouti","11.962158, 43.289544","Eastern Route to/from EHOA",,"Eastern Africa",5
2025.MMP0801,2025.MMP0801,"Eastern Africa","Wed, 05/28/2025 - 12:00",2025,May,1,0,0,0,1,0,"Eastern Africa","Mixed or unknown",Ethiopia,"Unspecified location in Tadjourah, Djibouti","Tadjourah Prefecture via IOM Djibouti","11.795328, 42.90245","Eastern Route to/from EHOA",,"Eastern Africa",5
2025.MMP0802,2025.MMP0802,"Eastern Africa","Fri, 05/30/2025 - 12:00",2025,May,1,0,0,0,1,0,"Eastern Africa","Harsh environmental conditions / lack of adequate shelter, food, water",Ethiopia,"Obock Hospital, Obock, Djibouti","Obock hospital via IOM Djibouti","11.962158, 43.289544","Eastern Route to/from EHOA",,"Eastern Africa",5
2025.MMP0803,2025.MMP0803,"Eastern Africa","Thu, 06/05/2025 - 12:00",2025,June,1,0,0,0,1,0,"Eastern Africa","Harsh environmental conditions / lack of adequate shelter, food, water",Ethiopia,"Obock regional Hospital, Obock, Djibouti","Obock hospital via IOM Djibouti","11.962158, 43.289544","Eastern Route to/from EHOA",,"Eastern Africa",5
2025.MMP0804,2025.MMP0804,"Eastern Africa","Fri, 06/13/2025 - 12:00",2025,June,1,0,0,0,1,0,"Eastern Africa","Harsh environmental conditions / lack of adequate shelter, food, water",Ethiopia,"Obock regional Hospital, Obock, Djibouti","Obock hospital via IOM Djibouti","11.962158, 43.289544","Eastern Route to/from EHOA",,"Eastern Africa",5
2025.MMP0805,2025.MMP0805,"Eastern Africa","Sat, 06/21/2025 - 12:00",2025,June,1,0,0,0,1,0,"Eastern Africa","Harsh environmental conditions / lack of adequate shelter, food, water",Ethiopia,"Unspecified location in Tadjourah, Djibouti","IOM Djibouti","11.7882, 42.869254","Eastern Route to/from EHOA",,"Eastern Africa",4
2025.MMP0806,2025.MMP0806,"Eastern Africa","Sun, 06/22/2025 - 12:00",2025,June,1,0,0,0,1,0,"Eastern Africa","Harsh environmental conditions / lack of adequate shelter, food, water",Ethiopia,"Obock regional Hospital, Obock, Djibouti","Obock hospital via IOM Djibouti","11.962158, 43.289544","Eastern Route to/from EHOA",,"Eastern Africa",5
2025.MMP0807,2025.MMP0807,"Eastern Africa","Sun, 06/22/2025 - 12:00",2025,June,1,0,17,0,0,1,"Eastern Africa","Harsh environmental conditions / lack of adequate shelter, food, water",Ethiopia,"RasBir, Obock, Djibouti","IOM Djibouti and local community","11.980533, 43.337436","Eastern Route to/from EHOA",,"Eastern Africa",4
2025.MMP0808,2025.MMP0808,"Eastern Africa","Sun, 06/22/2025 - 12:00",2025,June,1,0,17,0,1,0,"Eastern Africa","Harsh environmental conditions / lack of adequate shelter, food, water",Ethiopia,"ADO, Obock, Djibouti","IOM Djibouti and local community","11.995708, 43.33085","Eastern Route to/from EHOA",,"Eastern Africa",4
2025.MMP0809,2025.MMP0809,"Eastern Africa","Mon, 06/23/2025 - 12:00",2025,June,1,0,0,0,1,0,"Eastern Africa","Mixed or unknown",Ethiopia,"Obock regional Hospital, Obock, Djibouti","Obock hospital via IOM Djibouti","11.962158, 43.289544","Eastern Route to/from EHOA",,"Eastern Africa",5
2025.MMP0810,2025.MMP0810,"Eastern Africa","Mon, 06/23/2025 - 12:00",2025,June,1,0,0,0,1,0,"Eastern Africa","Harsh environmental conditions / lack of adequate shelter, food, water",Ethiopia,"ADO, Obock, Djibouti","Local community via IOM Djibouti","11.994909, 43.347361","Eastern Route to/from EHOA",,"Eastern Africa",4
2025.MMP0811,2025.MMP0811,"Eastern Africa","Mon, 06/23/2025 - 12:00",2025,June,4,0,0,0,4,0,"Eastern Africa","Harsh environmental conditions / lack of adequate shelter, food, water",Ethiopia,"Gehere, Obock, Djibouti - EHOA-Yemen Crossing","IOM Djibouti and local community","12.176723, 43.363978","Eastern Route to/from EHOA",,"Eastern Africa",4
2025.MMP0812,2025.MMP0812,"Eastern Africa","Tue, 06/24/2025 - 12:00",2025,June,1,0,0,0,1,0,"Eastern Africa (P)",Drowning,Unknown,"Houguef, Obock, Djibouti - EHOA-Yemen Crossing","Djibouti National Navy via IOM Djibouti","11.979006, 43.325568","Eastern Route to/from EHOA",,"Eastern Africa",5
2025.MMP0813,2025.MMP0813,"Eastern Africa","Wed, 06/25/2025 - 12:00",2025,June,1,0,0,0,1,0,"Eastern Africa","Harsh environmental conditions / lack of adequate shelter, food, water",Ethiopia,"ADO, Obock, Djibouti","Local community via IOM Djibouti","12.007954, 43.315969","Eastern Route to/from EHOA",,"Eastern Africa",4
2025.MMP0814,2025.MMP0814,"Eastern Africa","Thu, 06/26/2025 - 12:00",2025,June,4,0,0,0,4,0,"Eastern Africa","Harsh environmental conditions / lack of adequate shelter, food, water",Ethiopia,"ASO-FOD, Obock, Djibouti","IOM Djibouti and local community","12.023262, 43.362907","Eastern Route to/from EHOA",,"Eastern Africa",4
2025.MMP0815,2025.MMP0815,"Eastern Africa","Fri, 06/27/2025 - 12:00",2025,June,1,0,23,1,0,0,"Eastern Africa",Violence,Ethiopia,"Moulhoule, Obock, Djibouti - EHOA-Yemen Crossing","Djibouti military and local authority via IOM Djibouti","12.569739, 43.212828","Eastern Route to/from EHOA",,"Eastern Africa",5
2025.MMP0816,2025.MMP0816,"Eastern Africa","Fri, 06/27/2025 - 12:00",2025,June,1,0,0,0,1,0,"Eastern Africa","Sickness / lack of access to adequate healthcare",Ethiopia,"Hamar, Obock, Djibouti","Djibouti military and local community via IOM Djibouti","12.499356, 43.218417","Eastern Route to/from EHOA",,"Eastern Africa",5
2025.MMP0817,2025.MMP0817,"Eastern Africa","Mon, 06/30/2025 - 12:00",2025,June,1,0,0,0,1,0,"Eastern Africa","Mixed or unknown",Ethiopia,"Derkale, Tadjourah, Djibouti","IOM Djibouti","11.439743, 42.594927","Eastern Route to/from EHOA",,"Eastern Africa",4
2025.MMP0818,2025.MMP0818,"Eastern Africa","Mon, 06/30/2025 - 12:00",2025,June,1,0,14,0,1,0,"Eastern Africa","Sickness / lack of access to adequate healthcare",Ethiopia,"Unspecified location in Obock, Djibouti","IOM Djibouti","11.9727, 43.251573","Eastern Route to/from EHOA",,"Eastern Africa",4
2025.MMP0819,2025.MMP0819,"Eastern Africa","Sun, 06/08/2025 - 12:00",2025,June,1,0,0,0,1,0,"Eastern Africa","Mixed or unknown",Ethiopia,"Near the cement factory in Ali-Sabieh, Djibouti","Ali-Sabieh regional hospital via IOM Djibouti","11.13026, 42.69185","Eastern Route to/from EHOA",,"Eastern Africa",5
2025.MMP0820,2025.MMP0820,"Eastern Africa","Fri, 06/13/2025 - 12:00",2025,June,1,0,0,0,1,0,"Eastern Africa","Mixed or unknown",Ethiopia,"Between the intersection of the town of Ali-sabieh and the Dikhil region, Djibouti","Ali-Sabieh regional hospital via IOM Djibouti","11.15598847, 42.71256437","Eastern Route to/from EHOA",,"Eastern Africa",5
2025.MMP0615,2025.MMP0615818,"Northern Africa","Wed, 05/28/2025 - 12:00",2025,May,1,0,,,,1,"Western Africa (P)",Drowning,Unknown,"At the hospital in El Hierro, Canary Islands, Spain - departure from Guinea on 18 May","CIPIMD and Helena Maleno via Nuovi Desaparecidos","27.63724206, -17.9789897","Western Africa / Atlantic route to the Canary Islands",https://perma.cc/2D5W-Y748,Uncategorized,4
2025.MMP0822,2025.MMP0822,Mediterranean,"Sun, 07/06/2025 - 12:00",2025,July,5,0,,,3,,"Sub-Saharan Africa",Drowning,Unknown,"Bodies washed ashore off the coasts of Misrata, Libya","Libyan Ministry of Interior, Ain-Libya, IOM Libya","32.4356833, 15.0309017","Central Mediterranean","https://archive.ph/rKet0, https://perma.cc/9WQZ-8Y27",Uncategorized,5
2025.MMP0823,2025.MMP0823,Mediterranean,"Tue, 07/08/2025 - 12:00",2025,July,1,0,,,1,,"Northern Africa",Drowning,Egypt,"Body found near Al-Zaqm neighborhood, Tobruk, Libya. Likely Libya-Crete crossing.","Al-Abreen, Libyan Red Crescent, IOM Libya","32.07803455, 23.94077817","Eastern Mediterranean",https://perma.cc/BJH3-X2VP,Uncategorized,4
2025.MMP0824,2025.MMP0824,Mediterranean,"Tue, 07/08/2025 - 12:00",2025,July,1,0,,,1,,"Northern Africa",Drowning,Egypt,"Near Al-thanawya Al-bahrya, Tobruk, Libya. Likely Libya-Crete crossing.","Al-Abreen, Libyan Red Crescent, IOM Libya","32.10207985, 23.96427726","Eastern Mediterranean",https://perma.cc/BJH3-X2VP,Uncategorized,4
2025.MMP0825,2025.MMP0825,Mediterranean,"Wed, 07/09/2025 - 12:00",2025,July,1,0,,,1,,"Northern Africa (P)",Drowning,Unknown,"Off the coasts of Tobruk, Libya. Likely Libya-Crete crossing.","Al-Abreen, Libyan Red Crescent, IOM Libya","32.10651813, 23.96556303","Eastern Mediterranean",https://perma.cc/NG28-MEUP,Uncategorized,4
2025.MMP0826,2025.MMP0826,Mediterranean,"Wed, 07/09/2025 - 12:00",2025,July,1,0,,,1,,Unknown,Drowning,Unknown,"Off the coasts of Sharq Al-Jady area, 110 KM North Tobruk, Libya. Likely Libya-Crete crossing.","Al-Abreen, Libyan Red Crescent, IOM Libya","32.00383495, 24.87447126","Eastern Mediterranean",,Uncategorized,4
2025.MMP0827,2025.MMP0827,Mediterranean,"Sat, 06/07/2025 - 12:00",2025,June,21,0,,2,19,,Unknown,Drowning,Unknown,"Bodies washed ashore off the coasts of Hzag and Louza, Sfax, Tunisia","Humanitarian Agency","35.02763512, 11.01301992","Central Mediterranean",,Uncategorized,4
2025.MMP0828,2025.MMP0828,Mediterranean,"Mon, 06/09/2025 - 12:00",2025,June,7,0,,,7,,Unknown,Drowning,Unknown,"Bodies washed ashore off the coasts of Sfax, Tunisia","Humanitarian Agency","34.71396855, 10.77223291","Central Mediterranean",,Uncategorized,4
2025.MMP0829,2025.MMP0829,Mediterranean,"Mon, 06/09/2025 - 12:00",2025,June,2,0,,,2,,Unknown,Drowning,Unknown,"Bodies washed ashore off the coasts of Mahdia, Tunisia","Humanitarian Agency","35.51422733, 11.0769468","Central Mediterranean",,Uncategorized,4
2025.MMP0830,2025.MMP0830,Mediterranean,"Tue, 06/10/2025 - 12:00",2025,June,8,0,,2,6,,Unknown,Drowning,Unknown,"Bodies washed ashore off the coasts of Sfax, Tunisia","Humanitarian Agency","34.70832409, 10.75815667","Central Mediterranean",,Uncategorized,4
2025.MMP0831,2025.MMP0831828,Mediterranean,"Sun, 07/06/2025 - 12:00",2025,July,,4,50,,4,,"Western Asia",Drowning,Yemen,"Unspcified location off the coasts of Sfax, Tunisia","IOM Tunisia, Yemeni Embassy in Tunisia via Radar","34.70183249, 10.75918664","Central Mediterranean",https://perma.cc/WP3M-WYBE,Uncategorized,4
2025.MMP0831,2025.MMP0831829,Mediterranean,"Sun, 07/06/2025 - 12:00",2025,July,,4,,,,,Unknown,Drowning,Unknown,"Unspcified location off the coasts of Sfax, Tunisia","IOM Tunisia","34.70183249, 10.75918664","Central Mediterranean",,Uncategorized,4
2025.MMP0832,2025.MMP0832,"Eastern Africa","Tue, 07/15/2025 - 12:00",2025,July,2,0,17,,,,"Eastern Africa (P)",Drowning,Unknown,"Unspecified location off the west coast of Mayotte, France","Prefect of Mayotte, Le Parisien, FranceInfo","-12.76022281, 44.58131341","Sea crossings to Mayotte","https://perma.cc/4HZN-QBQE, https://perma.cc/VY4P-72M9","Eastern Africa",5
2025.MMP0833,2025.MMP0833,Europe,"Tue, 07/15/2025 - 12:00",2025,July,1,0,,,1,,"Northern Africa","Vehicle accident / death linked to hazardous transport",Sudan,"Transmarck business park in Marck, France","Le Parisien, Ici, Utopia56","50.94340682, 1.935552515","Mainland Europe to the UK","https://perma.cc/RQ2X-YGL4, https://perma.cc/8XX8-TXHH, https://archive.ph/3fO6b","Western Europe",4
2025.MMP0834,2025.MMP0834,Mediterranean,"Fri, 07/11/2025 - 12:00",2025,July,,4,60,,,,Unknown,Drowning,Unknown,"Unspecified location between Sfax, Tunisia and Italy","SOS Humanity, Maldusa Project","38.02842187, 11.08237194","Central Mediterranean","https://perma.cc/35AQ-UP2Q, https://perma.cc/2XGE-CYPQ, https://perma.cc/H5KB-H4ND",Uncategorized,4
2025.MMP0835,2025.MMP0835,Mediterranean,"Fri, 07/11/2025 - 12:00",2025,July,44,0,,,,,Unknown,Drowning,Unknown,"Remains washed ashore to Mahdia, Chebba, and Sfax, Tunisia between 9-11 June","UNHCR, Forum Tunsien pour les Droits Economiques et Sociaux (FTDES)","35.04116877, 11.012674","Central Mediterranean",https://perma.cc/P84W-DZEF,Uncategorized,4
2025.MMP0836,2025.MMP0836,Mediterranean,"Thu, 07/10/2025 - 12:00",2025,July,,1,37,,,,Unknown,Drowning,Unknown,"In Egyptian SAR zone (see coordinates for exact location). Departure from Tobruk, Libya. Likely Libya-Crete crossing.","Alarm Phone","33.56125568, 24.81161633","Eastern Mediterranean",https://perma.cc/V4WJ-KCEN,Uncategorized,4
2025.MMP0837,2025.MMP0837,"Southern Asia","Mon, 07/14/2025 - 12:00",2025,July,1,0,1,,1,,"Southern Asia",Violence,Afghanistan,"An unknown location around Afghanistan-Iran border near Hirmand County, Sistan and Baluchestan province, Iran",Haalvsh,"30.96555691, 61.81982371","Afghanistan to Iran",https://perma.cc/8WQZ-37WG,"Southern Asia",1
2025.MMP0838,2025.MMP0838836,Caribbean,"Fri, 07/11/2025 - 12:00",2025,July,2,0,17,1,,1,Caribbean,Drowning,"Dominican Republic","Off the Coast of Juanillo Beach, Punta Cana, Dominican Republic","Defensa Civil República Dominicana,Listin Diario, El Nuevo Diario,Diario Libre, Swiss Info","18.47871869, -68.39545296","Dominican Republic to Puerto Rico","https://archive.ph/51hjK, https://perma.cc/5RCQ-HH83, https://perma.cc/33BK-DCYQ, https://perma.cc/G97P-2PYA, https://perma.cc/4UQR-M4H3, https://perma.cc/9EBW-3FFH, https://perma.cc/GNL7-GKBX",Caribbean,5
2025.MMP0838,2025.MMP0838837,Caribbean,"Fri, 07/11/2025 - 12:00",2025,July,3,0,,1,2,,Caribbean,Drowning,Haiti,"Off the Coast of Juanillo Beach, Punta Cana, Dominican Republic","Defensa Civil República Dominicana,Listin Diario, El Nuevo Diario,Diario Libre, Swiss Info","18.47871869, -68.39545296","Dominican Republic to Puerto Rico","https://archive.ph/51hjK, https://perma.cc/5RCQ-HH83, https://perma.cc/33BK-DCYQ, https://perma.cc/G97P-2PYA, https://perma.cc/4UQR-M4H3, https://perma.cc/9EBW-3FFH, https://perma.cc/GNL7-GKBX",Caribbean,5
2025.MMP0838,2025.MMP0838838,Caribbean,"Fri, 07/11/2025 - 12:00",2025,July,3,0,,,,,"Caribbean (P)",Drowning,Unknown,"Off the Coast of Juanillo Beach, Punta Cana, Dominican Republic","Defensa Civil República Dominicana,Listin Diario, El Nuevo Diario,Diario Libre, Swiss Info","18.47871869, -68.39545296","Dominican Republic to Puerto Rico","https://archive.ph/51hjK, https://perma.cc/5RCQ-HH83, https://perma.cc/33BK-DCYQ, https://perma.cc/G97P-2PYA, https://perma.cc/4UQR-M4H3, https://perma.cc/9EBW-3FFH, https://perma.cc/GNL7-GKBX",Caribbean,5
2025.MMP0839,2025.MMP0839,"North America","Wed, 07/09/2025 - 12:00",2025,July,1,0,,,1,,"Central America","Harsh environmental conditions / lack of adequate shelter, food, water",Mexico,"Four miles east of Arizona State Route 286 and mile marker 33, Pima County,  Arizona, United States of America","US Border Patrol,El Imparcial, Milenio","31.79773013, -111.4004963","US-Mexico border crossing","https://perma.cc/HMY9-WHWU, https://archive.ph/ebYAI, https://perma.cc/94A5-QUNP","Northern America",5
2025.MMP0841,2025.MMP0841,"Central America","Fri, 07/04/2025 - 12:00",2025,July,2,0,8,,2,,"Central America","Vehicle accident / death linked to hazardous transport",Mexico,"Tuxpan-Mexico Highway, at the height of Los Gil – Boca del Monte,Tuxpan Municipality, Veracruz, Mexico","El Sol de Veracruz, Diario del Istmo,E Consulta","20.88184851, -97.45092131",,"https://perma.cc/GGD4-ESNL, https://archive.ph/eo21W, https://perma.cc/2W9L-7T2L","Central America",3
2025.MMP0842,2025.MMP0842,Mediterranean,"Thu, 07/17/2025 - 12:00",2025,July,1,0,,,1,,"Northern Africa",Drowning,Morocco,"Remains washed ashore 50 meters off Sarchal, Ceuta, Spain","El Pueblo de Ceuta, El Confidencial, Telquel","35.88905328, -5.293306816","Western Mediterranean","https://perma.cc/K4YJ-59ZS, https://archive.ph/xAEnr, https://perma.cc/W4YX-Z3Y7",Uncategorized,3
2025.MMP0843,2025.MMP0843,Mediterranean,"Sat, 07/19/2025 - 12:00",2025,July,1,0,,,,,Unknown,Drowning,Unknown,"Remains washed ashore off Sabratha, Libya","IOM Libya, Libyan Red Crescent","32.82428335, 12.44749456","Central Mediterranean",,Uncategorized,4
2025.MMP0844,2025.MMP0844,Mediterranean,"Sat, 07/19/2025 - 12:00",2025,July,1,0,37,,1,,Unknown,Drowning,Unknown,"Off the coast of Agathonisi, Samos, Greece","Hellenic Coast Guard","37.45808716, 26.96630249","Eastern Mediterranean",https://archive.ph/WaYef,Uncategorized,5
2025.MMP0845,2025.MMP0845,"Western Asia","Fri, 07/18/2025 - 12:00",2025,July,1,0,,,1,,"Eastern Africa",Violence,Ethiopia,"Ataq, Shabwah Governorate, Yemen","IOM Yemen, Kech24","14.5098588, 46.83118942","Eastern Route to/from EHOA",https://perma.cc/SJ7N-ZMM2,"Western Asia",4
2025.MMP0846,2025.MMP0846,"Western Asia","Thu, 07/10/2025 - 12:00",2025,July,1,0,2,,3,,"Eastern Africa","Accidental death",Ethiopia,"Shabwah Governorate, Yemen, specifically in the Ataq area","DTM Yemen, Press Bee, Al-Yemen Alan","14.54936573, 46.83793505","Eastern Route to/from EHOA","https://perma.cc/KER7-7MNP, https://perma.cc/SKC4-MCQY","Western Asia",5
2025.MMP0847,2025.MMP0847,Mediterranean,"Sun, 07/13/2025 - 12:00",2025,July,3,0,,2,1,,Unknown,Drowning,Unknown,"Bodies washed ashore off the coasts of Buqbuq Village, Sallum, Marsa Matrouh, Egypt. Likely Libya-Crete crossing.","Al-Shorouq News","31.51026523, 25.5451967","Eastern Mediterranean",https://perma.cc/VH6Z-P33T,Uncategorized,1
2025.MMP0848,2025.MMP0848,Mediterranean,"Wed, 07/09/2025 - 12:00",2025,July,1,0,,,,,Unknown,Drowning,Unknown,"Unspecifed location off the coasts of Tajoura, Libya","Akhbar Libya, Al-Wasat, Libyan Red Crescent","32.8335089, 13.56923717","Central Mediterranean","https://perma.cc/NSE5-JD9G, https://perma.cc/LH9T-4DNB, https://perma.cc/7P3C-BC9B",Uncategorized,4
2025.MMP0849,2025.MMP0849,"North America","Thu, 01/16/2025 - 12:00",2025,January,1,0,,,1,,"Central America","Sickness / lack of access to adequate healthcare",Honduras,"Approximately 7.9 miles southeast of the Ysleta-Zaragoza International Bridge in El Paso, Texas, USA","US Customs and Border Patrol","31.5671171, -106.2821039","US-Mexico border crossing",https://perma.cc/W75Y-CDM8,"Northern America",5
2025.MMP0850,2025.MMP0850,"North America","Thu, 06/19/2025 - 12:00",2025,June,1,0,,,1,,"Latin America / Caribbean (P)","Accidental death",Unknown,"Bonita Tank, near Arivaca, Pima County, Arizona, USA","AZ Central","31.57490561, -111.3317108","US-Mexico border crossing",https://perma.cc/JZ8P-VHYJ,"Northern America",1
2025.MMP0851,2025.MMP0851,"South America","Tue, 05/20/2025 - 12:00",2025,May,1,0,,1,,,"South America",Violence,"Venezuela (Bolivarian Republic of)","Barrio Central Sector Acacias,La Hormiga, Valle del Guamuez,Putumayo(Transborder area with Ecuador) Colombia","El Nuevo Día","0.424560757, -76.90094587",,https://perma.cc/NK7U-4BJF,"South America",1
2025.MMP0852,2025.MMP0852,"South America","Sat, 07/19/2025 - 12:00",2025,July,1,0,,,1,,"South America",Violence,"Venezuela (Bolivarian Republic of)","In the Vega Central de Santiago Market, Recoleta, Metropolitan Region, Chile","El Reporte Diario","-33.43001584, -70.64958021",,https://archive.ph/O8E8A,"South America",1
2025.MMP0853,2025.MMP0853,"South America","Sat, 07/19/2025 - 12:00",2025,July,1,0,,,1,,"South America","Accidental death","Venezuela (Bolivarian Republic of)","Darien National Park near Camp No 2 Acandí, Choco, Colombia",Blue,"8.559256925, -77.3689825",Darien,https://archive.ph/DmEWB,"South America",1
2025.MMP0854,2025.MMP0854,"Central America","Sat, 07/19/2025 - 12:00",2025,July,1,0,1,,1,,"South America","Harsh environmental conditions / lack of adequate shelter, food, water","Venezuela (Bolivarian Republic of)","Darien National Park, close to Dos Banderas and Cerro de Haiti, Guna Yala, Panama",Blue,"8.59009342, -77.39305742",Darien,https://archive.ph/DmEWB,"Central America",1
2025.MMP0855,2025.MMP0855,"Central America","Sat, 07/19/2025 - 12:00",2025,July,2,0,,1,,1,Caribbean,"Accidental death",Haiti,"Darien National Park makeshift camp close to Tuquesa River, Comarca Emberá-Cemaco, Darien Province, Panama",Blue,"8.443232146, -77.65998735",Darien,https://archive.ph/DmEWB,"Central America",1
2025.MMP0856,2025.MMP0856,"South-eastern Asia","Wed, 07/23/2025 - 12:00",2025,July,3,0,10,,1,,"South-eastern Asia","Vehicle accident / death linked to hazardous transport",Myanmar,"A hilly road area on Route 323, Nong Lu, Sangkhla Buri district, Kanchanaburi province, Thailand","MCOT Thai News, Siam News, MGR Online","15.16920084, 98.482813",,"https://perma.cc/Z9FY-NMV7, https://perma.cc/T94Z-LD8Y, https://perma.cc/WA8C-J9UX","South-eastern Asia",3
2025.MMP0857,2025.MMP0857,Europe,"Sat, 07/26/2025 - 12:00",2025,July,1,0,,,1,,Unknown,"Sickness / lack of access to adequate healthcare",Unknown,"Off the coast of Equihen beach, Pas-de-Calais, France - English Channel crossing","Associated Press, Le Parisien","50.68013353, 1.560786247","Mainland Europe to the UK","https://archive.ph/jXNWh, https://perma.cc/T6DV-EB3G",Uncategorized,3
2025.MMP0858,2025.MMP0858,"Western Asia","Thu, 07/24/2025 - 12:00",2025,July,1,0,,,1,,"Northern Africa","Harsh environmental conditions / lack of adequate shelter, food, water",Yemen,"Unspecified location on in Al-Jabanh, Sa'dah at the border between Yemen and KSA","Al-Montasaf, Humanitarian Partners","16.95557763, 43.74653254","Eastern Route to/from EHOA",https://perma.cc/WZT3-WTF5,"Western Asia",4
2025.MMP0859,2025.MMP0859,Mediterranean,"Thu, 07/24/2025 - 12:00",2025,July,18,53,10,,7,,"Northern Africa",Drowning,Egypt,"Unspecified location off the coasts of Tobruk, Libya","IOM Libya, Al-Abreen, GACS Tobruk","32.11494626, 23.95072229","Eastern Mediterranean","https://perma.cc/9BZN-UPRC, https://perma.cc/Y9PH-NENR, https://perma.cc/ASG4-GYMS",Uncategorized,5
2025.MMP0861,2025.MMP0861,Mediterranean,"Tue, 07/29/2025 - 12:00",2025,July,1,0,,,,,"Northern Africa (P)",Drowning,Unknown,"Remains washed ashore at Barriada Juan XXIII, Ceuta, Spain","La Vanguardia, El Pueblo de Ceuta","35.87930923, -5.327348187","Western Mediterranean","https://perma.cc/E7EL-GUT7, https://perma.cc/QLN2-FYBA",Uncategorized,3
2025.MMP0862,2025.MMP0862,Mediterranean,"Tue, 07/29/2025 - 12:00",2025,July,2,1,90,,,2,Unknown,Drowning,Unknown,"Rescued at 34.266700, 11.616700, departure from Tunisia 4 days before - disembarkation in Italy","Sea Watch, La Repubblica","34.2667, 11.6167","Central Mediterranean","https://perma.cc/BV8J-8Z83, https://perma.cc/24E5-E5N4",Uncategorized,4
2025.MMP0863,2025.MMP0863,"Western Asia","Sun, 08/03/2025 - 12:00",2025,August,86,102,12,17,69,,"Eastern Africa",Drowning,Ethiopia,"Unspecified location off the coasts of Zinjibar District, Abyan Governorate, Yemen - EHOA-Yemen Crossing","Yemeni authorities, IOM Yemen, Aden El-Ghad","13.09120315, 45.42118977","Eastern Route to/from EHOA","https://archive.ph/IV162, https://perma.cc/ZF9Y-AEJA",Uncategorized,5
2025.MMP0864,2025.MMP0864,Mediterranean,"Wed, 07/30/2025 - 12:00",2025,July,1,0,,,1,,"Northern Africa",Violence,Morocco,"Unspecified location in Algerian waters after departing from Saidia, Morocco","Hespress, Zouhir X, H24, le360, Francisco Jose Clemente Martin","35.178877, -2.18801","Western Mediterranean","https://perma.cc/J8SE-7FV9, https://perma.cc/4MFY-XWT4, https://perma.cc/7C3V-E8M7, https://perma.cc/4C6W-9ZKS, https://perma.cc/CK38-HBFW?type=standard",Uncategorized,4
2025.MMP0865,2025.MMP0865,Mediterranean,"Fri, 08/01/2025 - 12:00",2025,August,,4,85,,,,Unknown,"Mixed or unknown",Unknown,"Unspecified location off the coasts of Mara Della, Al-Zawiyah, Libya","IOM Libya","32.87358892, 12.54033597","Central Mediterranean",,Uncategorized,4
2025.MMP0866,2025.MMP0866,"Southern Asia","Tue, 07/01/2025 - 12:00",2025,July,8,0,,,1,,"Southern Asia","Mixed or unknown",Afghanistan,"One of the detention camps near Zabol, Sistan and Baluchestan province, Iran","Khaama Press, BBC, Afghanistan International","31.03025424, 61.490003",,"https://perma.cc/S4EE-CP6S, https://perma.cc/C74M-R54H, https://perma.cc/9VVT-Z7QZ","Southern Asia",3
2025.MMP0867,2025.MMP0867,"Southern Asia","Sat, 06/28/2025 - 12:00",2025,June,2,0,,,,2,"Southern Asia","Harsh environmental conditions / lack of adequate shelter, food, water",Pakistan,"10-20 km inside India, nearby Sadhawala and Tanot, Rajasthan, India","The New Indian Express, BBC Urdu, Jansatta, Deccan Herald","27.70563421, 70.210824",,"https://perma.cc/66K5-84AL, https://perma.cc/2VZT-58GA, https://perma.cc/F6QZ-74H2, https://perma.cc/9QXC-SBX8","Southern Asia",3
2025.MMP0868,2025.MMP0868,"North America","Thu, 06/19/2025 - 12:00",2025,June,1,0,,,1,,"Central America","Mixed or unknown",Mexico,"Near Bonita Tank, close to Arivaca, Pima County, Arizona, United States of America","AZ Central","31.4379783, -111.3051933","US-Mexico border crossing",https://perma.cc/NQU7-HN3W,"Northern America",1
2025.MMP0869,2025.MMP0869,"Central America","Mon, 06/16/2025 - 12:00",2025,June,2,0,,1,1,,"South America","Mixed or unknown","Venezuela (Bolivarian Republic of)","Improvised grave near Talisman Avenue and Ferrocarril Hidalgo, Estrella Neighborhood, Ciudad de Mexico CDMX, Mexico","El Gráfico","19.47368733, -99.1079028",,https://perma.cc/G2D5-NSL4,"Central America",1
2025.MMP0870,2025.MMP0870,"Central America","Wed, 03/05/2025 - 12:00",2025,March,1,0,,,1,,"South America",Violence,"Venezuela (Bolivarian Republic of)","Outside of Metro de Hidalgo, Tabacalera Neighborhood, Ciudad de Mexico (CDMX), Mexico","El Gráfico","19.43745634, -99.14716042",,https://perma.cc/G2D5-NSL4,"Central America",1
2025.MMP0871,2025.MMP0871,"Central America","Sun, 02/23/2025 - 12:00",2025,February,1,0,,,1,,"South America",Violence,"Venezuela (Bolivarian Republic of)","Near La Merced, Venustiano Carranza, Ciudad de Mexico (CDMX), Mexico","El Gráfico","19.42557265, -99.12569098",,https://perma.cc/G2D5-NSL4,"Central America",1
2025.MMP0700,2025.MMP0700877,"Northern Africa","Wed, 06/04/2025 - 12:00",2025,June,1,0,20,1,,,"Northern Africa",Drowning,Morocco,"22.4 miles off Tarfaya, Morocco - departure from Western Morocco on 31 May","Le Site Info, The Press, Hespress English, Alarm Phone, Nuovi Desaparecidos","28.16194849, -13.20616034","Western Africa / Atlantic route to the Canary Islands","https://perma.cc/GED9-K5ZY, https://perma.cc/S8LM-U7G2, https://perma.cc/8GR9-GT7S, https://perma.cc/L5Z7-ZSYP, https://perma.cc/DNV5-B25Q, https://perma.cc/2D5W-Y748",Uncategorized,4
2025.MMP0873,2025.MMP0873,Europe,"Wed, 07/30/2025 - 12:00",2025,July,2,0,,,2,,Unknown,"Mixed or unknown",Unknown,"Remains found in the Bug River in an unspecified location near the village of Kuzawka, Lublin region close to the Belarus border, Poland","TVP World, RMF 24, media monitoring by IOM Poland","51.73366516, 23.53061036","Belarus-EU border","https://perma.cc/G87C-7RCF, https://perma.cc/N4VW-C3DU","Eastern Europe",3
2025.MMP0874,2025.MMP0874,Mediterranean,"Thu, 07/31/2025 - 12:00",2025,July,,4,36,,,,Unknown,Drowning,Unknown,"Unspecified location in the Libyan SAR zone north of Sabratha, disembakation in Lampedusa, Italy","RESQSHIP, Ala News","33.988292, 13.331305","Central Mediterranean","https://perma.cc/XH2D-88JU, https://perma.cc/G9TY-H95B",Uncategorized,4
2025.MMP0875,2025.MMP0875,"Western Asia","Tue, 08/05/2025 - 12:00",2025,August,7,0,243,3,4,,"Eastern Africa","Harsh environmental conditions / lack of adequate shelter, food, water",Ethiopia,"Unspecified location between Bosaso, Somalia and Al Irqah,Shabwa governorate, Yemen - EHOA-Yemen Crossing","IOM Yemen","13.54215687, 47.4063763","Eastern Route to/from EHOA",https://archive.ph/y4OZm,Uncategorized,4
2025.MMP0876,2025.MMP0876,"Eastern Africa","Wed, 07/02/2025 - 12:00",2025,July,1,0,6,0,1,0,"Eastern Africa","Sickness / lack of access to adequate healthcare",Ethiopia,"Obock, Djibouti","IOM Djibouti","11.972078, 43.259432","Eastern Route to/from EHOA",,"Eastern Africa",4
2025.MMP0877,2025.MMP0877,"Eastern Africa","Wed, 07/02/2025 - 12:00",2025,July,1,0,0,0,1,0,"Eastern Africa","Harsh environmental conditions / lack of adequate shelter, food, water",Ethiopia,"Dalayaff, Obock, Djibouti","IOM Djibouti","11.932616, 43.161909","Eastern Route to/from EHOA",,"Eastern Africa",4
2025.MMP0878,2025.MMP0878,"Eastern Africa","Fri, 07/04/2025 - 12:00",2025,July,2,0,0,0,2,0,"Eastern Africa","Sickness / lack of access to adequate healthcare",Ethiopia,"Diarrheic Treatment Centre Fantaherou, Obock, Djibouti","Obock Hospital team via IOM Djibouti","11.980326, 43.290107","Eastern Route to/from EHOA",,"Eastern Africa",5
2025.MMP0879,2025.MMP0879,"Eastern Africa","Fri, 07/04/2025 - 12:00",2025,July,1,0,0,0,1,0,"Eastern Africa","Mixed or unknown",Ethiopia,"Obock, Djibouti","Host community via IOM Djibouti","11.982684, 43.278067","Eastern Route to/from EHOA",,"Eastern Africa",4
2025.MMP0880,2025.MMP0880,"Eastern Africa","Fri, 07/04/2025 - 12:00",2025,July,1,0,0,0,1,0,"Eastern Africa","Harsh environmental conditions / lack of adequate shelter, food, water",Ethiopia,"Ali Sabieh, Djibouti","IOM Djibouti","11.152655, 42.690252","Eastern Route to/from EHOA",,"Eastern Africa",4
2025.MMP0881,2025.MMP0881,"Eastern Africa","Sat, 07/05/2025 - 12:00",2025,July,1,0,0,0,1,0,"Eastern Africa","Sickness / lack of access to adequate healthcare",Ethiopia,"CMH Obock, Obock, Djibouti","Obock Hospital team via IOM Djibouti","11.962141, 43.289529","Eastern Route to/from EHOA",,"Eastern Africa",5
2025.MMP0882,2025.MMP0882,"Eastern Africa","Sun, 07/06/2025 - 12:00",2025,July,1,0,0,0,1,0,"Eastern Africa","Harsh environmental conditions / lack of adequate shelter, food, water",Ethiopia,"Ali Sabieh, Djibouti","IOM Djibouti","11.172716, 42.583653","Eastern Route to/from EHOA",,"Eastern Africa",4
2025.MMP0883,2025.MMP0883,"Eastern Africa","Sun, 07/06/2025 - 12:00",2025,July,1,0,0,0,1,0,"Eastern Africa","Mixed or unknown",Unknown,"Tadjourah, Djibouti","Tadjourah Prefecture via IOM Djibouti","11.783147, 42.828115","Eastern Route to/from EHOA",,"Eastern Africa",5
2025.MMP0884,2025.MMP0884,"Eastern Africa","Tue, 07/08/2025 - 12:00",2025,July,1,0,0,0,1,0,"Eastern Africa","Sickness / lack of access to adequate healthcare",Ethiopia,"Diarrheic Treatment Centre Fantaherou, Obock, Djibouti","Obock Hospital team via IOM Djibouti","11.980326, 43.290107","Eastern Route to/from EHOA",,"Eastern Africa",5
2025.MMP0885,2025.MMP0885,"Eastern Africa","Thu, 07/10/2025 - 12:00",2025,July,1,0,0,0,1,0,"Eastern Africa","Sickness / lack of access to adequate healthcare",Ethiopia,"Diarrheic Treatment Centre Fantaherou, Obock, Djibouti","Obock Hospital team via IOM Djibouti","11.980326, 43.290107","Eastern Route to/from EHOA",,"Eastern Africa",5
2025.MMP0886,2025.MMP0886,"Eastern Africa","Fri, 07/11/2025 - 12:00",2025,July,1,0,0,1,0,0,"Eastern Africa","Sickness / lack of access to adequate healthcare",Ethiopia,"Diarrheic Treatment Centre Fantaherou, Obock, Djibouti","Obock Hospital team via IOM Djibouti","11.980326, 43.290107","Eastern Route to/from EHOA",,"Eastern Africa",5
2025.MMP0887,2025.MMP0887,"Eastern Africa","Fri, 07/11/2025 - 12:00",2025,July,1,0,0,0,1,0,"Eastern Africa","Harsh environmental conditions / lack of adequate shelter, food, water",Ethiopia,"Ali Sabieh, Djibouti","IOM Djibouti","11.19652, 42.618183","Eastern Route to/from EHOA",,"Eastern Africa",4
2025.MMP0888,2025.MMP0888,"Eastern Africa","Sat, 07/12/2025 - 12:00",2025,July,1,0,0,1,0,0,"Eastern Africa","Mixed or unknown",Ethiopia,"Fantaherou, Obock, Djibouti","Migrant and Host community via IOM Djibouti","11.980487, 43.282049","Eastern Route to/from EHOA",,"Eastern Africa",4
2025.MMP0889,2025.MMP0889,"Eastern Africa","Sat, 07/12/2025 - 12:00",2025,July,1,0,0,0,1,0,"Eastern Africa","Mixed or unknown",Ethiopia,Galafi/Dikhil,"IOM Djibouti Displacement Tracking Matrix","11.585095, 41.97951","Eastern Route to/from EHOA",,"Eastern Africa",4
2025.MMP0890,2025.MMP0890,"Eastern Africa","Sat, 07/12/2025 - 12:00",2025,July,1,0,,0,1,0,"Eastern Africa","Vehicle accident / death linked to hazardous transport",Ethiopia,"Djibouti City General Hospital, Djibouti City, Djibouti","Djibouti City Hospital team via IOM Djibouti","11.608194, 43.153056","Eastern Route to/from EHOA",,"Eastern Africa",4
2025.MMP0891,2025.MMP0891,"Eastern Africa","Sun, 07/13/2025 - 12:00",2025,July,1,0,0,0,1,0,"Eastern Africa","Sickness / lack of access to adequate healthcare",Ethiopia,"Balbala Hospital, Djibouti City, Djibouti","Djibouti City Hospital team via IOM Djibouti","11.549327, 43.112225","Eastern Route to/from EHOA",,"Eastern Africa",4
2025.MMP0892,2025.MMP0892,"Eastern Africa","Mon, 07/14/2025 - 12:00",2025,July,1,0,0,0,1,0,"Eastern Africa","Harsh environmental conditions / lack of adequate shelter, food, water",Ethiopia,"Obock, Obock, Djibouti","IOM Djibouti","11.979228, 43.271861","Eastern Route to/from EHOA",,"Eastern Africa",4
2025.MMP0893,2025.MMP0893,"Eastern Africa","Mon, 07/14/2025 - 12:00",2025,July,1,0,0,0,0,1,"Eastern Africa","Harsh environmental conditions / lack of adequate shelter, food, water",Ethiopia,"Hamar, Moulhoulé, Obock, Djibouti","Djibouti Military via IOM Djibouti","12.493765, 43.204101","Eastern Route to/from EHOA",,"Eastern Africa",5
2025.MMP0894,2025.MMP0894,"Eastern Africa","Wed, 07/16/2025 - 12:00",2025,July,2,0,0,0,2,0,"Eastern Africa","Harsh environmental conditions / lack of adequate shelter, food, water",Ethiopia,"Doubia, Obock, Djibouti","IOM Djibouti","12.101652, 43.3752968","Eastern Route to/from EHOA",,"Eastern Africa",4
2025.MMP0895,2025.MMP0895,"Eastern Africa","Thu, 07/17/2025 - 12:00",2025,July,1,0,1,1,0,0,"Eastern Africa","Harsh environmental conditions / lack of adequate shelter, food, water",Ethiopia,"Diarrheic Treatment Centre Fantaherou, Obock, Djibouti","Obock Hospital team via IOM Djibouti","11.980326, 43.290107","Eastern Route to/from EHOA",,"Eastern Africa",5
2025.MMP0896,2025.MMP0896,"Eastern Africa","Fri, 07/18/2025 - 12:00",2025,July,1,0,0,0,1,0,"Eastern Africa","Sickness / lack of access to adequate healthcare",Ethiopia,"Diarrheic Treatment Centre Fantaherou, Obock, Djibouti","Obock Hospital team via IOM Djibouti","11.980326, 43.290107","Eastern Route to/from EHOA",,"Eastern Africa",5
2025.MMP0897,2025.MMP0897,"Eastern Africa","Sat, 07/19/2025 - 12:00",2025,July,2,0,0,0,2,0,"Eastern Africa","Harsh environmental conditions / lack of adequate shelter, food, water",Ethiopia,"Doubia, Obock, Djibouti","IOM Djibouti","12.131525, 43.381058","Eastern Route to/from EHOA",,"Eastern Africa",4
2025.MMP0898,2025.MMP0898,"Eastern Africa","Sun, 07/20/2025 - 12:00",2025,July,1,0,0,0,1,0,"Eastern Africa","Mixed or unknown",Ethiopia,"Koussour Koussour, Arta, Djibouti","IOM Djibouti Displacement Tracking Matrix","11.52287, 42.40627","Eastern Route to/from EHOA",,"Eastern Africa",4
2025.MMP0899,2025.MMP0899,"Eastern Africa","Mon, 07/21/2025 - 12:00",2025,July,1,0,0,0,1,0,"Eastern Africa","Harsh environmental conditions / lack of adequate shelter, food, water",Ethiopia,"Ali Sabieh, Djibouti","IOM Djibouti Displacement Tracking Matrix","11.116915, 42.666581","Eastern Route to/from EHOA",,"Eastern Africa",4
2025.MMP0900,2025.MMP0900,"Eastern Africa","Tue, 07/22/2025 - 12:00",2025,July,1,0,0,0,1,0,"Eastern Africa","Mixed or unknown",Ethiopia,"Darii, Obock, Djibouti","IOM Djibouti Displacement Tracking Matrix","11.971321, 43.290973","Eastern Route to/from EHOA",,"Eastern Africa",4
2025.MMP0901,2025.MMP0901,"Eastern Africa","Wed, 07/23/2025 - 12:00",2025,July,1,0,0,0,1,0,"Eastern Africa","Sickness / lack of access to adequate healthcare",Ethiopia,"Diarrheic Treatment Centre Fantaherou, Obock, Djibouti","Obock Hospital team via IOM Djibouti","11.980326, 43.290107","Eastern Route to/from EHOA",,"Eastern Africa",5
2025.MMP0902,2025.MMP0902,"Eastern Africa","Wed, 07/23/2025 - 12:00",2025,July,1,0,0,0,1,0,"Eastern Africa","Harsh environmental conditions / lack of adequate shelter, food, water",Ethiopia,"Ali Sabieh, Djibouti","ALI SABIEH REGIONAL HOSPITAL via IOM Djibouti","11.150387, 42.696082","Eastern Route to/from EHOA",,"Eastern Africa",5
2025.MMP0903,2025.MMP0903,"Eastern Africa","Fri, 07/25/2025 - 12:00",2025,July,1,0,0,1,0,0,"Eastern Africa","Mixed or unknown",Ethiopia,"Diarrheic Treatment Centre Fantaherou, Obock, Djibouti","Obock Hospital team via IOM Djibouti","11.980326, 43.290107","Eastern Route to/from EHOA",,"Eastern Africa",5
2025.MMP0904,2025.MMP0904,"Eastern Africa","Sun, 07/27/2025 - 12:00",2025,July,1,0,0,0,1,0,"Eastern Africa","Sickness / lack of access to adequate healthcare",Ethiopia,"Diarrheic Treatment Centre Fantaherou, Obock, Djibouti","Obock Hospital team via IOM Djibouti","11.980326, 43.290107","Eastern Route to/from EHOA",,"Eastern Africa",5
2025.MMP0905,2025.MMP0905,"Eastern Africa","Mon, 07/28/2025 - 12:00",2025,July,3,0,0,1,2,0,"Eastern Africa","Harsh environmental conditions / lack of adequate shelter, food, water",Ethiopia,"Galafi, Dikhil, Djibouti","IOM Djibouti Displacement Tracking Matrix","11.710921, 41.850766","Eastern Route to/from EHOA",,"Eastern Africa",4
2025.MMP0906,2025.MMP0906,"Eastern Africa","Mon, 07/28/2025 - 12:00",2025,July,2,0,0,0,2,0,"Eastern Africa","Mixed or unknown",Ethiopia,"Holl-Hol, Ali Sabieh, Djibouti","IOM Djibouti Displacement Tracking Matrix","11.304599, 42.942548","Eastern Route to/from EHOA",,"Eastern Africa",4
2025.MMP0907,2025.MMP0907,"Eastern Africa","Tue, 07/29/2025 - 12:00",2025,July,1,0,0,0,1,0,"Eastern Africa","Harsh environmental conditions / lack of adequate shelter, food, water",Ethiopia,"Ali Sabieh, Djibouti","IOM Djibouti Displacement Tracking Matrix","11.165352, 42.755924","Eastern Route to/from EHOA",,"Eastern Africa",4
2025.MMP0908,2025.MMP0908,"Eastern Africa","Tue, 07/29/2025 - 12:00",2025,July,1,0,0,0,1,0,"Eastern Africa","Harsh environmental conditions / lack of adequate shelter, food, water",Ethiopia,"Holl-Hol, Ali Sabieh, Djibouti","IOM Djibouti Displacement Tracking Matrix","11.307608, 42.929719","Eastern Route to/from EHOA",,"Eastern Africa",4
2025.MMP0909,2025.MMP0909,"Eastern Africa","Wed, 07/30/2025 - 12:00",2025,July,1,0,0,0,1,0,"Eastern Africa",Drowning,Ethiopia,"Obock, Djibouti - EHOA-Yemen Crossing","Obock Hospital team via IOM Djibouti","11.962141, 43.289529","Eastern Route to/from EHOA",,"Eastern Africa",5
2025.MMP0910,2025.MMP0910,"Eastern Africa","Thu, 07/31/2025 - 12:00",2025,July,1,0,0,0,1,0,"Eastern Africa","Mixed or unknown",Ethiopia,"Orobor, Obock, Djibouti","Obock Hospital team via IOM Djibouti","11.919375, 43.150348","Eastern Route to/from EHOA",,"Eastern Africa",5
2025.MMP0911,2025.MMP0911,"Central America","Tue, 07/29/2025 - 12:00",2025,July,1,0,,,1,,"Latin America / Caribbean (P)","Mixed or unknown",Unknown,"Behind Ciudad Juarez Migrant Shelter,José Fernadez Mejia Street and Old Road to San José, Ciudad Juarez, Chihuahua, Mexico","El Diario de Chihuahua","31.68297833, -106.3814281","US-Mexico border crossing",https://perma.cc/T9QM-GZEV,"Central America",1
2025.MMP0912,2025.MMP0912,"Central America","Fri, 08/01/2025 - 12:00",2025,August,1,0,,,1,,"Latin America / Caribbean (P)","Mixed or unknown",Unknown,"Ranch in Ejido El Saucito,Guererro, Coahuila, Mexico",Vanguardia,"28.51348972, -100.4551375","US-Mexico border crossing",https://perma.cc/ZGA6-54NK,"Central America",1
2025.MMP0913,2025.MMP0913,"Central America","Fri, 08/01/2025 - 12:00",2025,August,1,0,,,1,,"Latin America / Caribbean (P)",Drowning,Unknown,"Rio Bravo close to Rancho Las Adjuntas,Piedras Negras, Coahuila, Mexico",Zócalo,"28.66312339, -100.5013294","US-Mexico border crossing",https://perma.cc/7GZB-8Z5W,"Central America",1
2025.MMP0914,2025.MMP0914919,Mediterranean,"Thu, 08/07/2025 - 12:00",2025,August,,2,50,,2,,"Western Africa",Drowning,Guinea,"Unspecified location in the Strait of Sicily, near Lampedusa, Italy - embarkation from El Amra, Tunisia","IOM Italy, ANSA via Infomigrants, Live Sicilia","35.43839435, 12.25107194","Central Mediterranean","https://archive.ph/1WeYO, https://archive.ph/h6jSD",Uncategorized,4
2025.MMP0914,2025.MMP0914920,Mediterranean,"Fri, 08/08/2025 - 12:00",2025,August,,1,,,,1,"Western Africa",Drowning,Cameroon,"Unspecified location in the Strait of Sicily, near Lampedusa, Italy - embarkation from El Amra, Tunisia","IOM Italy, ANSA via Infomigrants, Live Sicilia","35.43839435, 12.25107194","Central Mediterranean","https://archive.ph/1WeYO, https://archive.ph/h6jSD",Uncategorized,4
2025.MMP0915,2025.MMP0915,Mediterranean,"Sat, 08/09/2025 - 12:00",2025,August,1,0,,,1,,Unknown,"Mixed or unknown",Unknown,"Remains retreived at Marami Al-Kharouba beach, Al Qa'arah area, 25 KM east of Tobruk, Libya. Likely Libya-Crete crossing.","IOM Libya, Al-Abreen FB Page","31.9937106, 24.24796977","Eastern Mediterranean",https://perma.cc/KT66-SXPX,Uncategorized,4
2025.MMP0916,2025.MMP0916,Mediterranean,"Mon, 08/11/2025 - 12:00",2025,August,1,0,,,,,Unknown,"Mixed or unknown",Unknown,"Remains washed ashore the beach of Al Qardabah area, 45 KM west of Tobruk, Libya. Likely Libya-Crete crossing.","IOM Libya, Al-Abreen FB Page","32.17651492, 23.48237274","Eastern Mediterranean",https://perma.cc/4PFF-YYKC,Uncategorized,4
2025.MMP0917,2025.MMP0917,Europe,"Mon, 04/28/2025 - 12:00",2025,April,1,0,,,1,,"Northern Africa",Drowning,Egypt,"In the waters of Empress Dock, Queen Elizabeth 2 Terminal, Southampton, U.K - tried to board a vehicle transporter vessel routed for Canada","BBC, National Post","50.8851279, -1.396934299",,"https://perma.cc/9FER-U59E, https://perma.cc/V4HT-CSVX","Northern Europe",3
2025.MMP0918,2025.MMP0918,Mediterranean,"Fri, 08/08/2025 - 12:00",2025,August,1,7,1,,,,"Northern Africa",Drowning,Algeria,"Around 10 miles off Capo Sperone,Sant'Antioco, Sardinia, Italy - departure from Algeria","L'Unione Sarda, ANSA via InfoMigrants","38.81468744, 8.391296217","Central Mediterranean","https://perma.cc/3P9L-JX2Z, https://perma.cc/5TS5-J3HK, https://archive.ph/i0IH9",Uncategorized,3
2025.MMP0919,2025.MMP0919,Europe,"Tue, 08/12/2025 - 12:00",2025,August,1,0,,1,,,"Eastern Africa",Drowning,Somalia,"Remains recovered near the City beach of Dunkirk, Nord, France - English Channel crossing","Delta FM via France 3 Régions - Franceinfo, La Voix du Nord via Calais Border Monitoring, The Mirror","51.05018281, 2.386484624","Mainland Europe to the UK","https://perma.cc/6FRR-MP68, https://perma.cc/E9BU-T4PD, https://perma.cc/3EYW-63WH",Uncategorized,3
2025.MMP0920,2025.MMP0920927,Mediterranean,"Wed, 08/13/2025 - 12:00",2025,August,27,8,60,7,13,2,Unknown,Drowning,Unknown,"About 14 nautical miles Southwest Lampedusa, Italy - departure from Zawiya, Libya","IOM Italy and UNHCR via UN News, UNICEF, ANSA, BBC, AFP via France24, TG La7, InfoMigrants","35.31382774, 12.43569439","Central Mediterranean","https://perma.cc/KC4J-SMA8, https://perma.cc/KZK8-U3RJ, https://perma.cc/DK55-LSV9, https://archive.ph/7T6Cz, https://perma.cc/Y3ZH-SE8Q, https://perma.cc/4T8P-K5DG, https://archive.ph/Uvpcq, https://perma.cc/V58E-38AB, https://archive.ph/wlWFK",Uncategorized,4
2025.MMP0920,2025.MMP0920928,Mediterranean,"Wed, 08/13/2025 - 12:00",2025,August,23,0,,,1,1,"Eastern Africa",Drowning,Somalia,"About 14 nautical miles Southwest Lampedusa, Italy - departure from Zawiya, Libya","Hiiraan Online, Somalia Today","35.31382774, 12.43569439","Central Mediterranean","https://perma.cc/HM79-9Y2T, https://perma.cc/BRY6-RST5",Uncategorized,3
2025.MMP0921,2025.MMP0921,"South America","Mon, 08/04/2025 - 12:00",2025,August,2,0,,,,2,"South America",Drowning,"Venezuela (Bolivarian Republic of)","In a river in Caracolí Neighborhood, Antioquia, Colombia","Alcaldía Municipal de Caracolí, Infobae","6.385129849, -74.76653124",,"https://perma.cc/7Y3K-3JZ4, https://archive.ph/Qgoqw, https://perma.cc/KM69-EP99","South America",5
2025.MMP0922,2025.MMP0922,Caribbean,"Wed, 08/06/2025 - 12:00",2025,August,1,0,,,1,,Caribbean,Violence,Haiti,"In Jimaní, close to the border wall with Haiti, Dominican Republic","Policia Nacional Republica Dominicana, Listin Diario","18.49727673, -71.86653176",,"https://perma.cc/LNW5-6AZW?type=image, https://perma.cc/6DSG-D5GA",Caribbean,5
2025.MMP0923,2025.MMP0923,"Central America","Thu, 08/07/2025 - 12:00",2025,August,1,0,,,1,,"Central America","Mixed or unknown",Nicaragua,"Found in a house in Iturbide Street, Las Malvinas Neighborhood,Piedras Negras, Coahuila, Mexico","Artiiculo 66","28.71939673, -100.5286512","US-Mexico border crossing",https://archive.ph/cVRlD,"Central America",1
2025.MMP0924,2025.MMP0924,"Southern Asia","Sat, 08/09/2025 - 12:00",2025,August,1,0,,,,1,"Southern Asia","Accidental death",Afghanistan,"Unspecific location in Bhara Kahu area, Islamabad, Pakistan","Zawia News","33.73906082, 73.183388",,"https://perma.cc/REK8-RKGF, https://perma.cc/NR9Y-TEZN","Southern Asia",1
2025.MMP0925,2025.MMP0925,"Eastern Africa","Tue, 07/08/2025 - 12:00",2025,July,1,0,,,1,,"Eastern Africa","Vehicle accident / death linked to hazardous transport",Ethiopia,"Burao Hospital, Burao, Somaliland","Burao Ethiopian Community Center via IOM Hargeisa","9.5236087, 45.5432461","Eastern Route to/from EHOA",,"Eastern Africa",2
2025.MMP0926,2025.MMP0926,"Eastern Africa","Sun, 07/13/2025 - 12:00",2025,July,1,0,,,1,,"Eastern Africa","Harsh environmental conditions / lack of adequate shelter, food, water",Ethiopia,"Near Lowyado, on the border between Djibouti and Somaliland","Immigration authorities via IOM Hargeisa","11.45552624, 43.25885561","Eastern Route to/from EHOA",,"Eastern Africa",5
2025.MMP0927,2025.MMP0927,"Eastern Africa","Fri, 07/11/2025 - 12:00",2025,July,1,0,0,0,1,0,"Eastern Africa","Harsh environmental conditions / lack of adequate shelter, food, water",Ethiopia,"Unspecified location in the Tadjourah Desert, Tadjourah, Djibouti","MRC Dewele via IOM Ethiopia","11.798024, 42.880064","Eastern Route to/from EHOA",,"Eastern Africa",4
2025.MMP0928,2025.MMP0928,"Eastern Africa","Fri, 07/11/2025 - 12:00",2025,July,1,0,0,0,1,0,"Eastern Africa","Harsh environmental conditions / lack of adequate shelter, food, water",Ethiopia,"Unspecified location in the Tadjourah Desert, Tadjourah, Djibouti","MRC Dewele via IOM Ethiopia","11.798024, 42.880064","Eastern Route to/from EHOA",,"Eastern Africa",4
2025.MMP0929,2025.MMP0929,"Eastern Africa","Sun, 07/20/2025 - 12:00",2025,July,1,0,3,0,1,0,"Eastern Africa","Harsh environmental conditions / lack of adequate shelter, food, water",Ethiopia,"Unspecified location in the Tadjourah Desert, Tadjourah, Djibouti","MRC Dewele via IOM Ethiopia","11.798024, 42.880064","Eastern Route to/from EHOA",,"Eastern Africa",4
2025.MMP0930,2025.MMP0930,"Eastern Africa","Sun, 07/20/2025 - 12:00",2025,July,1,0,4,0,1,0,"Eastern Africa","Harsh environmental conditions / lack of adequate shelter, food, water",Ethiopia,"Unspecified location in the Tadjourah Desert, Tadjourah, Djibouti","MRC Dewele via IOM Ethiopia","11.798024, 42.880064","Eastern Route to/from EHOA",,"Eastern Africa",4
2025.MMP0931,2025.MMP0931,"Eastern Africa","Sat, 07/26/2025 - 12:00",2025,July,1,0,1,0,1,0,"Eastern Africa","Harsh environmental conditions / lack of adequate shelter, food, water",Ethiopia,"Dewele Health Center, Dewele, Ethiopia","MRC Dewele via IOM Ethiopia","11.03333195, 42.63042259","Eastern Route to/from EHOA",,"Eastern Africa",4
2025.MMP0932,2025.MMP0932,Mediterranean,"Sun, 08/10/2025 - 12:00",2025,August,1,0,,,,,"Northern Africa (P)",Drowning,Unknown,"Remains found in a fishing net off the coast of Mdiq, Morocco - Ceuta crossing","Tanjaoua, Akhbarona","35.71847613, -5.280742161","Western Mediterranean","https://perma.cc/3FGL-XJPG, https://perma.cc/656R-97HR",Uncategorized,3
2025.MMP0933,2025.MMP0933,Mediterranean,"Thu, 08/14/2025 - 12:00",2025,August,1,0,,,,1,"Northern Africa (P)",Drowning,Unknown,"Remains recovered in the coasts of Fuente Caballo, Ceuta, Spain","El Faro de Ceuta, El Confidencial, Hespress","35.88309233, -5.312298303","Western Mediterranean","https://perma.cc/52FN-CJVX, https://perma.cc/J2F3-BFAC, https://perma.cc/6TLM-Y885, https://perma.cc/2MX6-LTYT",Uncategorized,3
2025.MMP0934,2025.MMP0934,Mediterranean,"Mon, 08/18/2025 - 12:00",2025,August,4,0,2,,,,Unknown,Drowning,Unknown,"Off Karaburun, İzmir, Türkiye","Turkish Coast Guard, Aegean Boat Report","38.85203308, 26.52422251","Eastern Mediterranean","https://perma.cc/5AXY-EKHS, https://perma.cc/7K7D-PW5J",Uncategorized,5
2025.MMP0935,2025.MMP0935,Europe,"Mon, 08/18/2025 - 12:00",2025,August,1,0,5,,,,"Northern Africa","Vehicle accident / death linked to hazardous transport",Egypt,"Near the village of Bozhanovo (presumably on road 2961), Shabla, Bulgaria","Head of Border Police in Kavarna via Darik News, Novinite","43.62064735, 28.47233076","Western Balkans","https://perma.cc/QGV5-YPGN, https://perma.cc/5ZR9-G35N","Eastern Europe",3
2025.MMP0936,2025.MMP0936,Mediterranean,"Wed, 08/20/2025 - 12:00",2025,August,1,3,19,1,3,,"Eastern Africa",Drowning,Somalia,"3 miles south of Mallorca, Spain - 6 days after departure","Salvamento Maritimo, IOM Spain, Europa Press, Cadena SER, Onda Cero, Francisco Jose Clemente Martin","39.21943502, 3.059560565","Western Mediterranean","https://perma.cc/H6HS-JN5Z, https://perma.cc/JR2S-TTUZ, https://perma.cc/9DWE-8KAT, https://perma.cc/LL3U-68NV?type=standard",Uncategorized,5
2025.MMP0937,2025.MMP0937,"Northern Africa","Mon, 09/08/2025 - 12:00",2025,September,,4,38,,,,"Northern Africa (P)","Harsh environmental conditions / lack of adequate shelter, food, water",Unknown,"Unspecified location in the Atlantic Ocean between Morocco and Algarve, Portugal","Notícias ao Minuto, Nador City","36.09697472, -7.465096441",,"https://perma.cc/VBM7-DKEY, https://perma.cc/KAY8-WRBL",Uncategorized,2
2025.MMP0938,2025.MMP0938,Mediterranean,"Wed, 08/20/2025 - 12:00",2025,August,1,0,,,1,,"Northern Africa (P)",Drowning,Unknown,"Found off Desnarigado beach, near Mount Hacho, Ceuta, Spain","El Pais, CeutaTV, Press Tetouan","35.89441175, -5.281761684","Western Mediterranean","https://perma.cc/4DQT-2PB2, https://perma.cc/Y3TB-42LE https://perma.cc/NK54-VZ4A",Uncategorized,3
2025.MMP0939,2025.MMP0939,Mediterranean,"Tue, 08/19/2025 - 12:00",2025,August,1,0,49,1,,1,"Western Africa","Harsh environmental conditions / lack of adequate shelter, food, water",Guinea,"Died in hospital in Palermo, Italy, where she was evacuated immediately upon arrival in Sicily","SOS Mediterrannee, Infomigrants","38.10946226, 13.35611021","Central Mediterranean","https://perma.cc/236Q-R2R7, https://perma.cc/Y4TL-MVDR",Uncategorized,4
2025.MMP0940,2025.MMP0940,"Central America","Sun, 08/10/2025 - 12:00",2025,August,1,0,2,1,,,"Central America","Vehicle accident / death linked to hazardous transport",Nicaragua,"Close to El Alto de Ochomogo, Florencio del Castillo Highway, Cartago, Costa Rica","Radio ABCStereo","9.901319933, -83.95074281",,https://perma.cc/CJX5-HQ8H,"Central America",1
2025.MMP0941,2025.MMP0941,"North America","Sun, 08/10/2025 - 12:00",2025,August,1,0,,,1,,"Latin America / Caribbean (P)","Harsh environmental conditions / lack of adequate shelter, food, water",Unknown,"Close to El Indio, Eagle Pass, Maverick County, Texas, United States of America","United States Attorneys Office Western District of Texas,Zócalo,Super Channel 12","28.49765784, -100.318766","US-Mexico border crossing","https://perma.cc/DAU5-68ES, https://perma.cc/U69E-8WMM, https://perma.cc/BFB3-DYR2","Northern America",5
2025.MMP0942,2025.MMP0942,Caribbean,"Sun, 05/04/2025 - 12:00",2025,May,1,0,,,1,,"South America","Sickness / lack of access to adequate healthcare",Ecuador,"On Kingston Public Hospital,KPH, North Street, Kingston Jamaica","El Mercurio","17.97630123, -76.79474136",,"https://perma.cc/GXB9-VBRS, https://archive.ph/ZCG6N, https://perma.cc/E2DW-SMAK?type=standard",Caribbean,1
2025.MMP0943,2025.MMP0943,"Eastern Asia","Sat, 06/21/2025 - 12:00",2025,June,1,0,,,1,,"Eastern Asia","Mixed or unknown","Democratic People's Republic of Korea","A body washed ashore on Seongmodo Island, Incheon, Republic of Korea","KBS, Kyunghyang Shinmun, The Korean Times, Channel 1","37.75470562, 126.3234535",,"https://perma.cc/DY3S-ZYUC, https://perma.cc/V2MA-8VHE, https://perma.cc/KD9Z-FPXH, https://perma.cc/ZZ9J-RHE6, https://perma.cc/2FME-7SAJ","Eastern Asia",3
2025.MMP0944,2025.MMP0944,"Southern Asia","Tue, 08/19/2025 - 12:00",2025,August,78,0,3,21,33,19,"Southern Asia","Vehicle accident / death linked to hazardous transport",Afghanistan,"Outside of Herat City along the highway in Guzara District, Herat Province, Afghanistan","DW Farsi, BBC, Al Jazeera, The New York Times, Euronews Persia, Roozno, Hasht-e Subh Daily (8AM. Media), Amu TV, Khaama Press, KabulNow","34.1725, 62.0825",,"https://perma.cc/BN8R-366Z, https://perma.cc/9LUR-TWJH, https://perma.cc/A32R-FFVL, https://perma.cc/WN5Y-7ZJG, https://perma.cc/YYV7-KX57, https://perma.cc/Y6JM-2ZEV, https://perma.cc/533Y-PY7B, https://perma.cc/JKL9-YKUU, https://perma.cc/8MRQ-XKCC, https://perma.cc/Q93U-PSEU, https://perma.cc/GAJ6-ZFJU","Southern Asia",3
2025.MMP0945,2025.MMP0945,Mediterranean,"Sun, 08/24/2025 - 12:00",2025,August,3,1,65,3,,3,"Northern Africa",Drowning,Sudan,"Rescued at 33.700000, 11.850000, approximately 90km off Zuwara, Libya","RESQSHIP, Alarm Phone, Associated Press","33.7, 11.85","Central Mediterranean","https://perma.cc/3XQY-8TC8, https://perma.cc/2FWX-DXVV, https://perma.cc/AD5R-5BVJ",Uncategorized,4
2025.MMP0946,2025.MMP0946,Europe,"Mon, 08/18/2025 - 12:00",2025,August,1,0,,,1,,Unknown,Violence,Unknown,"Near migrant camp in Loon Plage, near Dunkirk, France","InfoMigrants, Utopia56","50.98426148, 2.245779023","Mainland Europe to the UK","https://perma.cc/5VNG-4XTY, https://perma.cc/6KEK-4BN4","Western Europe",4
2025.MMP0947,2025.MMP0947,Europe,"Tue, 07/01/2025 - 12:00",2025,July,1,0,,,1,,Unknown,Drowning,Unknown,"Remains found in the Bug River in an unspecified location near the village of Stary Bubel, Poland close to the Belarus border","TVN24, Czaban robi raban","52.27753884, 23.20220275","Belarus-EU border","https://perma.cc/3RJ2-KNTL, https://perma.cc/7R25-SDLT","Eastern Europe",3
2025.MMP0949,2025.MMP0949,Europe,"Mon, 04/28/2025 - 12:00",2025,April,1,0,,,1,,"Southern Asia","Mixed or unknown",Afghanistan,"Remains found in unspecified location in forest near Straszewo, Gródek, Poland",Wyborcza.pl,"53.10208391, 23.74282746","Belarus-EU border",https://perma.cc/V2UX-WLQN,"Eastern Europe",1
2025.MMP0950,2025.MMP0950,Europe,"Fri, 04/18/2025 - 12:00",2025,April,3,0,,,,,Unknown,Drowning,Unknown,"Remains found in the Bug River in various unspecified locations near Janów Podlaski, Poland","Biala 24, Euronews in Russian, Czaban robi raban, Virtual Brest","52.21555151, 23.26089862","Belarus-EU border","https://perma.cc/5LEC-KZ53, https://perma.cc/NEB5-2LYU, https://perma.cc/GLW8-CCDF, https://perma.cc/N63S-VMJV","Eastern Europe",3
2025.MMP0951,2025.MMP0951,Europe,"Sat, 04/05/2025 - 12:00",2025,April,1,0,,,1,,"Eastern Africa",Drowning,Eritrea,"Remains found in the Bug River in an unspecified location near near Janów Podlaski, Poland close to the Belarus border","TVN24, Dziennik, Czaban robi raban","52.21906615, 23.24331967","Belarus-EU border","https://perma.cc/A6FD-X6PH, https://perma.cc/N24G-UY8H, https://perma.cc/WL3M-NN9J","Eastern Europe",1
2025.MMP0952,2025.MMP0952,Europe,"Sat, 02/01/2025 - 12:00",2025,February,1,0,,,1,,"Western Africa","Harsh environmental conditions / lack of adequate shelter, food, water",Senegal,"Unspecified location in no-man's land between border fences, near Hrodna, Poland","Border Death Monitoring Group","53.66255601, 23.6082082","Belarus-EU border",https://perma.cc/3MBT-KBHB,"Eastern Europe",4
2025.MMP0953,2025.MMP0953,"Northern Africa","Tue, 08/26/2025 - 12:00",2025,August,4,0,10,,4,,"Middle Africa","Vehicle accident / death linked to hazardous transport",Chad,"Unspecified location south of the city of Jalu, Al Wahat District, Libya","IOM Libya Displacement Tracking Matrix, Libya Review, r5r5br, Al Wasat","28.90802396, 21.55697857","Sahara Desert crossing","https://perma.cc/TU69-VKPZ, https://perma.cc/R5ER-S32X, https://perma.cc/E96U-CBR5","Northern Africa",4
2025.MMP0954,2025.MMP0954,Mediterranean,"Mon, 08/25/2025 - 12:00",2025,August,1,0,,,1,,"Northern Africa",Drowning,Unknown,"Remains washed ashore at Chorrillo beach, Ceuta, Spain","El Pueblo de Ceuta, Telquel","35.88583716, -5.321261105","Western Mediterranean","https://perma.cc/KF3D-MJBW, https://archive.ph/Ko8O9",Uncategorized,3
2025.MMP0955,2025.MMP0955,Mediterranean,"Fri, 08/22/2025 - 12:00",2025,August,,12,14,,,,"Northern Africa (P)",Drowning,Unknown,"Unspecified location around 58km southeast of Cabrera, Balearic Islands, Spain","TRT Global, Europa Press, Onda Cero, Alarm Phone, InfoMigrants, X Alma Ezcurra","38.70894569, 3.291015685","Western Mediterranean","https://perma.cc/N7PA-YS8T, https://perma.cc/6Q7C-PNQL, https://perma.cc/9DWE-8KAT, https://perma.cc/7X8B-9436, https://perma.cc/AL3U-6D4H, https://perma.cc/636S-KNVD",Uncategorized,4
2025.MMP0700,2025.MMP0700963,"Northern Africa","Wed, 06/04/2025 - 12:00",2025,June,3,0,,,,,"Sub-Saharan Africa",Drowning,Unknown,"22.4 miles off Tarfaya, Morocco - departure from Western Morocco on 31 May","Le Site Info, The Press, Hespress English, Alarm Phone, Nuovi Desaparecidos","28.16194849, -13.20616034","Western Africa / Atlantic route to the Canary Islands","https://perma.cc/GED9-K5ZY, https://perma.cc/S8LM-U7G2, https://perma.cc/8GR9-GT7S, https://perma.cc/L5Z7-ZSYP, https://perma.cc/DNV5-B25Q, https://perma.cc/2D5W-Y748",Uncategorized,4
2025.MMP0700,2025.MMP0700964,"Northern Africa","Wed, 06/04/2025 - 12:00",2025,June,1,27,,,,,Mixed,Drowning,Mixed/Unknown,"22.4 miles off Tarfaya, Morocco - departure from Western Morocco on 31 May","Alarm Phone, Nuovi Desaparecidos","28.16194849, -13.20616034","Western Africa / Atlantic route to the Canary Islands","https://perma.cc/L5Z7-ZSYP, https://perma.cc/DNV5-B25Q, https://perma.cc/2D5W-Y748",Uncategorized,4
2025.MMP0957,2025.MMP0957,Mediterranean,"Wed, 08/27/2025 - 12:00",2025,August,1,0,,,1,,"Northern Africa (P)",Drowning,Unknown,"Unspecified location off the coast of Ceuta, Spain","El Faro de Ceuta, Noticias de Navarra","35.87942209, -5.334148639","Western Mediterranean","https://perma.cc/Q3SF-G5ZP, https://perma.cc/52KW-2QCA",Uncategorized,3
2025.MMP0958,2025.MMP0958,Europe,"Fri, 08/15/2025 - 12:00",2025,August,1,0,,,1,,"Eastern Africa",Drowning,"South Sudan","In a canal in Grande-Synthe, Nord-Pas de Calais, France","InfoMigrants, Utopia56","50.99764432, 2.286964252","Mainland Europe to the UK","https://perma.cc/8SFR-HKJS, https://perma.cc/5CY6-NCST","Western Europe",4
2025.MMP0959,2025.MMP0959,Mediterranean,"Wed, 08/20/2025 - 12:00",2025,August,,68,7,7,51,10,Mixed,Drowning,Mixed/Unknown,"Around 20 miles off the coast of Sabratha, Libya - departure from Ras Yousef on 18 August","IOM Libya","33.10342294, 12.45328536","Central Mediterranean",,Uncategorized,4
2025.MMP0960,2025.MMP0960,"Western Africa","Sat, 04/19/2025 - 12:00",2025,April,1,0,,0,1,,"Western Africa","Harsh environmental conditions / lack of adequate shelter, food, water","Côte d'Ivoire","4KM from the dune, Ingal, Niger","IOM Niger Displacement Tracking Matrix","16.78782885, 6.915913081","Sahara Desert crossing",,"Western Africa",2
2025.MMP0961,2025.MMP0961,"Western Africa","Mon, 04/21/2025 - 12:00",2025,April,1,0,,0,1,,Unknown,"Harsh environmental conditions / lack of adequate shelter, food, water",Unknown,"Ingal, Niger","IOM Niger Displacement Tracking Matrix","16.78782885, 6.915913081","Sahara Desert crossing",,"Western Africa",2
2025.MMP0962,2025.MMP0962,"Western Africa","Tue, 04/29/2025 - 12:00",2025,April,1,0,,1,0,,Unknown,"Harsh environmental conditions / lack of adequate shelter, food, water",Unknown,"Assamaka, Niger","IOM Niger Displacement Tracking Matrix","19.3368166, 5.770025444","Sahara Desert crossing",,"Western Africa",2
2025.MMP0963,2025.MMP0963,"Northern Africa","Sun, 04/27/2025 - 12:00",2025,April,2,0,,0,2,,Unknown,"Sickness / lack of access to adequate healthcare",Unknown,"Tebessa, Algeria","IOM Niger Displacement Tracking Matrix","35.40299212, 8.117606447","Sahara Desert crossing",,"Northern Africa",2
2025.MMP0964,2025.MMP0964,"Western Africa","Fri, 04/18/2025 - 12:00",2025,April,1,0,,0,1,,Unknown,"Vehicle accident / death linked to hazardous transport",Unknown,"During return from Tchibarakaten, Niger","IOM Niger Displacement Tracking Matrix","17.00748926, 8.006928078","Sahara Desert crossing",,"Western Africa",2
2025.MMP0965,2025.MMP0965,"Western Africa","Thu, 05/15/2025 - 12:00",2025,May,4,0,,0,2,2,Unknown,"Harsh environmental conditions / lack of adequate shelter, food, water",Unknown,"Seguedine, Niger","IOM Niger Displacement Tracking Matrix","20.20127997, 12.98324765","Sahara Desert crossing",,"Western Africa",2
2025.MMP0966,2025.MMP0966,"Western Africa","Thu, 05/15/2025 - 12:00",2025,May,1,0,,0,1,,Unknown,"Sickness / lack of access to adequate healthcare",Unknown,"Seguedine, Niger","IOM Niger Displacement Tracking Matrix","20.20127997, 12.98324765","Sahara Desert crossing",,"Western Africa",2
2025.MMP0967,2025.MMP0967,"Western Africa","Mon, 05/12/2025 - 12:00",2025,May,4,0,,1,3,,Unknown,"Vehicle accident / death linked to hazardous transport",Unknown,"Patako Kwara, Nigeria","IOM Niger Displacement Tracking Matrix","8.468782876, 5.007769295",,,"Western Africa",2
2025.MMP0968,2025.MMP0968976,"Western Africa","Tue, 05/13/2025 - 12:00",2025,May,1,0,,0,1,,"Northern Africa",Violence,Sudan,"Arlit Gidan Daka, Niger","IOM Niger Displacement Tracking Matrix","18.7440797, 7.403541044","Sahara Desert crossing",,"Western Africa",2
2025.MMP0968,2025.MMP0968977,"Western Africa","Tue, 05/13/2025 - 12:00",2025,May,1,0,,0,1,,"Western Africa",Violence,Nigeria,"Arlit Gidan Daka, Niger","IOM Niger Displacement Tracking Matrix","18.7440797, 7.403541044","Sahara Desert crossing",,"Western Africa",2
2025.MMP0969,2025.MMP0969,"Western Africa","Sun, 05/18/2025 - 12:00",2025,May,1,0,,0,1,,Unknown,"Sickness / lack of access to adequate healthcare",Unknown,"Seguedine, Niger","IOM Niger Displacement Tracking Matrix","20.20127997, 12.98324765","Sahara Desert crossing",,"Western Africa",2
2025.MMP0970,2025.MMP0970,"Western Africa","Tue, 05/20/2025 - 12:00",2025,May,1,0,,0,1,,Unknown,"Sickness / lack of access to adequate healthcare",Unknown,"Seguedine, Niger","IOM Niger Displacement Tracking Matrix","20.20127997, 12.98324765","Sahara Desert crossing",,"Western Africa",2
2025.MMP0971,2025.MMP0971,"Northern Africa","Fri, 05/02/2025 - 12:00",2025,May,3,0,,0,3,,Unknown,Violence,Unknown,"Oran, Algeria","IOM Niger Displacement Tracking Matrix","35.70337963, -0.63236971","Sahara Desert crossing",,"Western Africa",2
2025.MMP0972,2025.MMP0972,"Western Africa","Fri, 05/16/2025 - 12:00",2025,May,1,0,,0,1,,Unknown,"Sickness / lack of access to adequate healthcare",Unknown,"Assamaka, Niger","IOM Niger Displacement Tracking Matrix","19.3368166, 5.770025444","Sahara Desert crossing",,"Western Africa",2
2025.MMP0973,2025.MMP0973,"Western Africa","Sat, 05/24/2025 - 12:00",2025,May,1,0,,0,1,,Unknown,Violence,Unknown,"Tchibarakaten, Niger","IOM Niger Displacement Tracking Matrix","17.00748926, 8.006928078","Sahara Desert crossing",,"Western Africa",2
2025.MMP0974,2025.MMP0974,"Western Africa","Fri, 05/23/2025 - 12:00",2025,May,1,0,,0,1,,Unknown,"Sickness / lack of access to adequate healthcare",Unknown,"Assamaka, Niger","IOM Niger Displacement Tracking Matrix","19.3368166, 5.770025444","Sahara Desert crossing",,"Western Africa",2
2025.MMP0975,2025.MMP0975,"Western Africa","Tue, 05/27/2025 - 12:00",2025,May,1,0,,0,1,,Unknown,"Sickness / lack of access to adequate healthcare",Unknown,"Seguedine, Niger","IOM Niger Displacement Tracking Matrix","20.20127997, 12.98324765","Sahara Desert crossing",,"Western Africa",2
2025.MMP0976,2025.MMP0976,"Western Africa","Fri, 05/30/2025 - 12:00",2025,May,1,0,,0,1,,Unknown,"Sickness / lack of access to adequate healthcare",Unknown,"Seguedine, Niger","IOM Niger Displacement Tracking Matrix","20.20127997, 12.98324765","Sahara Desert crossing",,"Western Africa",2
2025.MMP0977,2025.MMP0977,"Northern Africa","Fri, 06/13/2025 - 12:00",2025,June,1,0,,0,1,,"Western Africa",Violence,Nigeria,"Unspecified location in Algeria, after crossing the borded from Arlit, Niger","IOM Niger Displacement Tracking Matrix","18.73913067, 7.392811782","Sahara Desert crossing",,"Northern Africa",2
2025.MMP0978,2025.MMP0978987,"Northern Africa","Sun, 06/22/2025 - 12:00",2025,June,3,0,,0,3,,"Eastern Africa","Vehicle accident / death linked to hazardous transport",Somalia,"Ouargla, Algeria","IOM Niger Displacement Tracking Matrix","32.06241823, 5.070304674","Sahara Desert crossing",,"Northern Africa",2
2025.MMP0978,2025.MMP0978988,"Northern Africa","Sun, 06/22/2025 - 12:00",2025,June,1,0,,0,,1,"Western Africa","Vehicle accident / death linked to hazardous transport",Guinea,"Ouargla, Algeria","IOM Niger Displacement Tracking Matrix","32.06241823, 5.070304674","Sahara Desert crossing",,"Northern Africa",2
2025.MMP0979,2025.MMP0979,"Central America","Thu, 08/21/2025 - 12:00",2025,August,1,0,,1,,,"Latin America / Caribbean (P)",Drowning,Unknown,"Rio Bravo close to Campo Cougars, Piedras Negras, Coahuila, Mexico",Zócalo,"28.71339793, -100.5083167","US-Mexico border crossing",https://perma.cc/26GJ-5QDP,"Central America",1
2025.MMP0980,2025.MMP0980,"Central America","Tue, 08/19/2025 - 12:00",2025,August,,1,,,1,,Caribbean,"Mixed or unknown",Cuba,"Near Texaco Gas Station, Cucuyagua,Copán, Honduras","La Prensa Honduras","14.65132784, -88.87676546",,https://perma.cc/GHP4-U7HK,"Central America",1
2025.MMP0981,2025.MMP0981,"Central America","Sun, 08/17/2025 - 12:00",2025,August,1,0,,,1,,"Central America","Vehicle accident / death linked to hazardous transport",Mexico,"Train station in Periodistas neighborhood, Piedras Negras, Coahuila, Mexico",Zócalo,"28.67157851, -100.5400387","US-Mexico border crossing",https://perma.cc/9F4S-WMBQ,"Central America",1
2025.MMP0982,2025.MMP0982,"South America","Tue, 08/19/2025 - 12:00",2025,August,1,0,,,1,,"South America",Violence,"Venezuela (Bolivarian Republic of)","Outside La Plazuela mall, Santa Monica, Cartagena de Indias, Bolivar, Colombia","El Nacional(Venezuela),Diario La Nacion","10.39074904, -75.47958654",,"https://perma.cc/G8SG-QTRD, https://perma.cc/922Z-S3DH","South America",3
2025.MMP0983,2025.MMP0983,"North America","Sun, 08/17/2025 - 12:00",2025,August,1,0,,1,,,"South America","Vehicle accident / death linked to hazardous transport",Ecuador,"Off the Cesar E Chavez Border Highway (TX-375 Loop), El Paso, El Paso County, United States of America","US Border Patrol, Telemundo 48","31.76409451, -106.457324","US-Mexico border crossing","https://perma.cc/NMA9-FPFC, https://archive.ph/H7uVT","Northern America",5
2025.MMP0821,2025.MMP0821,"Northern Africa","Tue, 07/01/2025 - 12:00",2025,July,1,7,,,,,"Sub-Saharan Africa",Drowning,Unknown,"Unspecified location off the coasts of Tantan, Morocco","Hibapress, Nichanealane","28.93306926, -11.08830155","Western Africa / Atlantic route to the Canary Islands","https://perma.cc/HNF8-9F2J, https://perma.cc/WWA8-C553",Uncategorized,3
2025.MMP0872,2025.MMP0872,"Northern Africa","Mon, 08/04/2025 - 12:00",2025,August,1,0,176,,1,,"Western Africa (P)","Harsh environmental conditions / lack of adequate shelter, food, water",Unknown,"476 kilometers southwest of Gran Canaria, Canary Islands, Spain - embarkation 6 days earlier from Senegal","Europa Press, RTVE, 112 Canarias","25.66757986, -19.60619617","Western Africa / Atlantic route to the Canary Islands","https://perma.cc/US98-YJZC, https://perma.cc/ZF4Y-DH66, https://perma.cc/KBJ9-4PVN",Uncategorized,5
2025.MMP0985,2025.MMP0985,Mediterranean,"Sat, 08/30/2025 - 12:00",2025,August,2,0,43,,1,1,Unknown,"Mixed or unknown",Unknown,"Remains found at Mavros Kavos beach, Rhodes, Greece","Hellenic Coast Guard, IOM Greece","36.06709271, 28.05406628","Eastern Mediterranean",https://perma.cc/9V6Z-HTM3,Uncategorized,5
2025.MMP0986,2025.MMP0986,Mediterranean,"Sun, 08/31/2025 - 12:00",2025,August,1,0,26,1,,,Unknown,"Mixed or unknown",Unknown,"Remains found at a rocky shore Southeast Agathonisi, Greece","Hellenic Coast Guard, IOM Greece","37.45620991, 27.00326749","Eastern Mediterranean",https://perma.cc/FSX9-E38T,Uncategorized,5
2025.MMP0987,2025.MMP0987,Mediterranean,"Mon, 08/25/2025 - 12:00",2025,August,1,0,,,,,Unknown,Drowning,Unknown,"Remains recovered  on a beach in Mellitah oil and gas complex, Sabratha, Libya","Libyan Red Crescent via IOM Libya","32.85630112, 12.24934798","Central Mediterranean",https://perma.cc/76MF-MQX7,Uncategorized,4
2025.MMP0988,2025.MMP0988,Mediterranean,"Thu, 08/28/2025 - 12:00",2025,August,1,0,,,,,Unknown,Drowning,Unknown,"Remains recovered on a beach in Bab el Zaytoon area, Tobruk, Libya. Likely Libya-Crete crossing.","Libyan Red Crescent via IOM Libya, Al Abireen Foundation","32.02895229, 24.04836183","Eastern Mediterranean","https://archive.ph/Al46s, https://perma.cc/Y65Q-2DQG",Uncategorized,4
2025.MMP0989,2025.MMP09891000,Mediterranean,"Fri, 08/29/2025 - 12:00",2025,August,,2,41,,2,,"Northern Africa",Drowning,Sudan,"Unspecified location in international waters (Maltese SAR zone) following departure from Zuwara, Libya on 28 Aug","IOM Italy, Sea Watch","34.88742444, 12.45569031","Central Mediterranean",https://perma.cc/4PER-M4GJ,Uncategorized,4
2025.MMP0989,2025.MMP09891001,Mediterranean,"Sat, 08/30/2025 - 12:00",2025,August,,5,,,5,,"Northern Africa",Drowning,Sudan,"Unspecified location in international waters (Maltese SAR zone) following departure from Zuwara, Libya on 28 Aug","IOM Italy, Sea Watch","34.88742444, 12.45569031","Central Mediterranean",https://perma.cc/4PER-M4GJ,Uncategorized,4
2025.MMP0990,2025.MMP0990,Mediterranean,"Wed, 09/03/2025 - 12:00",2025,September,1,0,,,1,,"Northern Africa",Drowning,Unknown,"Remains recovered near Faro Punta Almina (lighthouse), Ceuta, Spain","Andalucía Información, Ceuta al Dia, La Verdad de Ceuta","35.89822263, -5.278497248","Western Mediterranean","https://perma.cc/FVY6-7V9Q, https://perma.cc/V9DC-XCEF, https://perma.cc/78R8-HHQB",Uncategorized,3
2025.MMP0991,2025.MMP0991,Mediterranean,"Wed, 09/03/2025 - 12:00",2025,September,6,0,26,,6,,"Northern Africa",Drowning,Mixed,"Remains recovered at the beaches of Las Marinicas, El Corral and Playa de Los Muertos, Carboneras, Almería, Spain","El País, La Voz de Almería, Francisco Jose Clemente Martin","36.95292824, -1.898670455","Western Mediterranean","https://perma.cc/W6XV-YZDY, https://perma.cc/5V7Z-CFUN, https://perma.cc/C8MT-VDAH?type=standard",Uncategorized,4
2025.MMP0992,2025.MMP09921004,Mediterranean,"Wed, 09/03/2025 - 12:00",2025,September,1,0,37,,1,,"Northern Africa",Drowning,Algeria,"Remains recovered at Playa de la Fabriquilla/Las Salinas de Cabo de Gata, Níjar, Almería, Spain","El País, La Voz de Almería, Francisco Jose Clemente Martin","36.73752932, -2.207310441","Western Mediterranean","https://perma.cc/W6XV-YZDY, https://perma.cc/5V7Z-CFUN, https://perma.cc/ZQ3T-R7DB?type=standard",Uncategorized,4
2025.MMP0992,2025.MMP09921005,Mediterranean,"Thu, 09/04/2025 - 12:00",2025,September,1,0,,,1,,Unknown,Drowning,Unknown,"Remains recovered at La Almadraba de Monteleva, Almería, Spain","Ultima Hora and Andalucía Información via Europa Press","36.74604063, -2.214674712","Western Mediterranean","https://perma.cc/K55U-TGCE, https://perma.cc/XKR2-3YC6, https://perma.cc/EJ2V-YUR4",Uncategorized,3
2025.MMP0992,2025.MMP09921006,Mediterranean,"Mon, 09/08/2025 - 12:00",2025,September,1,0,,,,,Unknown,Drowning,Unknown,"Remains washed ashore at Torreón area of Cabo de Gata, Almería, Spain","101 TV Malaga, Europa Press","36.77716631, -2.241705514","Western Mediterranean","https://perma.cc/L497-R2E4, https://perma.cc/KMM5-HESL",Uncategorized,3
2025.MMP0993,2025.MMP0993,"North America","Sun, 06/15/2025 - 12:00",2025,June,1,0,,,1,,"Central America",Drowning,Guatemala,"Close to American Canal, El Paso, El Paso County, Texas, United States of America","Aristegui, La Prensa","31.77239893, -106.5154075","US-Mexico border crossing","https://perma.cc/WTN8-WHX5, https://perma.cc/6NBM-SJWB","Northern America",3
2025.MMP0994,2025.MMP0994,"Central America","Thu, 08/28/2025 - 12:00",2025,August,1,0,,,1,,"Central America",Drowning,Unknown,"Rio Bravo close to Puente Internacional 20 (Puente Nuevo), Matamoros, Tamaulipas, Mexico","N más, Hoy Tamaulipas","25.89758187, -97.4972372","US-Mexico border crossing","https://perma.cc/QP92-VC6E, https://perma.cc/9ZN3-9WAS","Central America",3
2025.MMP0995,2025.MMP0995,"Central America","Sun, 08/31/2025 - 12:00",2025,August,1,0,,,1,,"Latin America / Caribbean (P)",Drowning,Unknown,"Rio Bravo cloe to Ejido San Isidro,Piedras Negras, Coahuila, Mexico","Zócalo, La Rancherita del Aire","28.75658785, -100.5317743","US-Mexico border crossing","https://perma.cc/K2K9-GA3F, https://perma.cc/GVW2-FHYZ","Central America",3
2025.MMP0996,2025.MMP0996,"North America","Sat, 08/30/2025 - 12:00",2025,August,1,0,,,1,,"Latin America / Caribbean (P)","Harsh environmental conditions / lack of adequate shelter, food, water",Unknown,"Two kilometers north of the Adobe House in Sunland Park, Doña Ana County, New Mexico, United States of America","El Heraldo de Juarez, Puente Libre, Net Noticias","31.78456847, -106.5293708","US-Mexico border crossing","https://perma.cc/8FTS-SUYG, https://perma.cc/X7JC-452G, https://perma.cc/JAL8-Q9RM","Northern America",3
2025.MMP0997,2025.MMP0997,"Southern Asia","Sat, 08/16/2025 - 12:00",2025,August,1,0,,,1,,"Southern Asia",Violence,Afghanistan,"Unknown location in Kabul, Afghanistan","KabulNow, Afghanistan International, Amu TV","34.5553, 69.2075",,"https://perma.cc/4BDQ-67H8, https://perma.cc/GE5Y-SKKE, https://perma.cc/M3X3-P7A5","Southern Asia",3
2025.MMP0998,2025.MMP0998,"Southern Asia","Thu, 08/28/2025 - 12:00",2025,August,1,0,,,1,,"Southern Asia",Violence,Afghanistan,"Border area of Kalegan, Golshan county, Sistan and Baluchestan province, Iran","Hengaw Organization for Human Rights, Haalvsh, HRANA","27.42851711, 62.83031","Afghanistan to Iran","https://perma.cc/SFZ7-6F3R, https://perma.cc/3KUF-RXBV, https://perma.cc/4GMJ-QMDX","Southern Asia",3
2025.MMP0999,2025.MMP0999,Mediterranean,"Fri, 09/05/2025 - 12:00",2025,September,2,0,,,,2,"Northern Africa",Drowning,Morocco,"Remains recovered at the beaches of Sarchal and Los Mil Escalones, Recinto, Ceuta, Spain","Europa Press, Ceuta al Dia, El Faro de Ceuta, La Verdad de Ceuta","35.88685553, -5.300507728","Western Mediterranean","https://perma.cc/RY4K-K2XX, https://perma.cc/Z7G9-5T3L, https://perma.cc/88SH-FH8H, https://perma.cc/DC7R-775L, https://perma.cc/993C-2ZDJ, https://perma.cc/N8JE-5T6T",Uncategorized,3
2025.MMP1000,2025.MMP1000,Mediterranean,"Sun, 09/07/2025 - 12:00",2025,September,5,1,28,,,,Unknown,Drowning,Unknown,"Off the coast of Badavut, Ayvalık/Balıkesir, Türkiye","Balıkesir Governor's Office, Reuters","39.26328059, 26.62304184","Eastern Mediterranean","https://archive.ph/MoDhW, https://perma.cc/8F24-V5GW",Uncategorized,5
2025.MMP1001,2025.MMP1001,"Western Asia","Mon, 08/11/2025 - 12:00",2025,August,7,9,,,,,"Eastern Africa (P)",Violence,Unknown,"Unspecified location in Dhubab District, Yemen -  EHOA-Yemen Crossing. Boat departed from Moulhoule district, in the Obock region of Djibouti","Humanitarian Partners","12.95333576, 43.33299109","Eastern Route to/from EHOA",,Uncategorized,4
2025.MMP1002,2025.MMP1002,Mediterranean,"Fri, 08/22/2025 - 12:00",2025,August,25,26,80,34,,5,"Western Africa",Violence,Mixed/Unknown,"Boat departed from the coast of Al-Amra, about 30 km from Sfax, Tunisia","L'actualité's, Humanitarian Partners","34.94595079, 11.0774335","Central Mediterranean",https://perma.cc/WF5G-PU93,Uncategorized,4
2025.MMP1004,2025.MMP1004,"Northern Africa","Mon, 09/01/2025 - 12:00",2025,September,2,0,9,,,,"Sub-Saharan Africa (P)",Violence,Mixed/Unknown,"Unspecified location in Ain Harrouda, a city in northeast of Casablanca, Morocco","Morocco World News, HessPress","33.66216698, -7.421005944",,"https://perma.cc/VL7R-8HR7, https://perma.cc/4WYS-3528, https://perma.cc/Y4X3-TGPC","Northern Africa",3
2025.MMP1005,2025.MMP1005,"Western Asia","Wed, 09/03/2025 - 12:00",2025,September,1,0,,,,1,"Eastern Africa",Drowning,Ethiopia,"Sa'dah, Shabwah Governorate, Yemen - EHOA-Yemen Crossing","Press Bee, IOM Yemen","16.95091342, 43.7509725","Eastern Route to/from EHOA",https://perma.cc/C2G4-K4B7,"Western Asia",4
2025.MMP1006,2025.MMP1006,Mediterranean,"Mon, 09/08/2025 - 12:00",2025,September,2,0,44,,2,,"Eastern Africa","Accidental death",Ethiopia,"At a pier in Lampedusa, Italy - departure from Zuwara, Libya","IOM Italy, Sky tg24, Rai News","35.49385979, 12.60536023","Central Mediterranean","https://perma.cc/Y66G-JPNG, https://perma.cc/A2WQ-CYGG",Uncategorized,4
2025.MMP1007,2025.MMP1007,Europe,"Tue, 09/09/2025 - 12:00",2025,September,1,0,,1,,,Unknown,"Accidental death",Unknown,"10 miles off the coast of Dover, the United Kingdom - English Channel crossing","BBC. Daily Mail","51.03629427, 1.491413569","Mainland Europe to the UK","https://perma.cc/43TF-QVKM, https://perma.cc/9QRT-B2F6",Uncategorized,3
2025.MMP1008,2025.MMP10081021,Europe,"Wed, 09/10/2025 - 12:00",2025,September,1,0,41,,1,,"Northern Africa","Accidental death",Egypt,"Off Sangatte, Pas-de-Calais, France - English Channel crossing","Préfet Pas-de-Calais, Préfecture maritime de la Manche et de la mer du Nord, Calais Border Monitoring, La Voix du Nord, France Bleu, InfoMigrants","50.95843788, 1.756290337","Mainland Europe to the UK","https://perma.cc/YP4N-N4S6, https://perma.cc/8TJS-2DXZ, https://perma.cc/83P5-BKVJ, https://perma.cc/B42T-V7XK, https://perma.cc/4WGJ-EXTQ, https://perma.cc/R6L7-PKAE",Uncategorized,5
2025.MMP1008,2025.MMP10081022,Europe,"Wed, 09/10/2025 - 12:00",2025,September,2,0,,,2,,"South-eastern Asia","Accidental death","Viet Nam","Off Sangatte, Pas-de-Calais, France - English Channel crossing","Préfet Pas-de-Calais, Préfecture maritime de la Manche et de la mer du Nord, Calais Border Monitoring, La Voix du Nord, France Bleu, InfoMigrants","50.95843788, 1.756290337","Mainland Europe to the UK","https://perma.cc/YP4N-N4S6, https://perma.cc/8TJS-2DXZ, https://perma.cc/83P5-BKVJ, https://perma.cc/B42T-V7XK, https://perma.cc/4WGJ-EXTQ, https://perma.cc/R6L7-PKAE",Uncategorized,5
2025.MMP1009,2025.MMP1009,Europe,"Wed, 09/10/2025 - 12:00",2025,September,,3,,,,,Unknown,Drowning,Unknown,"Off Neufchâtel-Hardelot, Pas-de-Calais, France - English Channel crossing","Préfet Pas-de-Calais, Calais Border Monitoring, La Voix du Nord, France Bleu, InfoMigrants","50.63658114, 1.526112371","Mainland Europe to the UK","https://perma.cc/YP4N-N4S6, https://perma.cc/83P5-BKVJ, https://perma.cc/B42T-V7XK, https://perma.cc/4WGJ-EXTQ, https://perma.cc/R6L7-PKAE",Uncategorized,5
2025.MMP1010,2025.MMP10101024,Mediterranean,"Wed, 09/10/2025 - 12:00",2025,September,1,0,,,1,,"Northern Africa",Drowning,Morocco,"Remains recovered in the coast of San Amaro park, Ceuta, Spain","La Verdad de Ceuta, Ceuta Actualidad, Ceuta al Dia","35.89800702, -5.299729443","Western Mediterranean","https://perma.cc/5BTG-R6DV, https://perma.cc/8QVN-GMMZ, https://perma.cc/7AQU-D9NS",Uncategorized,3
2025.MMP1010,2025.MMP10101025,Mediterranean,"Wed, 09/10/2025 - 12:00",2025,September,1,0,,,1,,"Northern Africa",Drowning,Unknown,"Remains recovered near the marabout in Sarchal, Ceuta, Spain","La Verdad de Ceuta, Ceuta Actualidad, Ceuta al Dia","35.88975234, -5.29042303","Western Mediterranean","https://perma.cc/5BTG-R6DV, https://perma.cc/8QVN-GMMZ, https://perma.cc/7AQU-D9NS",Uncategorized,3
2025.MMP1010,2025.MMP10101026,Mediterranean,"Wed, 09/10/2025 - 12:00",2025,September,1,0,,,1,,"Northern Africa",Drowning,Unknown,"Remains recovered near the former women's prison in Sarchal, Ceuta, Spain","La Verdad de Ceuta, Ceuta Actualidad, Ceuta al Dia","35.88945555, -5.296735562","Western Mediterranean","https://perma.cc/5BTG-R6DV, https://perma.cc/8QVN-GMMZ, https://perma.cc/7AQU-D9NS",Uncategorized,3
2025.MMP1011,2025.MMP1011,"South-eastern Asia","Sun, 06/08/2025 - 12:00",2025,June,2,0,7,2,,,"South-eastern Asia",Drowning,Philippines,"The boat capsized between Matangule Island and Canabungan Island, Balabac, Palawan, the Philippines","Philippine Coast Guard, Inquirer, Manila Bulletin, TV5","8.131649472, 117.157845",,"https://perma.cc/Z38L-FCZX, https://perma.cc/ALL4-MRGH, https://perma.cc/TU7A-SY7Q, https://perma.cc/DY6K-HSNV, https://perma.cc/RS5W-75TE, https://perma.cc/3PJH-2M5R",Uncategorized,5
2025.MMP1012,2025.MMP1012,"Southern Asia","Thu, 09/04/2025 - 12:00",2025,September,1,0,,,1,,"Southern Asia",Violence,Afghanistan,"Unknown location in Herat, Afghanistan","Hasht-e Subh Daily (8AM. Media), The Khorasan Times","34.341944, 62.203056",,"https://perma.cc/WS29-9E7A, https://perma.cc/33Z3-QYBY","Southern Asia",3
2025.MMP1013,2025.MMP1013,"Southern Asia","Mon, 09/08/2025 - 12:00",2025,September,6,0,,,,,"Southern Asia",Violence,Afghanistan,"Unknown location in Kalgan border area of ​​Golshan County, Sistan and Baluchestan Province, Iran","Haalvsh, HRANA","27.56624385, 62.819556","Afghanistan to Iran","https://perma.cc/5RFM-C425, https://perma.cc/YR97-BSSJ, https://perma.cc/69ZC-SNYD","Southern Asia",3
2025.MMP1014,2025.MMP1014,"Central America","Tue, 09/02/2025 - 12:00",2025,September,1,0,,,1,,"South America","Mixed or unknown","Venezuela (Bolivarian Republic of)","Palma Real 300, Las Palmas, 29040 Tuxtla Gutiérrez, Chiapas, Mexico","Es Diario Popular","16.7506126, -93.08861627",,https://perma.cc/852C-28C7,"Central America",1
2025.MMP1015,2025.MMP1015,"Central America","Thu, 09/04/2025 - 12:00",2025,September,1,0,,,1,,"Latin America / Caribbean (P)",Drowning,Unknown,"Rio Bravo close to Colonia San Isidro Neighborhood, Piedras Negras, Coahuila, Mexico","Radio Zócalo, El Tiempo mx","28.65569904, -100.4848611","US-Mexico border crossing","https://perma.cc/W3TM-TXAV, https://perma.cc/7FLX-JCG7","Central America",3
2025.MMP1016,2025.MMP1016,"Central America","Thu, 09/04/2025 - 12:00",2025,September,1,0,,,1,,"Latin America / Caribbean (P)",Drowning,Unknown,"Rio Bravo close to Colonia Nuevo Mundo, Piedras Negras, Coahuila, Mexico","Radio Zócalo, El Tiempo mx","28.70878741, -100.511412","US-Mexico border crossing","https://perma.cc/W3TM-TXAV, https://perma.cc/7FLX-JCG7","Central America",3
2025.MMP1017,2025.MMP1017,Mediterranean,"Sat, 09/13/2025 - 12:00",2025,September,1,0,,,1,,"Northern Africa",Drowning,Unknown,"Off the coast of Almadraba beach, Ceuta, Spain","EFE, Infobae","35.87830287, -5.33403528","Western Mediterranean","https://perma.cc/DQ47-FFV4, https://perma.cc/9CTM-GRJ8",Uncategorized,3
2025.MMP1018,2025.MMP1018,Mediterranean,"Tue, 09/09/2025 - 12:00",2025,September,1,0,,,,,Unknown,Drowning,Unknown,"Unspecified location off the coasts of Al Mutrad, Al-Zuwara, Libya","Libyan Red Crescent, Al-Wasat","32.79400569, 12.61348189","Central Mediterranean",https://perma.cc/ZLJ2-PJ4R,Uncategorized,4
2025.MMP1019,2025.MMP1019,Mediterranean,"Sun, 09/07/2025 - 12:00",2025,September,1,0,,,,,Unknown,Drowning,Unknown,"Unspecified location in Bir Al Ratm area, south of Al Harsha, Al-Zawya, Libya",Al-Wasat,"32.80817684, 12.73131879","Central Mediterranean",https://perma.cc/U3CW-NYR9,"Northern Africa",1
2025.MMP1020,2025.MMP1020,"Northern Africa","Thu, 06/19/2025 - 12:00",2025,June,1,0,14,1,,,Unknown,"Sickness / lack of access to adequate healthcare",Unknown,"Unspecifed location in Umm Sa'ad, Libya","IOM Libya Displacement Tracking Matrix","31.62704746, 25.05939255",,,"Northern Africa",2
2025.MMP1021,2025.MMP1021,"Northern Africa","Tue, 07/08/2025 - 12:00",2025,July,1,0,,,1,,"Northern Africa",Violence,Egypt,"Unspecified location in Umm Sa'ad, Libya","IOM Libya Displacement Tracking Matrix","31.58964224, 25.07101571",,,"Northern Africa",2
2025.MMP1022,2025.MMP1022,"Northern Africa","Wed, 07/09/2025 - 12:00",2025,July,1,0,,,1,,"Northern Africa","Mixed or unknown",Sudan,"Unspecified location in a farm in Umm Sa'ad, Libya","IOM Libya Displacement Tracking Matrix","31.5983239, 25.05371455",,,"Northern Africa",2
2025.MMP1023,2025.MMP1023,"Northern Africa","Tue, 08/05/2025 - 12:00",2025,August,1,0,7,,1,,Unknown,Violence,Unknown,"Unspecifed location between Al-Jufrah, Libya","IOM Libya Displacement Tracking Matrix","28.20430265, 16.89509894","Sahara Desert crossing",,"Northern Africa",2
2025.MMP1024,2025.MMP1024,"Northern Africa","Sat, 08/09/2025 - 12:00",2025,August,1,0,,,1,,"Sub-Saharan Africa (P)","Mixed or unknown",Unknown,"Unspecified location in Gadames, Libya","IOM Libya Displacement Tracking Matrix, Libyan Red Crescent","30.13242995, 9.494161357","Sahara Desert crossing",https://perma.cc/SGE3-L8WM?type=standard,"Northern Africa",4
2025.MMP1025,2025.MMP1025,"Northern Africa","Thu, 08/14/2025 - 12:00",2025,August,1,0,,,1,,"Western Africa","Vehicle accident / death linked to hazardous transport",Niger,"Unspecified location in Ras Al-magil, Misrata, Libya","IOM Libya Displacement Tracking Matrix","32.3173828, 15.17647054",,,"Northern Africa",2
2025.MMP1026,2025.MMP1026,"Northern Africa","Tue, 08/19/2025 - 12:00",2025,August,1,0,,,1,,"Northern Africa","Mixed or unknown",Sudan,"Unspecified location in Karzazah, Misrata, Libya","IOM Libya Displacement Tracking Matrix","32.32113005, 15.14680194",,,"Northern Africa",2
2025.MMP1027,2025.MMP1027,"Northern Africa","Sun, 08/17/2025 - 12:00",2025,August,5,0,10,,5,,Unknown,"Vehicle accident / death linked to hazardous transport",Unknown,"Unspecified location in Jalu, Libya","IOM Libya Displacement Tracking Matrix","29.08282556, 21.51913437","Sahara Desert crossing",,"Northern Africa",2
2025.MMP1028,2025.MMP1028,"Northern Africa","Wed, 08/13/2025 - 12:00",2025,August,1,0,1,,1,,"Northern Africa","Vehicle accident / death linked to hazardous transport",Sudan,"Unspecified location in Jalu, Libya","IOM Libya Displacement Tracking Matrix","29.05351084, 21.50087713","Sahara Desert crossing",,"Northern Africa",2
2025.MMP1029,2025.MMP1029,"Northern Africa","Fri, 08/29/2025 - 12:00",2025,August,2,2,10,,4,,Unknown,"Harsh environmental conditions / lack of adequate shelter, food, water",Unknown,"Unspecified location in Nalut, Libya","IOM Libya Displacement Tracking Matrix","31.87293882, 10.98875118",,,"Northern Africa",2
2025.MMP1030,2025.MMP1030,"North America","Sat, 08/30/2025 - 12:00",2025,August,1,0,,,1,,"Central America","Mixed or unknown",Mexico,"Undetermined location 40 kilometers from Carrizo Spring, Dimmit County, Texas, United States of America","US Border Patrol, El Heraldo de Juarez","28.36020375, -100.1016039","US-Mexico border crossing","https://perma.cc/VH6J-TYKC, https://perma.cc/87JG-BV8M","Northern America",5
2025.MMP1031,2025.MMP1031,"North America","Mon, 03/03/2025 - 12:00",2025,March,1,0,,,1,,Unknown,"Accidental death",Unknown,"Five miles west of the San Ysidro Port of Entry,Tijuana River Valley, San Diego California, United States of America","US Border Patrol","32.5372661, -117.0939957","US-Mexico border crossing",https://perma.cc/Q537-DTQW,"Northern America",5
2025.MMP1032,2025.MMP1032,"Central America","Sun, 09/14/2025 - 12:00",2025,September,1,0,,,1,,Unknown,Violence,Unknown,"Inside of ""Tu Lugar es a mi lado"" Migrant Shelter,zona norte, Tijuana, Baja California, Mexico","El Tiempo de Monclova, Hiptex","32.53937195, -117.0389355","US-Mexico border crossing","https://perma.cc/C4LZ-KV6H, https://perma.cc/HN9C-82WM","Central America",3
2025.MMP1033,2025.MMP1033,"Western Asia","Sun, 09/07/2025 - 12:00",2025,September,,19,1,,,,"Southern Asia",Drowning,Pakistan,"An unknown location at sea in the Gulf of Oman, nearby Oman","Daily Pakistan, G News Network, Ummat","23.8060366, 59.030499",,"https://perma.cc/AF9P-8QD4, https://perma.cc/ACK2-QC5Q, https://perma.cc/SV56-47JC",Uncategorized,3
2025.MMP1034,2025.MMP1034,"South-eastern Asia","Tue, 09/09/2025 - 12:00",2025,September,3,0,,1,2,,"South-eastern Asia",Drowning,Myanmar,"Bodies found near Kai U Mountain in Vajiralongkorn Dam Reservoir, Prang Phe, Sangkhla Buri district, Kanchanaburi province, Thailand","BBC Burmese, Khaosod, Matichon, Siamrath, Naewna","15.081181, 98.471703",,"https://perma.cc/7JS3-RMTL, https://perma.cc/HYH4-D323, https://perma.cc/E46U-EJVZ, https://perma.cc/2769-ARVF, https://perma.cc/5BLH-FMUW","South-eastern Asia",3
2025.MMP1035,2025.MMP1035,Mediterranean,"Sat, 09/13/2025 - 12:00",2025,September,24,37,13,,,,Mixed,"Mixed or unknown",Mixed,"Off Kambut, 60 KM East Tobruk, Libya - departure on 9 Sep | Libya-Crete crossing","IOM Libya, UNHCR Libya, Al-bereen Foundation, AP, AFP via TRT Africa","33.11379342, 24.64257698","Eastern Mediterranean","https://perma.cc/D6JQ-XXB9, https://perma.cc/SFZ3-3DDL, https://perma.cc/5KCK-DNRA, https://perma.cc/3GVM-NXE5",Uncategorized,4
2025.MMP1036,2025.MMP1036,Europe,"Wed, 09/17/2025 - 12:00",2025,September,1,0,1,,1,,"Northern Africa","Accidental death",Sudan,"On Rue du Canton du Caillouti-A16 Highway few kilometers from Loon-Plage, Nord department, France","France Bleu ici, 20 minutes, Delta FM","50.99409375, 2.203548872","Mainland Europe to the UK","https://perma.cc/9S6W-D2B4, https://perma.cc/J6VK-XH3Q, https://perma.cc/275N-RV5A","Western Europe",3
2025.MMP1037,2025.MMP1037,Europe,"Thu, 09/18/2025 - 12:00",2025,September,1,0,,,1,,"Northern Africa","Mixed or unknown",Egypt,"Remains found in Drina River, Janja neighborhood, Bijeljina, Bosnia and Herzegovina","IOM Bosnia and Herzegovina, Faktor, Otvoreno","44.66121314, 19.25793445","Western Balkans","https://perma.cc/AVK2-FH74, https://perma.cc/8VGX-NUK9","Southern Europe",4
2025.MMP1038,2025.MMP1038,Mediterranean,"Mon, 09/22/2025 - 12:00",2025,September,1,0,24,,1,,"Western Asia","Mixed or unknown",Yemen,"Unspecified location off Tobruk, Libya. Likely Libya-Crete crossing.","IOM Libya, Al-Abereen Foundation, Al Jazeera via Al Masdar Online","32.39499795, 23.99452781","Eastern Mediterranean","https://perma.cc/82S8-NQME, https://perma.cc/7J55-NPPF, https://perma.cc/3ZMY-L6UZ",Uncategorized,4
2025.MMP1039,2025.MMP10391069,Mediterranean,"Wed, 09/24/2025 - 12:00",2025,September,,2,14,,1,1,"Western Asia",Drowning,"Syrian Arab Republic","Unspecified location off Tajoura, Libya","IOM Libya","33.14224339, 13.46264275","Central Mediterranean",,Uncategorized,4
2025.MMP1039,2025.MMP10391070,Mediterranean,"Wed, 09/24/2025 - 12:00",2025,September,1,1,,,2,,"Western Africa",Drowning,Senegal,"Unspecified location off Tajoura, Libya","IOM Libya","33.14224339, 13.46264275","Central Mediterranean",,Uncategorized,4
2025.MMP1040,2025.MMP1040,"Eastern Africa","Fri, 08/01/2025 - 12:00",2025,August,1,0,0,1,0,0,"Eastern Africa","Harsh environmental conditions / lack of adequate shelter, food, water",Ethiopia,"Obock, Djibouti","IOM Djibouti mobile team","12.269356, 43.355999","Eastern Route to/from EHOA",,"Eastern Africa",4
2025.MMP1041,2025.MMP1041,"Eastern Africa","Sat, 08/02/2025 - 12:00",2025,August,1,0,0,0,1,0,"Eastern Africa","Mixed or unknown",Ethiopia,"Tadjourah, Djibouti","Tadjourah prefecture via IOM Djibouti","11.612498, 42.530533","Eastern Route to/from EHOA",,"Eastern Africa",5
2025.MMP1042,2025.MMP1042,"Eastern Africa","Sat, 08/02/2025 - 12:00",2025,August,1,0,0,0,1,0,"Eastern Africa","Mixed or unknown",Ethiopia,"Tadjourah, Djibouti","Tadjourah prefecture via IOM Djibouti","11.780861, 42.810886","Eastern Route to/from EHOA",,"Eastern Africa",5
2025.MMP1043,2025.MMP1043,"Eastern Africa","Sat, 08/02/2025 - 12:00",2025,August,1,0,0,1,0,0,"Eastern Africa","Mixed or unknown",Ethiopia,"Tadjourah, Djibouti","IOM Djibouti Displacement Tracking Matrix","11.505737, 42.251843","Eastern Route to/from EHOA",,"Eastern Africa",4
2025.MMP1044,2025.MMP1044,"Eastern Africa","Wed, 08/06/2025 - 12:00",2025,August,2,0,0,0,2,0,"Eastern Africa","Mixed or unknown",Ethiopia,"Tadjourah, Djibouti","IOM Djibouti mobile team","11.593871, 42.515377","Eastern Route to/from EHOA",,"Eastern Africa",4
2025.MMP1045,2025.MMP1045,"Eastern Africa","Fri, 08/08/2025 - 12:00",2025,August,1,0,0,0,1,0,"Eastern Africa","Mixed or unknown",Ethiopia,"Obock, Djibouti","Local community via IOM Djibouti","11.97806796, 43.2638136","Eastern Route to/from EHOA",,"Eastern Africa",4
2025.MMP1046,2025.MMP1046,"Eastern Africa","Wed, 08/13/2025 - 12:00",2025,August,1,0,0,0,1,0,"Eastern Africa","Harsh environmental conditions / lack of adequate shelter, food, water",Ethiopia,"Obock, Djibouti","Hospital team via IOM Djibouti","11.980342, 43.290218","Eastern Route to/from EHOA",,"Eastern Africa",4
2025.MMP1047,2025.MMP1047,"Eastern Africa","Wed, 08/13/2025 - 12:00",2025,August,1,0,0,1,0,0,"Eastern Africa","Sickness / lack of access to adequate healthcare",Ethiopia,"Obock, Djibouti","Military via IOM Djibouti","12.550887, 43.222958","Eastern Route to/from EHOA",,"Eastern Africa",5
2025.MMP1048,2025.MMP1048,"Eastern Africa","Sat, 08/23/2025 - 12:00",2025,August,1,0,0,0,1,0,"Eastern Africa",Violence,Ethiopia,"Obock, Djibouti","Military via IOM Djibouti","12.573245, 43.209401","Eastern Route to/from EHOA",,"Eastern Africa",5
2025.MMP1049,2025.MMP1049,"Eastern Africa","Sat, 08/02/2025 - 12:00",2025,August,1,0,0,0,1,0,"Eastern Africa","Vehicle accident / death linked to hazardous transport",Ethiopia,"Alleyleh (Holl Holl), Djibouti","Local community in Holholl via IOM Djibouti","11.309261, 42.928753","Eastern Route to/from EHOA",,"Eastern Africa",4
2025.MMP1050,2025.MMP1050,"Eastern Africa","Sun, 08/03/2025 - 12:00",2025,August,1,0,0,0,1,0,"Eastern Africa","Mixed or unknown",Ethiopia,"Goubetto (Hollholl), Djibouti","Local community in Holholl via IOM Djibouti","11.422698, 43.000823","Eastern Route to/from EHOA",,"Eastern Africa",4
2025.MMP1051,2025.MMP1051,"Eastern Africa","Thu, 08/14/2025 - 12:00",2025,August,3,0,0,0,3,0,"Eastern Africa","Harsh environmental conditions / lack of adequate shelter, food, water",Ethiopia,"Hollholl, Djibouti","Local community in Holholl via IOM Djibouti","11.309261, 42.928753","Eastern Route to/from EHOA",,"Eastern Africa",4
2025.MMP1052,2025.MMP1052,"Central America","Thu, 09/18/2025 - 12:00",2025,September,1,0,,,1,,"Latin America / Caribbean (P)",Violence,Unknown,"In a house at the intersection of Nigeria and Filipinas streets,Oasis, Ciudad Juarez, Mexico","Norte Digital, El Canal de las Noticias","31.65584184, -106.4142863","US-Mexico border crossing","https://perma.cc/V4M7-BW6S, https://perma.cc/H3LE-TSLQ","Central America",3
2025.MMP1053,2025.MMP1053,"Central America","Mon, 09/22/2025 - 12:00",2025,September,1,0,,1,,,"Latin America / Caribbean (P)",Drowning,Unknown,"Rio Bravo close to International Bridge II (Puente Internacional II), Piedras Negras, Coahuila, Mexico","Zócalo, Coahuila en linea","28.69738703, -100.5110545","US-Mexico border crossing","https://perma.cc/396U-LSFK, https://perma.cc/59D2-5DTP","Central America",3
2025.MMP1054,2025.MMP1054,"South-eastern Asia","Mon, 09/22/2025 - 12:00",2025,September,1,0,,1,,,"South-eastern Asia","Vehicle accident / death linked to hazardous transport",Myanmar,"Highway 346, Rangsit-Pathum Thani Road, on the way to Santisuk Junction, Ban Chang, Mueang district, Pathum Thani, Thailand","Amarin TV, Thairath,  MCOT Thai News, MGR Online","14.02922687, 100.518849",,"https://perma.cc/QKM3-8NTP, https://perma.cc/NT4H-2KTC, https://perma.cc/2NJ6-EAPZ, https://perma.cc/2DN8-4Q9X","South-eastern Asia",3
2025.MMP1055,2025.MMP10551086,Mediterranean,"Tue, 09/16/2025 - 12:00",2025,September,1,0,,1,,,"Western Africa",Drowning,Guinea,"83 KM off Lampedusa, Italy","Sea Watch, Avvenire","35.08469749, 11.83620241","Central Mediterranean","https://perma.cc/C6Q4-H8LX, https://perma.cc/2HRF-YQQ6",Uncategorized,4
2025.MMP1055,2025.MMP10551087,Mediterranean,"Tue, 09/16/2025 - 12:00",2025,September,,1,50,1,,,"Western Africa",Drowning,"Côte d'Ivoire","83 KM off Lampedusa, Italy","Sea Watch, Avvenire, UNHCR","35.08469749, 11.83620241","Central Mediterranean","https://perma.cc/C6Q4-H8LX, https://perma.cc/2HRF-YQQ6",Uncategorized,4
2025.MMP1056,2025.MMP1056,"Northern Africa","Wed, 09/24/2025 - 12:00",2025,September,5,0,,,,,"Northern Africa","Harsh environmental conditions / lack of adequate shelter, food, water",Sudan,"Remains recovered in the Great Sand Sea 550 KM South Tobruk, Libya","Al-Abereen Foundation, InfoMigrants, UNHCR","27.33912543, 22.33836496","Sahara Desert crossing","https://archive.ph/i3Rx6, https://perma.cc/N4BS-Z4F7","Northern Africa",4
2025.MMP1057,2025.MMP1057,Mediterranean,"Thu, 09/25/2025 - 12:00",2025,September,2,0,43,1,,1,"Southern Asia",Drowning,Afghanistan,"Off the coast of Nazilli Umut Sitesi, Hisar, Didim, Aydın,Türkiye","Haberler, Khaama","37.38893506, 27.17188901","Eastern Mediterranean","https://perma.cc/79MP-R2NA, https://perma.cc/85JW-HM7Z",Uncategorized,3
2025.MMP1058,2025.MMP1058,Europe,"Sat, 09/27/2025 - 12:00",2025,September,1,0,,,,,Unknown,"Mixed or unknown",Unknown,"Remains found in canal on Rue de la Plage, Graveline, France","La Voix Du Nord, AFP via Le Monde","50.99083584, 2.127718251","Mainland Europe to the UK","https://perma.cc/JRV2-5B2K, https://perma.cc/SLB8-KZWZ","Western Europe",3
2025.MMP1059,2025.MMP1059,Europe,"Sun, 09/28/2025 - 12:00",2025,September,2,0,66,2,,,"Eastern Africa","Mixed or unknown",Somalia,"At Plage Hardelot, Neufchâtel-Hardelot, Pas-de-Calais, France - English Channel Crossing","Préfecture maritime de la Manche et de la mer du Nord, AFP via Le Monde, La Voix Du Nord","50.63548105, 1.576474308","Mainland Europe to the UK","https://perma.cc/H8TD-USSU, https://perma.cc/SLB8-KZWZ, https://perma.cc/E86P-J27X",Uncategorized,5
2025.MMP1060,2025.MMP1060,Europe,"Sun, 09/28/2025 - 12:00",2025,September,1,0,,,,,Unknown,"Harsh environmental conditions / lack of adequate shelter, food, water",Unknown,"Remains found at Plage d'Écault, Saint-Étienne-au-Mont, Pas-de-Calais, France - English Channel Crossing","Préfecture maritime de la Manche et de la mer du Nord, La Voix Du Nord, AFP via Le Monde","50.65526079, 1.572532857","Mainland Europe to the UK","https://perma.cc/6NZR-92AW, https://perma.cc/LYE9-AZY2, https://perma.cc/2Z4K-MPT2",Uncategorized,5
2025.MMP1061,2025.MMP1061,"Eastern Africa","Mon, 09/29/2025 - 12:00",2025,September,3,0,,,1,2,"Eastern Africa (P)",Drowning,Unknown,"Remains found off the coasts of Koungou (between Majicavo and Longoni port), Mayotte","AFP via Le Parisien, Le Journal De Mayotte, InfoMigrants","-12.67544209, 45.23303088","Sea crossings to Mayotte","https://perma.cc/BFM9-TDRX, https://perma.cc/92D3-Y4RC, https://perma.cc/26PF-EHA2","Eastern Africa",3
2025.MMP1062,2025.MMP1062,Mediterranean,"Mon, 09/29/2025 - 12:00",2025,September,1,0,,,1,,"Northern Africa (P)",Drowning,Unknown,"Remains recovered near near Chorrillo Beach, Ceuta, Spain","Press Tetouan, Ceuta al Dia, EFE via La Vanguardia","35.88441333, -5.31876295","Western Mediterranean","https://perma.cc/9U3K-DUFR, https://perma.cc/JQN3-WP2G, https://perma.cc/RMR8-NE68",Uncategorized,3
2025.MMP1063,2025.MMP1063,Mediterranean,"Tue, 09/30/2025 - 12:00",2025,September,1,0,,,1,,"Northern Africa",Drowning,Unknown,"Remains recovered near the former women's prison in Sarchal, Ceuta, Spain","EFE via La Vanguardia, Europa Press, Ceuta al Dia","35.88945555, -5.296735562","Western Mediterranean","https://perma.cc/RMR8-NE68, https://perma.cc/M22H-7C4M, https://perma.cc/JQN3-WP2G",Uncategorized,3
2025.MMP1064,2025.MMP1064,Europe,"Mon, 08/11/2025 - 12:00",2025,August,1,0,1,,,,Unknown,"Mixed or unknown",Unknown,"On N-340-A highway close to Vera, Almeria, Spain","El Pais, Diario de Almeria","37.24163299, -1.870601281",,"https://perma.cc/S82K-ZZQF, https://perma.cc/U5JA-JMBR","Southern Europe",3
2025.MMP1065,2025.MMP1065,Mediterranean,"Mon, 08/11/2025 - 12:00",2025,August,1,0,1,,1,,"Northern Africa (P)",Drowning,Unknown,"On the coast of Cala Carbón, Nijar, Almeria, Spain - boat departed from Ain Temouchent the night before","El Pais, Diario de Almeria, Francisco Jose Clemente Martin","36.72988808, -2.156839883","Western Mediterranean","https://perma.cc/S82K-ZZQF, https://perma.cc/U5JA-JMBR, https://perma.cc/HF3Q-7RDY?type=standard",Uncategorized,4
2025.MMP1066,2025.MMP10661098,Mediterranean,"Sat, 03/22/2025 - 12:00",2025,March,1,0,,,1,,"Northern Africa","Sickness / lack of access to adequate healthcare",Morocco,"Off the coast of Agua Amarga, Almeria, Spain","Survivors testimony via Save the Children ABC de Almeria","36.9387404, -1.934529215","Western Mediterranean",https://perma.cc/7725-2CYT,Uncategorized,4
2025.MMP1067,2025.MMP10671099,Mediterranean,"Sat, 03/22/2025 - 12:00",2025,March,,1,,,1,,"Northern Africa","Accidental death",Algeria,"Off the coast of Agua Amarga, Almeria, Spain","Survivors testimony via Save the Children ABC de Almeria","36.9387404, -1.934529215","Western Mediterranean",https://perma.cc/7725-2CYT,Uncategorized,4
2025.MMP1068,2025.MMP1068,"Eastern Africa","Mon, 09/01/2025 - 12:00",2025,September,,2,,,2,,"Eastern Africa","Mixed or unknown",Ethiopia,"Obock, Djibouti","IOM Djibouti (Migrant Response Center during Mobile patrol)","11.4930497, 42.352499","Eastern Route to/from EHOA",,"Eastern Africa",4
2025.MMP1069,2025.MMP1069,"Eastern Africa","Wed, 09/03/2025 - 12:00",2025,September,1,0,,1,,,"Eastern Africa","Sickness / lack of access to adequate healthcare",Ethiopia,"Obock, Djibouti","Obock prefecture via IOM Djibouti","11.964021, 43.225904","Eastern Route to/from EHOA",,"Eastern Africa",5
2025.MMP1070,2025.MMP1070,"Eastern Africa","Fri, 09/05/2025 - 12:00",2025,September,2,0,,,2,,"Eastern Africa","Mixed or unknown",Ethiopia,"Obock, Djibouti","Obock prefecture via IOM Djibouti","12.035035, 43.393052","Eastern Route to/from EHOA",,"Eastern Africa",5
2025.MMP1071,2025.MMP1071,"Eastern Africa","Fri, 09/12/2025 - 12:00",2025,September,2,0,,,2,,"Eastern Africa","Harsh environmental conditions / lack of adequate shelter, food, water",Ethiopia,"AliSabieh/Holhol, Djibouti","IOM Djibouti Displacement Tracking Matrix","11.307071, 42.943937","Eastern Route to/from EHOA",,"Eastern Africa",4
2025.MMP1072,2025.MMP1072,"Eastern Africa","Wed, 09/17/2025 - 12:00",2025,September,1,0,,1,,,"Eastern Africa","Sickness / lack of access to adequate healthcare",Ethiopia,"Tadjourah Balho, Djibouti","IOM Djibouti Displacement Tracking Matrix","12.077605, 42.193186","Eastern Route to/from EHOA",,"Eastern Africa",4
2025.MMP1073,2025.MMP1073,"Eastern Africa","Thu, 09/18/2025 - 12:00",2025,September,1,0,,,1,,"Eastern Africa","Harsh environmental conditions / lack of adequate shelter, food, water",Ethiopia,"AliSabieh/Holhol, Djibouti","Alisabieh prefecture via IOM Djibouti","11.307071, 42.943937","Eastern Route to/from EHOA",,"Eastern Africa",5
2025.MMP1074,2025.MMP1074,Mediterranean,"Tue, 10/07/2025 - 12:00",2025,October,4,0,34,3,1,1,"Western / Southern Asia (P)",Drowning,Unknown,"Unspecified location near the south of Lesvos, Greece","Hellenic Coast Guard, IOM Greece","38.92916898, 26.50241482","Eastern Mediterranean",https://perma.cc/27W3-TU9N,Uncategorized,5
2025.MMP1075,2025.MMP1075,"Eastern Africa","Fri, 10/03/2025 - 12:00",2025,October,1,0,,,1,,"Eastern Africa","Harsh environmental conditions / lack of adequate shelter, food, water",Ethiopia,"Health center in Dewele, Ethiopia","Dewele Health Center via IOM Ethiopia","11.0078979, 42.6356297","Eastern Route to/from EHOA",,"Eastern Africa",5
2025.MMP1076,2025.MMP1076,"Central America","Wed, 09/24/2025 - 12:00",2025,September,1,0,,,1,,"South America",Drowning,"Venezuela (Bolivarian Republic of)","Rio Bravo close to del Rio Neighborhood (Colonia del Rio) Heroica Matamoros, Tamaulipas, Mexico","Hora Cero","25.87812804, -97.48617003","US-Mexico border crossing",https://perma.cc/RW2S-RJ9B,"Central America",1
2025.MMP1077,2025.MMP1077,"North America","Tue, 05/27/2025 - 12:00",2025,May,1,0,,,1,,"Central America","Mixed or unknown",Guatemala,"Close to Maverick Road, Brownsville, Cameron County, Texas, United States of America","U.S. Attorney's Office- Southern District of Texas,KRGV News","25.88047462, -97.43029085","US-Mexico border crossing","https://perma.cc/TRQ4-TPGP, https://perma.cc/39MH-UQJ8","Northern America",5
2025.MMP1078,2025.MMP1078,"Southern Asia","Sat, 09/20/2025 - 12:00",2025,September,1,0,,1,,,"South-eastern Asia","Mixed or unknown",Myanmar,"A canal in Camp 24, Leda area, Teknaf Upazila, Cox's Bazar, Bangladesh. Woman was believed to be traveling to Malaysia before her body was found (possibly linked to human trafficking)","Al Jazeera, Rohingya Khobor, bdnews24","20.97171393, 92.24395288",,"https://perma.cc/W23D-ERZM, https://perma.cc/M4F8-PV9L, https://perma.cc/K4P3-Q66D","Southern Asia",3
2025.MMP1079,2025.MMP1079,Mediterranean,"Sun, 10/05/2025 - 12:00",2025,October,2,7,34,,2,,Unknown,"Harsh environmental conditions / lack of adequate shelter, food, water",Unknown,"See coordinates for exact location in the Central Mediterranean. Boat departed from Zuwara, Libya 3-4 days before the rescue.","SOS Humanity","34.403, 13.013","Central Mediterranean",https://perma.cc/WQ92-V5FA,Uncategorized,4
2025.MMP1080,2025.MMP1080,Mediterranean,"Tue, 10/14/2025 - 12:00",2025,October,2,0,16,,1,1,"Western Asia",Drowning,Kuwait,"Unspecified location near Rhodes, Greece","Hellenic Coast Guard, UNHCR, IOM Greece","36.48750922, 28.07255429","Eastern Mediterranean",https://perma.cc/2EQV-VKPE,Uncategorized,4
2025.MMP1081,2025.MMP1081,Mediterranean,"Thu, 10/16/2025 - 12:00",2025,October,2,0,29,2,,,"Western / Southern Asia (P)",Drowning,Unknown,"After hitting rocks on coast of northwestern Chios, Greece","Hellenic Coast Guard, IOM Greece, Reuters, Ekathimerini","38.58334722, 25.86446262","Eastern Mediterranean","https://perma.cc/55HL-T4PR, https://perma.cc/BV2B-H69A, https://perma.cc/S9WQ-WFF4",Uncategorized,5
2025.MMP1082,2025.MMP1082,Mediterranean,"Tue, 10/14/2025 - 12:00",2025,October,1,0,9,,1,,"Northern Africa","Accidental death",Algeria,"Remains found after arrival in Porto Pino, Sardinia, Italy. Injury reportedly occurred in rough seas after departure from Annaba, Algeria.","Cagliari Today, CagliariPad","38.96124134, 8.595668353","Central Mediterranean","https://perma.cc/P87R-U6T2, https://perma.cc/UH73-SNWJ",Uncategorized,3
2025.MMP0956,2025.MMP09561115,"Northern Africa","Sun, 08/24/2025 - 12:00",2025,August,,72,247,,10,,"Western Africa (P)",Violence,Unknown,"Unspecified location between Fatick, Senegal and  232 miles south of Gran Canaria, Spain - departure on 13 August","IOM Spain, Nuovi desaparecidos, RTVE, Gaceta","24.69017838, -17.05929614","Western Africa / Atlantic route to the Canary Islands","https://perma.cc/L5RU-X2PK, https://perma.cc/3839-BPN3, https://perma.cc/SW93-FCP3, https://archive.ph/UEUu2",Uncategorized,4
2025.MMP0956,2025.MMP09561116,"Northern Africa","Mon, 08/25/2025 - 12:00",2025,August,1,0,,,1,,"Western Africa (P)",Violence,Unknown,"Hospital in Gran Canaria, Spain","IOM Spain, Nuovi desaparecidos, RTVE, Gaceta","28.11295152, -15.43412512","Western Africa / Atlantic route to the Canary Islands","https://perma.cc/L5RU-X2PK, https://perma.cc/3839-BPN3, https://perma.cc/SW93-FCP3, https://archive.ph/UEUu3",Uncategorized,4
2025.MMP1085,2025.MMP1085,Mediterranean,"Fri, 10/10/2025 - 12:00",2025,October,1,0,,,1,,"Northern Africa",Drowning,Algeria,"Body washed 200 meters of the coasts of Playa de la Ribera, Ceuta, Spain","Ariffino, Russpain, El Confidencial","35.88650249, -5.316493911","Western Mediterranean","https://perma.cc/RR2X-755W, https://perma.cc/3RFV-9RM7, https://perma.cc/3AQX-T7SZ",Uncategorized,3
2025.MMP1086,2025.MMP1086,Mediterranean,"Mon, 10/13/2025 - 12:00",2025,October,1,0,,,1,,"Northern Africa",Violence,Algeria,"Body washed off the coasts Martil Beach, Tanger-Tetouan-Al Hoceima, Morocco","Alomk News","35.61580399, -5.260970879","Western Mediterranean",https://perma.cc/VLP2-RGLA,Uncategorized,1
2025.MMP1087,2025.MMP1087,"Western Asia","Thu, 10/02/2025 - 12:00",2025,October,1,0,,,1,,"Western Asia","Harsh environmental conditions / lack of adequate shelter, food, water",Yemen,"Al Ghorba Desert, Yemen en route to Saudi Arabia","Yemen News, PressBee","17.10812671, 44.41496855","Eastern Route to/from EHOA","https://perma.cc/FP97-GVZT, https://perma.cc/G8BJ-55D7",Uncategorized,3
2025.MMP1088,2025.MMP1088,Mediterranean,"Tue, 09/30/2025 - 12:00",2025,September,1,0,,,,1,Unknown,Drowning,Unknown,"Body washed ashore off the coasts of Findeq, Morocco","Press Tetouan, Hibazoom, Ar.Telquel","35.84108169, -5.34744836","Western Mediterranean","https://perma.cc/L4WR-NDVK, https://perma.cc/H5Z3-8ZR, https://perma.cc/G4VM-JXFL",Uncategorized,3
2025.MMP1089,2025.MMP1089,Mediterranean,"Fri, 10/17/2025 - 12:00",2025,October,8,15,11,6,1,1,Unknown,Drowning,Unknown,"Within Maltese SAR Zone, approximate coordinates 34.46, 13.3667 - Departure from Garabulli, Libya 2 days before","IOM Italy, UNICEF, Sea Watch, Alarm Phone","34.7667, 13.3667","Central Mediterranean","https://archive.ph/Hz6wK, https://perma.cc/JFW5-2CL4",Uncategorized,4
2025.MMP1090,2025.MMP10901123,Mediterranean,"Sun, 10/19/2025 - 12:00",2025,October,,2,90,,,,Unknown,"Vehicle accident / death linked to hazardous transport",Unknown,"Around 30km from Lampedusa, Italy","IOM Italy, Infomigrants","35.22313341, 12.61121263","Central Mediterranean","https://perma.cc/3WMD-JM4M, https://perma.cc/5GVM-8JU7",Uncategorized,4
2025.MMP1090,2025.MMP10901124,Mediterranean,"Mon, 10/20/2025 - 12:00",2025,October,,1,,,,,Unknown,"Mixed or unknown",Unknown,"Died in hospital in Lampedusa, after being rescued around 30km from Lampedusa, Italy","IOM Italy","35.22313341, 12.61121263","Central Mediterranean",,Uncategorized,4
2025.MMP1091,2025.MMP1091,Mediterranean,"Sun, 10/12/2025 - 12:00",2025,October,1,0,,,,,Unknown,Drowning,Unknown,"Remains washed ashore at Playa del Dosel de Cullera, Valencia, Spain","20 minutos, El confidencial, Francisco Jose Clemente Martin","39.19405909, -0.225299599","Western Mediterranean","https://archive.ph/jsKk2, https://perma.cc/C7TQ-AD2C, https://perma.cc/A3Z9-X886?type=standard",Uncategorized,4
2025.MMP1092,2025.MMP1092,Europe,"Tue, 10/21/2025 - 12:00",2025,October,1,0,2,,1,,"Eastern Africa",Violence,Eritrea,"Unspecified location in Braslav district, Belarus - close to border with Latvia","BelTa, Reform, Belarus State Border Committee","55.80967786, 27.04253439","Belarus-EU border","https://perma.cc/LR22-S2LH, https://perma.cc/W4H8-ZDVW, https://perma.cc/8L9Y-Z6T2","Eastern Europe",5
2025.MMP1093,2025.MMP1093,Mediterranean,"Wed, 10/22/2025 - 12:00",2025,October,,40,30,9,19,12,"Western Africa",Drowning,Mixed,"Off the coast of Mahdia, Tunisia - departure from Slakta, Tunisia 2 hours before capsizing","IOM, Associated Press","35.51646293, 11.07677513","Central Mediterranean","https://perma.cc/A73L-WBVP, https://perma.cc/VN8Q-GTX8",Uncategorized,4
2025.MMP1094,2025.MMP1094,Mediterranean,"Tue, 10/14/2025 - 12:00",2025,October,1,0,,,1,,"Northern Africa (P)",Drowning,Unknown,"Remains washed ashore at Almadraba beach, Ceuta, Spain","Ceuta al Dia, El Faro de Ceuta","35.87939725, -5.334128056","Western Mediterranean","https://perma.cc/ZRY4-HLLT, https://perma.cc/6UHQ-FXGP, https://perma.cc/RBZ3-63KM",Uncategorized,3
2025.MMP1095,2025.MMP1095,Mediterranean,"Tue, 10/14/2025 - 12:00",2025,October,1,0,,,1,,"Northern Africa",Drowning,Morocco,"Remains recovered from the Bay of Ceuta, Spain","El Faro de Ceuta, Ceuta al Dia","35.8956652, -5.309203848","Western Mediterranean","https://perma.cc/39CR-QGUB, https://perma.cc/ZRY4-HLLT",Uncategorized,3
2025.MMP1096,2025.MMP1096,Mediterranean,"Wed, 10/15/2025 - 12:00",2025,October,1,0,,,1,,"Northern Africa (P)",Drowning,Unknown,"Remains recovered half a mile off the coast of Juan XXIII, Ceuta, Spain","El Faro de Ceuta, Ceuta al Dia","35.87415129, -5.32748803","Western Mediterranean","https://perma.cc/RBZ3-63KM, https://perma.cc/ZRY4-HLLT",Uncategorized,3
2025.MMP1097,2025.MMP1097,"Central America","Wed, 10/08/2025 - 12:00",2025,October,1,0,,,1,,"Central America",Drowning,Mexico,"Rio Bravo close to Viveros Neighborhood (Colonia Viveros), Nuevo Laredo, Tamaulipas, Mexico","Milenio, La Jornada, El Diario","27.47716664, -99.48119599","US-Mexico border crossing","https://perma.cc/7QRU-MNPA, https://perma.cc/839U-AQ78, https://perma.cc/U3DS-WQ9D","Central America",3
2025.MMP1098,2025.MMP1098,"Central America","Mon, 10/06/2025 - 12:00",2025,October,1,0,,,1,,"Central America","Mixed or unknown",Mexico,"Unspecified location in the Sonora Desert, transborder area with US, Sonora, Mexico","E consulta","31.32325195, -110.3131198","US-Mexico border crossing",https://perma.cc/3PXN-WTCU,"Central America",1
2025.MMP1099,2025.MMP1099,"Central America","Tue, 09/30/2025 - 12:00",2025,September,1,0,1,,,1,"Central America","Mixed or unknown",Mexico,"At the US-Mexico Border Crossing Point, Mexicali, Mexico","El Heraldo, Por Esto","32.6646305, -115.4952948","US-Mexico border crossing","https://perma.cc/JFL4-E6AR, https://perma.cc/8S8E-RYX2","Central America",3
2025.MMP1100,2025.MMP1100,Caribbean,"Sat, 10/04/2025 - 12:00",2025,October,2,0,5,1,1,,Caribbean,Drowning,"Dominican Republic","Off the coast of Aguadilla, Puerto Rico, USA","Primera Hora, Al Monento","18.50822545, -67.13616105","Dominican Republic to Puerto Rico","https://perma.cc/6DZV-5WKS, https://perma.cc/7VH5-UHK4, https://perma.cc/F9FX-TPP3",Caribbean,3
2025.MMP1101,2025.MMP1101,"Central America","Sat, 10/11/2025 - 12:00",2025,October,1,0,,,1,,"Latin America / Caribbean (P)",Drowning,Unknown,"Suchiate River close to Jesus Neighborhood (Ejido Jesus), Suchiate, Chiapas, Mexico","Diario del Sur","14.63738727, -92.17130594",,https://perma.cc/VYK9-RYQ5,"Central America",1
2025.MMP1102,2025.MMP1102,"North America","Tue, 10/07/2025 - 12:00",2025,October,1,0,7,,1,,"Latin America / Caribbean (P)",Drowning,Unknown,"Inside pipe drain close to the Rio Bravo near International Bridge Laredo Stanton, El Paso, El Paso County, Texas, USA","20 Minutos, La Prensa, El Heraldo, Telemundo 48, La Polaka","31.74884797, -106.4814547","US-Mexico border crossing","https://archive.ph/NUFqU, https://perma.cc/B768-L4F3, https://perma.cc/HA9B-FV3N, https://perma.cc/K76W-PVNN, https://perma.cc/J9UD-AGR3 https://perma.cc/CCX5-9LXC","Northern America",3
2025.MMP1103,2025.MMP1103,"South America","Mon, 09/01/2025 - 12:00",2025,September,1,0,,1,,,"South America","Harsh environmental conditions / lack of adequate shelter, food, water","Venezuela (Bolivarian Republic of)","Off National Highway 12 Oruro-Pisiga, Pisiga, Bolivia","IOM Bolivia, Pisiga Provincial Police","-19.26849557, -68.61064762",,,"South America",5
2025.MMP1104,2025.MMP11041138,"North America","Sun, 10/12/2025 - 12:00",2025,October,1,0,4,,1,,"Central America","Vehicle accident / death linked to hazardous transport",Guatemala,"2300 W Paisano Drive, El Paso, El Paso County,Texas, United States of America","US Customs and Border Patrol,El Paso Texas Goverment, Blanco y Negro, El Heraldo, El Paso Times","31.77716914, -106.5237033","US-Mexico border crossing","https://perma.cc/PM2U-D37U, https://perma.cc/E9U4-N24R, https://perma.cc/88DG-3KFH, https://perma.cc/MV7F-Q8V2, https://perma.cc/AC9M-VHC8","Northern America",5
2025.MMP1104,2025.MMP11041139,"North America","Sun, 10/12/2025 - 12:00",2025,October,1,0,,,1,,"Central America","Vehicle accident / death linked to hazardous transport",Mexico,"2300 W Paisano Drive, El Paso, El Paso County,Texas, United States of America","US Customs and Border Patrol,El Paso Texas Goverment, Blanco y Negro, El Heraldo, El Paso Times","31.77716914, -106.5237033","US-Mexico border crossing","https://perma.cc/PM2U-D37U, https://perma.cc/E9U4-N24R, https://perma.cc/88DG-3KFH, https://perma.cc/MV7F-Q8V2, https://perma.cc/AC9M-VHC8","Northern America",5
2025.MMP1105,2025.MMP1105,"South America","Tue, 10/14/2025 - 12:00",2025,October,1,0,9,,1,,Caribbean,"Vehicle accident / death linked to hazardous transport",Cuba,"Close to Kilometer marker 82, on 7th Highway (Ruta 7 General Aparicio Saravia),Departamento de Canelones, Uruguay",Cibercuba,"-34.31611577, -55.74442021",,https://perma.cc/8BHX-T54J,"South America",1
2025.MMP1106,2025.MMP1106,"Southern Asia","Sat, 10/04/2025 - 12:00",2025,October,3,0,,,1,1,"Southern Asia","Vehicle accident / death linked to hazardous transport",Afghanistan,"Unspecified location along the Amu Darya River, Kuf Ab district, Badakhshan province, Afghanistan","Hasht-e Subh Daily (8AM. Media), Amu TV, EL Media, Agaah Press","38.03786892, 70.475539",,"https://perma.cc/46VH-C8WB, https://perma.cc/5MBM-ATPX, https://perma.cc/87Z7-7VBQ, https://perma.cc/CES4-9M8B","Southern Asia",3
2025.MMP1107,2025.MMP1107,"Southern Asia","Mon, 10/06/2025 - 12:00",2025,October,3,0,7,,,,"Southern Asia","Vehicle accident / death linked to hazardous transport",Afghanistan,"On the road between Taybad and Torbat-e Jam, Razavi Khorasan province, Iran","Hasht-e Subh Daily (8AM. Media), Chiragh TV, 103.7 FM, SALAMWATANDAR","34.98645325, 60.739078","Afghanistan to Iran","https://perma.cc/42TR-Q7B4, https://perma.cc/RGY6-8G3N, https://perma.cc/ZWE8-M87D, https://perma.cc/4JP4-UMBS","Southern Asia",3
2025.MMP1108,2025.MMP11081143,Mediterranean,"Sat, 10/11/2025 - 12:00",2025,October,26,0,,,,,Unknown,Drowning,Unknown,"Bodies washed off the coasts of Zuwara, Libya","IOM Libya, Reuters, The Emergency Medicine and Support Center in Libya, Libya 24","32.93632211, 12.09759813","Central Mediterranean","https://perma.cc/ZM6B-8PV6, https://perma.cc/6YET-X7T6, https://perma.cc/FXP7-GHAF",Uncategorized,5
2025.MMP1108,2025.MMP11081144,Mediterranean,"Sat, 10/11/2025 - 12:00",2025,October,12,0,,,,,Unknown,Drowning,Unknown,"Bodies washed off the coasts of Abu Kammash, Libya","IOM Libya, Reuters, The Emergency Medicine and Support Center in Libya, Libya 25","33.07957591, 11.73883491","Central Mediterranean","https://perma.cc/ZM6B-8PV6, https://perma.cc/6YET-X7T6, https://perma.cc/FXP7-GHAF",Uncategorized,5
2025.MMP1108,2025.MMP11081145,Mediterranean,"Sat, 10/11/2025 - 12:00",2025,October,11,0,,,,,Unknown,Drowning,Unknown,"Bodies washed off the coasts of Melita, Libya","IOM Libya, Reuters, The Emergency Medicine and Support Center in Libya, Libya 26","33.33832501, 11.91601832","Central Mediterranean","https://perma.cc/ZM6B-8PV6, https://perma.cc/6YET-X7T6, https://perma.cc/FXP7-GHAF",Uncategorized,5
2025.MMP1109,2025.MMP1109,"Western Asia","Mon, 04/28/2025 - 12:00",2025,April,1,2,4,,3,,"Eastern Africa","Harsh environmental conditions / lack of adequate shelter, food, water",Ethiopia,"Shahin, Al-Mahrah Governorate, Yemen, near the border with Oman","Humanitarian Partners","17.45626882, 52.61671669",,,"Western Asia",3
2025.MMP1110,2025.MMP1110,"Western Asia","Sun, 05/11/2025 - 12:00",2025,May,2,4,,,6,,"Eastern Africa","Harsh environmental conditions / lack of adequate shelter, food, water",Ethiopia,"Shahin, Al-Mahrah Governorate, Yemen, near the border with Oman","Humanitarian Partners","18.3188181, 52.21571571",,,"Western Asia",3
2025.MMP1111,2025.MMP1111,"Western Asia","Sun, 05/18/2025 - 12:00",2025,May,2,0,,,2,,"Eastern Africa","Harsh environmental conditions / lack of adequate shelter, food, water",Ethiopia,"Shahin, Al-Mahrah Governorate, Yemen, near the border with Oman","Humanitarian Partners","17.56627937, 52.56178505",,,"Western Asia",3
2025.MMP1112,2025.MMP1112,"Western Asia","Mon, 05/19/2025 - 12:00",2025,May,1,0,6,,1,,"Eastern Africa","Harsh environmental conditions / lack of adequate shelter, food, water",Ethiopia,"Shahin, Al-Mahrah Governorate, Yemen, near the border with Oman","Humanitarian Partners","17.141588, 52.78700478",,,"Western Asia",3
2025.MMP1113,2025.MMP1113,"Western Asia","Sat, 05/24/2025 - 12:00",2025,May,,3,25,,3,,"Eastern Africa","Harsh environmental conditions / lack of adequate shelter, food, water",Ethiopia,"Shahin, Al-Mahrah Governorate, Yemen, near the border with Oman","Humanitarian Partners","18.1988366, 52.28712684",,,"Western Asia",3
2025.MMP1114,2025.MMP1114,"Western Asia","Sat, 06/07/2025 - 12:00",2025,June,1,0,,,,,"Eastern Africa","Harsh environmental conditions / lack of adequate shelter, food, water",Ethiopia,"Shahin, Al-Mahrah Governorate, Yemen, near the border with Oman","Humanitarian Partners","18.57936002, 51.78175574",,,"Western Asia",3
2025.MMP1115,2025.MMP1115,"Western Asia","Sat, 06/14/2025 - 12:00",2025,June,1,2,,,,,"Eastern Africa","Harsh environmental conditions / lack of adequate shelter, food, water",Ethiopia,"Shahin, Al-Mahrah Governorate, Yemen, near the border with Oman","Humanitarian Partners","17.06283403, 52.81996377",,,"Western Asia",3
2025.MMP1116,2025.MMP1116,"Western Asia","Sat, 06/21/2025 - 12:00",2025,June,2,0,,,2,,"Eastern Africa","Harsh environmental conditions / lack of adequate shelter, food, water",Ethiopia,"Shahin, Al-Mahrah Governorate, Yemen, near the border with Oman","Humanitarian Partners","17.55056766, 52.58925087",,,"Western Asia",3
2025.MMP1117,2025.MMP1117,"Western Asia","Mon, 06/23/2025 - 12:00",2025,June,1,3,5,,4,,"Eastern Africa","Harsh environmental conditions / lack of adequate shelter, food, water",Ethiopia,"Shahin, Al-Mahrah Governorate, Yemen, near the border with Oman","Humanitarian Partners","17.54533012, 52.41346962",,,"Western Asia",3
2025.MMP1118,2025.MMP1118,"Western Asia","Wed, 06/25/2025 - 12:00",2025,June,1,0,,,1,,"Eastern Africa","Harsh environmental conditions / lack of adequate shelter, food, water",Ethiopia,"Shahin, Al-Mahrah Governorate, Yemen, near the border with Oman","Humanitarian Partners","18.56894595, 52.10035926",,,"Western Asia",3
2025.MMP1119,2025.MMP1119,"Western Asia","Sun, 07/06/2025 - 12:00",2025,July,3,0,,1,2,,"Eastern Africa","Harsh environmental conditions / lack of adequate shelter, food, water",Ethiopia,"Shahin, Al-Mahrah Governorate, Yemen, near the border with Oman","Humanitarian Partners","17.02607079, 52.75953896",,,"Western Asia",3
2025.MMP1120,2025.MMP1120,"Western Asia","Tue, 07/08/2025 - 12:00",2025,July,2,0,,,2,,"Eastern Africa","Harsh environmental conditions / lack of adequate shelter, food, water",Ethiopia,"Shahin, Al-Mahrah Governorate, Yemen, near the border with Oman","Humanitarian Partners","17.17308025, 52.36952431",,,"Western Asia",3
2025.MMP1121,2025.MMP1121,"Western Asia","Tue, 07/22/2025 - 12:00",2025,July,4,0,1,,4,,"Eastern Africa","Harsh environmental conditions / lack of adequate shelter, food, water",Ethiopia,"Fujeet, Shahin District, Al-Mahrah GovernerateYemen towards Oman","Humanitarian Partners","17.06283403, 52.60573037",,,"Western Asia",3
2025.MMP1122,2025.MMP1122,"Western Asia","Mon, 07/21/2025 - 12:00",2025,July,6,3,180,,9,,"Eastern Africa","Harsh environmental conditions / lack of adequate shelter, food, water",Ethiopia,"Habroot, Shahin District, Yemen near the border with Oman","Humanitarian Partners","17.28850602, 52.58375771",,,"Western Asia",3
2025.MMP1123,2025.MMP1123,"Western Asia","Mon, 05/05/2025 - 12:00",2025,May,1,0,,,1,,"Eastern Africa",Violence,Ethiopia,"Shahin, Al-Mahrah Governorate, Yemen","Humanitarian Partners","18.46998057, 51.73231726",,,"Western Asia",3
2025.MMP1124,2025.MMP1124,"Western Asia","Thu, 06/26/2025 - 12:00",2025,June,1,0,,,1,,"Eastern Africa",Violence,Ethiopia,"Al-Zyilah village, in Qa'atabah district, Yemen","Humanitarian Partners","13.8506738, 44.7030901",,,"Western Asia",3
2025.MMP1125,2025.MMP1125,"Western Asia","Fri, 07/18/2025 - 12:00",2025,July,1,0,,,1,,"Eastern Africa",Violence,Ethiopia,"A migrant camp in Maas area, Ataq district, Yemen","Humanitarian Partners","14.54293194, 46.83581953",,,"Western Asia",3
2025.MMP1126,2025.MMP1126,"Western Asia","Tue, 04/29/2025 - 12:00",2025,April,1,0,,,1,,"Eastern Africa",Violence,Ethiopia,"Unspecified location in Lawdar district, Yemen","Humanitarian Partners","13.88169857, 45.87398961",,,"Western Asia",3
2025.MMP1127,2025.MMP1127,"Western Asia","Mon, 05/26/2025 - 12:00",2025,May,4,0,,1,3,,"Eastern Africa","Sickness / lack of access to adequate healthcare",Ethiopia,"Ahwar District, Abyan Governorate, Yemen","Humanitarian Partners","13.52173812, 46.70777261",,,"Western Asia",3
2025.MMP1128,2025.MMP1128,"Western Asia","Wed, 05/28/2025 - 12:00",2025,May,3,0,,,3,,"Eastern Africa","Sickness / lack of access to adequate healthcare",Ethiopia,"Ahwar District, Abyan Governorate, Yemen","Humanitarian Partners","13.52186329, 46.70566975",,,"Western Asia",3
2025.MMP1129,2025.MMP1129,"Western Asia","Fri, 06/20/2025 - 12:00",2025,June,4,0,,,4,,"Eastern Africa","Sickness / lack of access to adequate healthcare",Ethiopia,"Unspecified location in Lawdar district, Yemen","Humanitarian Partners","13.88249014, 45.87158635",,,"Western Asia",3
2025.MMP1130,2025.MMP1130,"Western Asia","Mon, 08/11/2025 - 12:00",2025,August,9,0,11,,5,4,"Eastern Africa",Violence,Ethiopia,"Departed from Moulhoule district, in the Obock region of Djibouti aen route to Dhubab district, Taiz governorate, Yemen","Humanitarian Partners","12.94404313, 43.25932095","Eastern Route to/from EHOA",,"Western Asia",3
2025.MMP1131,2025.MMP1131,"Western Asia","Fri, 09/05/2025 - 12:00",2025,September,2,0,2,0,2,,"Eastern Africa",Violence,Ethiopia,"Unspecified location in the desert between Yemen and Oman","Humanitarian Partners","18.68169189, 51.8979008",,,"Western Asia",3
2025.MMP1132,2025.MMP1132,"Western Asia","Fri, 08/08/2025 - 12:00",2025,August,1,0,,,1,,"Eastern Africa","Harsh environmental conditions / lack of adequate shelter, food, water",Ethiopia,"Unspecified location in Shahin district, Yemen near the border with Oman","Humanitarian Partners","18.56373867, 51.74879675",,,"Western Asia",3
2025.MMP1133,2025.MMP1133,"Western Asia","Sat, 08/23/2025 - 12:00",2025,August,8,0,,,8,,"Eastern Africa","Harsh environmental conditions / lack of adequate shelter, food, water",Ethiopia,"Unspecified location in Shahin district, Yemen near the border with Oman","Humanitarian Partners","17.19407212, 52.34755165",,,"Western Asia",3
2025.MMP1134,2025.MMP1134,"Western Asia","Tue, 01/28/2025 - 12:00",2025,January,1,0,19,,1,,"Eastern Africa",Drowning,Ethiopia,"Unspecified location near the coast of Dhubab, Yemen. Boat departed from Djibouti - EHOA-Yemen crossing","Humanitarian Partners","12.94100273, 43.40565208","Eastern Route to/from EHOA",,Uncategorized,3
2025.MMP1135,2025.MMP1135,"Western Asia","Sat, 03/15/2025 - 12:00",2025,March,4,14,5,,,,"Eastern Africa",Drowning,Ethiopia,"Boat capsized off the coasts of Dhubab, Taiz Governorate, Yemen - EHOA-Yemen crossing","Humanitarian Partners","12.93880689, 43.40522293","Eastern Route to/from EHOA",,Uncategorized,3
2025.MMP1136,2025.MMP1136,"Western Asia","Tue, 07/22/2025 - 12:00",2025,July,15,1,4,,,,"Eastern Africa",Drowning,Ethiopia,"Boat capsized off the coasts of Dhubab, Taiz Governorate, Yemen - EHOA-Yemen crossing","Humanitarian Partners","12.93926697, 43.40985779","Eastern Route to/from EHOA",,Uncategorized,3
2025.MMP1137,2025.MMP1137,"Western Asia","Wed, 08/20/2025 - 12:00",2025,August,14,11,,,,,"Eastern Africa",Drowning,Ethiopia,"Boat capsized off the coasts of Dhubab, Taiz Governorate, Yemen - EHOA-Yemen crossing","Humanitarian Partners","12.94560347, 43.40636019","Eastern Route to/from EHOA",,Uncategorized,3
2025.MMP1138,2025.MMP1138,"Western Asia","Tue, 06/10/2025 - 12:00",2025,June,56,129,75,28,10,,"Eastern Africa",Drowning,Ethiopia,"Boat capsized in Shabwah at Al Nushymah through Al-Ghareef, Yemen. Boat departed from Somalia - EHOA-Yemen crossing","Humanitarian Partners","12.62808571, 49.12655972","Eastern Route to/from EHOA",,Uncategorized,3
2025.MMP1139,2025.MMP1139,"Western Asia","Tue, 06/24/2025 - 12:00",2025,June,1,0,5,,,,"Eastern Africa",Violence,Ethiopia,"Off the coasts of Shabwa governerate, Yemen - EHOA-Yemen crossing","Humanitarian Partners","13.8045504, 47.85214563","Eastern Route to/from EHOA",,Uncategorized,3
2025.MMP1140,2025.MMP1140,"Western Asia","Thu, 09/18/2025 - 12:00",2025,September,1,0,,,1,,"Eastern Africa",Violence,Ethiopia,"Unspecified location in Yafea district, Lahj, Yemen.","Humanitarian Partners","12.99073651, 44.44717012",,,"Western Asia",3
2025.MMP1141,2025.MMP1141,"Western Asia","Thu, 09/18/2025 - 12:00",2025,September,1,0,,,1,,"Eastern Africa","Mixed or unknown",Ethiopia,"Tuban District, Lahj Governorate, Yemen","Humanitarian Partners","13.05465718, 44.87781957",,,"Western Asia",3
2025.MMP1142,2025.MMP1142,"Western Asia","Tue, 09/23/2025 - 12:00",2025,September,1,0,,,1,,"Eastern Africa","Sickness / lack of access to adequate healthcare",Ethiopia,"Inside a  deportation site that in Al-Arah area, Yemen","Humanitarian Partners","12.78618583, 43.80795155",,,"Western Asia",3
2025.MMP1143,2025.MMP1143,"Western Asia","Wed, 09/24/2025 - 12:00",2025,September,1,0,,,1,,"Eastern Africa","Sickness / lack of access to adequate healthcare",Ethiopia,"Al-Arah hospital, Al-Arah area, Yemen","Humanitarian Partners","12.78216808, 43.76400624",,,"Western Asia",3
2025.MMP1144,2025.MMP1144,"Western Asia","Tue, 10/07/2025 - 12:00",2025,October,1,0,,,1,,"Eastern Africa","Mixed or unknown",Ethiopia,"In front of Bin Amer Station, in Ataq district, Yemen","Humanitarian Partners","14.52824068, 46.81579042","Eastern Route to/from EHOA",,"Western Asia",3
2025.MMP1145,2025.MMP11451183,Mediterranean,"Tue, 10/28/2025 - 12:00",2025,October,5,2,64,,,,Unknown,Drowning,Unknown,"Unspecified location off the coast of Surman, Libya. Boat departed form Al Zawiya 3 hours earlier","IOM Libya, Libyan Red Crescent, Veto Gate, Youm 7","32.97792585, 12.62580037","Central Mediterranean","https://archive.ph/UY8H5, https://perma.cc/P8KC-9PQ9, https://perma.cc/JJX5-GNEN",Uncategorized,5
2025.MMP1145,2025.MMP11451184,Mediterranean,"Tue, 10/28/2025 - 12:00",2025,October,,3,,,,,"Northern Africa",Drowning,Egypt,"Unspecified location off the coast of Surman, Libya. Boat departed form Al Zawiya 3 hours earlier","IOM Libya, Libyan Red Crescent, Veto Gate, Youm 7","32.97792585, 12.62580037","Central Mediterranean","https://archive.ph/UY8H5, https://perma.cc/P8KC-9PQ9, https://perma.cc/JJX5-GNEN",Uncategorized,5
2025.MMP1145,2025.MMP11451185,Mediterranean,"Tue, 10/28/2025 - 12:00",2025,October,4,0,,,4,,"Northern Africa",Drowning,Egypt,"Unspecified location off the coast of Surman, Libya. Boat departed form Al Zawiya 3 hours earlier","IOM Libya, Libyan Red Crescent","32.97792585, 12.62580037","Central Mediterranean",https://archive.ph/UY8H5,Uncategorized,5
2025.MMP1145,2025.MMP11451186,Mediterranean,"Tue, 10/28/2025 - 12:00",2025,October,3,0,,,3,,"Southern Asia",Drowning,Pakistan,"Unspecified location off the coast of Surman, Libya. Boat departed form Al Zawiya 3 hours earlier","IOM Libya, Libyan Red Crescent","32.97792585, 12.62580037","Central Mediterranean",https://archive.ph/UY8H5,Uncategorized,5
2025.MMP1145,2025.MMP11451187,Mediterranean,"Tue, 10/28/2025 - 12:00",2025,October,2,0,,,2,,"Southern Asia",Drowning,Bangladesh,"Unspecified location off the coast of Surman, Libya. Boat departed form Al Zawiya 3 hours earlier","IOM Libya, Libyan Red Crescent","32.97792585, 12.62580037","Central Mediterranean",https://archive.ph/UY8H5,Uncategorized,5
2025.MMP1145,2025.MMP11451188,Mediterranean,"Tue, 10/28/2025 - 12:00",2025,October,3,0,,,3,,"Eastern Africa",Drowning,Eritrea,"Unspecified location off the coast of Surman, Libya. Boat departed form Al Zawiya 3 hours earlier","IOM Libya, Libyan Red Crescent","32.97792585, 12.62580037","Central Mediterranean",https://archive.ph/UY8H5,Uncategorized,5
2025.MMP1145,2025.MMP11451189,Mediterranean,"Tue, 10/28/2025 - 12:00",2025,October,6,0,,,6,,"Northern Africa",Drowning,Sudan,"Unspecified location off the coast of Surman, Libya. Boat departed form Al Zawiya 3 hours earlier","IOM Libya, Libyan Red Crescent","32.97792585, 12.62580037","Central Mediterranean",https://archive.ph/UY8H5,Uncategorized,5
2025.MMP1145,2025.MMP11451190,Mediterranean,"Tue, 10/28/2025 - 12:00",2025,October,2,0,,,2,,"Eastern Africa",Drowning,Somalia,"Unspecified location off the coast of Surman, Libya. Boat departed form Al Zawiya 3 hours earlier","IOM Libya, Libyan Red Crescent","32.97792585, 12.62580037","Central Mediterranean",https://archive.ph/UY8H5,Uncategorized,5
2025.MMP1146,2025.MMP1146,Mediterranean,"Mon, 10/27/2025 - 12:00",2025,October,4,0,7,,4,,"Northern Africa",Drowning,Sudan,"Unspecified location off the coast of Katsinia Bay, Lesvos, Greece","IOM Greece, Hellenic Coast Guard","38.99209345, 26.5546444","Eastern Mediterranean",https://perma.cc/BKA9-XTFM,Uncategorized,5
2025.MMP1147,2025.MMP1147,Mediterranean,"Fri, 10/24/2025 - 12:00",2025,October,16,0,2,1,4,2,"Southern Asia",Drowning,Afghanistan,"Unspecified location near rocky coastal area at Ada Burnu, Ortakent neighborhood, Bodrum district, Muğla province, Türkiye","Muğla Valiliği via Twitter, Turkiye Today, Rudaw","36.9808673, 27.36025808","Eastern Mediterranean","https://perma.cc/Z3AL-2V3L, https://perma.cc/K4RT-X5MX, https://perma.cc/DW3U-RTE7",Uncategorized,5
2025.MMP1148,2025.MMP1148,"Southern Asia","Tue, 04/01/2025 - 12:00",2025,April,1,0,,0,1,0,"Southern Asia","Sickness / lack of access to adequate healthcare",Afghanistan,"Shiraz County district, Fars province, Iran","IOM Afghanistan","29.6266426, 52.4465474","Afghanistan to Iran",,"Southern Asia",4
2025.MMP1149,2025.MMP1149,"Southern Asia","Tue, 04/01/2025 - 12:00",2025,April,1,0,,0,1,0,"Southern Asia","Sickness / lack of access to adequate healthcare",Afghanistan,"Shiraz County district, Fars province, Iran","IOM Afghanistan","29.6266426, 52.4465474","Afghanistan to Iran",,"Southern Asia",4
2025.MMP1150,2025.MMP1150,"Southern Asia","Tue, 04/01/2025 - 12:00",2025,April,1,0,,0,1,0,"Southern Asia","Sickness / lack of access to adequate healthcare",Afghanistan,"Khash County district, Sistan_and_Baluchestan province, Iran","IOM Afghanistan","28.2200233, 61.2114862","Afghanistan to Iran",,"Southern Asia",4
2025.MMP1151,2025.MMP1151,"Southern Asia","Tue, 04/01/2025 - 12:00",2025,April,1,0,,0,1,0,"Southern Asia","Mixed or unknown",Afghanistan,"Saravan County district, Sistan_and_Baluchestan province, Iran","IOM Afghanistan","27.7344555, 62.2626627","Afghanistan to Iran",,"Southern Asia",4
2025.MMP1152,2025.MMP1152,"Southern Asia","Thu, 04/03/2025 - 12:00",2025,April,1,0,,1,0,0,"Southern Asia","Sickness / lack of access to adequate healthcare",Afghanistan,"Kerman County district, Kerman province, Iran","IOM Afghanistan","30.5757091, 58.0071922","Afghanistan to Iran",,"Southern Asia",4
2025.MMP1153,2025.MMP1153,"Southern Asia","Fri, 04/04/2025 - 12:00",2025,April,1,0,,0,1,0,"Southern Asia","Sickness / lack of access to adequate healthcare",Afghanistan,"Tehran district, Tehran province, Iran","IOM Afghanistan","35.7218583, 51.3346954","Afghanistan to Iran",,"Southern Asia",4
2025.MMP1154,2025.MMP1154,"Southern Asia","Sat, 04/05/2025 - 12:00",2025,April,1,0,,0,1,0,"Southern Asia","Sickness / lack of access to adequate healthcare",Afghanistan,"Tehran district, Tehran province, Iran","IOM Afghanistan","35.7218583, 51.3346954","Afghanistan to Iran",,"Southern Asia",4
2025.MMP1155,2025.MMP1155,"Southern Asia","Sat, 04/05/2025 - 12:00",2025,April,1,0,,0,1,0,"Southern Asia","Mixed or unknown",Afghanistan,"Isfahan County district, Esfahan province, Iran","IOM Afghanistan","32.2515792, 52.5318604","Afghanistan to Iran",,"Southern Asia",4
2025.MMP1156,2025.MMP1156,"Southern Asia","Sun, 04/06/2025 - 12:00",2025,April,1,0,,0,1,1,"Southern Asia","Accidental death",Afghanistan,"Tehran district, Tehran province, Iran","IOM Afghanistan","35.7218583, 51.3346954","Afghanistan to Iran",,"Southern Asia",4
2025.MMP1157,2025.MMP1157,"Southern Asia","Sun, 04/06/2025 - 12:00",2025,April,1,0,,0,1,0,"Southern Asia","Accidental death",Afghanistan,"Tehran district, Tehran province, Iran","IOM Afghanistan","35.7218583, 51.3346954","Afghanistan to Iran",,"Southern Asia",4
2025.MMP1158,2025.MMP1158,"Southern Asia","Sun, 04/06/2025 - 12:00",2025,April,1,0,,0,1,0,"Southern Asia","Sickness / lack of access to adequate healthcare",Afghanistan,"Shiraz County district, Fars province, Iran","IOM Afghanistan","29.6266426, 52.4465474","Afghanistan to Iran",,"Southern Asia",4
2025.MMP1159,2025.MMP1159,"Southern Asia","Sun, 04/06/2025 - 12:00",2025,April,1,0,,0,1,1,"Southern Asia","Sickness / lack of access to adequate healthcare",Afghanistan,"Tehran County district, Tehran province, Iran","IOM Afghanistan","35.6891975, 51.3889736","Afghanistan to Iran",,"Southern Asia",4
2025.MMP1160,2025.MMP1160,"Southern Asia","Mon, 04/07/2025 - 12:00",2025,April,1,0,,0,1,0,"Southern Asia","Sickness / lack of access to adequate healthcare",Afghanistan,"Tehran district, Tehran province, Iran","IOM Afghanistan","35.7218583, 51.3346954","Afghanistan to Iran",,"Southern Asia",4
2025.MMP1161,2025.MMP1161,"Southern Asia","Mon, 04/07/2025 - 12:00",2025,April,1,0,,0,1,0,"Southern Asia","Sickness / lack of access to adequate healthcare",Afghanistan,"Shiraz County district, Fars province, Iran","IOM Afghanistan","29.6266426, 52.4465474","Afghanistan to Iran",,"Southern Asia",4
2025.MMP1162,2025.MMP1162,"Southern Asia","Mon, 04/07/2025 - 12:00",2025,April,1,0,,0,1,0,"Southern Asia",Violence,Afghanistan,"Saravan County district, Sistan_and_Baluchestan province, Iran","IOM Afghanistan","27.7344555, 62.2626627","Afghanistan to Iran",,"Southern Asia",4
2025.MMP1163,2025.MMP1163,"Southern Asia","Tue, 04/08/2025 - 12:00",2025,April,1,0,,0,1,0,"Southern Asia","Accidental death",Afghanistan,"Tehran district, Tehran province, Iran","IOM Afghanistan","35.7218583, 51.3346954","Afghanistan to Iran",,"Southern Asia",4
2025.MMP1164,2025.MMP1164,"Southern Asia","Tue, 04/08/2025 - 12:00",2025,April,1,0,,0,1,1,"Southern Asia","Sickness / lack of access to adequate healthcare",Afghanistan,"Tehran district, Tehran province, Iran","IOM Afghanistan","35.7218583, 51.3346954","Afghanistan to Iran",,"Southern Asia",4
2025.MMP1165,2025.MMP1165,"Southern Asia","Tue, 04/08/2025 - 12:00",2025,April,1,0,,0,1,0,"Southern Asia","Sickness / lack of access to adequate healthcare",Afghanistan,"Isfahan County district, Esfahan province, Iran","IOM Afghanistan","32.2515792, 52.5318604","Afghanistan to Iran",,"Southern Asia",4
2025.MMP1166,2025.MMP1166,"Southern Asia","Tue, 04/08/2025 - 12:00",2025,April,1,0,,0,1,0,"Southern Asia","Sickness / lack of access to adequate healthcare",Afghanistan,"Shiraz County district, Fars province, Iran","IOM Afghanistan","29.6266426, 52.4465474","Afghanistan to Iran",,"Southern Asia",4
2025.MMP1167,2025.MMP1167,"Southern Asia","Tue, 04/08/2025 - 12:00",2025,April,1,0,,0,1,1,"Southern Asia","Mixed or unknown",Afghanistan,"Bandar-Abbas County district, Hormozgan province, Iran","IOM Afghanistan","27.649874, 56.382423","Afghanistan to Iran",,"Southern Asia",4
2025.MMP1168,2025.MMP1168,"Southern Asia","Tue, 04/08/2025 - 12:00",2025,April,1,0,,0,1,0,"Southern Asia","Vehicle accident / death linked to hazardous transport",Afghanistan,"Zabol County district, Sistan_and_Baluchestan province, Iran","IOM Afghanistan","31.0126661, 61.5836897","Afghanistan to Iran",,"Southern Asia",4
2025.MMP1169,2025.MMP1169,"Southern Asia","Tue, 04/08/2025 - 12:00",2025,April,1,0,,0,1,0,"Southern Asia","Mixed or unknown",Afghanistan,"Urmia County district, West_Azerbaijan province, Iran","IOM Afghanistan","37.6067393, 44.8425388","Iran to Türkiye",,"Southern Asia",4
2025.MMP1170,2025.MMP1170,"Southern Asia","Wed, 04/09/2025 - 12:00",2025,April,1,0,,0,1,0,"Southern Asia","Sickness / lack of access to adequate healthcare",Afghanistan,"Tehran district, Tehran province, Iran","IOM Afghanistan","35.7218583, 51.3346954","Afghanistan to Iran",,"Southern Asia",4
2025.MMP1171,2025.MMP1171,"Southern Asia","Wed, 04/09/2025 - 12:00",2025,April,1,0,,0,1,0,"Southern Asia","Accidental death",Afghanistan,"Sari district, Mazandaran province, Iran","IOM Afghanistan","36.5658729, 53.0586328","Afghanistan to Iran",,"Southern Asia",4
2025.MMP1172,2025.MMP1172,"Southern Asia","Wed, 04/09/2025 - 12:00",2025,April,1,0,,0,1,0,"Southern Asia","Sickness / lack of access to adequate healthcare",Afghanistan,"Karaj district, Alborz province, Iran","IOM Afghanistan","35.8438581, 50.9714995","Afghanistan to Iran",,"Southern Asia",4
2025.MMP1173,2025.MMP1173,"Southern Asia","Wed, 04/09/2025 - 12:00",2025,April,1,0,,1,0,0,"Southern Asia","Sickness / lack of access to adequate healthcare",Afghanistan,"Tehran district, Tehran province, Iran","IOM Afghanistan","35.7218583, 51.3346954","Afghanistan to Iran",,"Southern Asia",4
2025.MMP1174,2025.MMP1174,"Southern Asia","Wed, 04/09/2025 - 12:00",2025,April,1,0,,0,1,1,"Southern Asia","Accidental death",Afghanistan,"Mashad district, Mashad province, Iran","IOM Afghanistan","36.2972006, 59.60669","Afghanistan to Iran",,"Southern Asia",4
2025.MMP1175,2025.MMP1175,"Southern Asia","Wed, 04/09/2025 - 12:00",2025,April,1,0,,0,1,0,"Southern Asia",Drowning,Afghanistan,"Bushehr County district, Bushehr province, Iran","IOM Afghanistan","29.0892224, 50.9706116","Afghanistan to Iran",,"Southern Asia",4
2025.MMP1176,2025.MMP1176,"Southern Asia","Wed, 04/09/2025 - 12:00",2025,April,1,0,,0,1,0,"Southern Asia","Vehicle accident / death linked to hazardous transport",Afghanistan,"Ahvaz County district, Khuzestan province, Iran","IOM Afghanistan","31.1769153, 48.9605972","Afghanistan to Iran",,"Southern Asia",4
2025.MMP1177,2025.MMP1177,"Southern Asia","Wed, 04/09/2025 - 12:00",2025,April,1,0,,0,1,0,"Southern Asia","Mixed or unknown",Afghanistan,"Kerman County district, Kerman province, Iran","IOM Afghanistan","30.5757091, 58.0071922","Afghanistan to Iran",,"Southern Asia",4
2025.MMP1178,2025.MMP1178,"Southern Asia","Wed, 04/09/2025 - 12:00",2025,April,1,0,,0,1,0,"Southern Asia","Mixed or unknown",Afghanistan,"Isfahan County district, Esfahan province, Iran","IOM Afghanistan","32.2515792, 52.5318604","Afghanistan to Iran",,"Southern Asia",4
2025.MMP1179,2025.MMP1179,"Southern Asia","Thu, 04/10/2025 - 12:00",2025,April,1,0,,0,1,0,"Southern Asia","Sickness / lack of access to adequate healthcare",Afghanistan,"Tehran district, Tehran province, Iran","IOM Afghanistan","35.7218583, 51.3346954","Afghanistan to Iran",,"Southern Asia",4
2025.MMP1180,2025.MMP1180,"Southern Asia","Thu, 04/10/2025 - 12:00",2025,April,1,0,,0,1,0,"Southern Asia","Sickness / lack of access to adequate healthcare",Afghanistan,"Tehran district, Tehran province, Iran","IOM Afghanistan","35.7218583, 51.3346954","Afghanistan to Iran",,"Southern Asia",4
2025.MMP1181,2025.MMP1181,"Southern Asia","Thu, 04/10/2025 - 12:00",2025,April,1,0,,1,0,0,"Southern Asia","Sickness / lack of access to adequate healthcare",Afghanistan,"Abasabad district, Mazandaran province, Iran","IOM Afghanistan","36.6631281, 53.5946838","Afghanistan to Iran",,"Southern Asia",4
2025.MMP1182,2025.MMP1182,"Southern Asia","Thu, 04/10/2025 - 12:00",2025,April,1,0,,0,1,0,"Southern Asia","Sickness / lack of access to adequate healthcare",Afghanistan,"Iranshahr County district, Sistan_and_Baluchestan province, Iran","IOM Afghanistan","27.9105916, 60.0259466","Afghanistan to Iran",,"Southern Asia",4
2025.MMP1183,2025.MMP1183,"Southern Asia","Thu, 04/10/2025 - 12:00",2025,April,1,0,,0,1,0,"Southern Asia",Violence,Afghanistan,"Khoy County district, West_Azerbaijan province, Iran","IOM Afghanistan","38.5332322, 44.6783475","Iran to Türkiye",,"Southern Asia",4
2025.MMP1184,2025.MMP1184,"Southern Asia","Fri, 04/11/2025 - 12:00",2025,April,1,0,,0,1,1,"Southern Asia","Vehicle accident / death linked to hazardous transport",Afghanistan,"Kerman County district, Kerman province, Iran","IOM Afghanistan","30.5757091, 58.0071922","Afghanistan to Iran",,"Southern Asia",4
2025.MMP1185,2025.MMP1185,"Southern Asia","Fri, 04/11/2025 - 12:00",2025,April,1,0,,0,1,0,"Southern Asia","Sickness / lack of access to adequate healthcare",Afghanistan,"Shiraz County district, Fars province, Iran","IOM Afghanistan","29.6266426, 52.4465474","Afghanistan to Iran",,"Southern Asia",4
2025.MMP1186,2025.MMP1186,"Southern Asia","Fri, 04/11/2025 - 12:00",2025,April,1,0,,0,1,0,"Southern Asia",Violence,Afghanistan,"Shiraz County district, Fars province, Iran","IOM Afghanistan","29.6266426, 52.4465474","Afghanistan to Iran",,"Southern Asia",4
2025.MMP1187,2025.MMP1187,"Southern Asia","Fri, 04/11/2025 - 12:00",2025,April,1,0,,0,1,0,"Southern Asia",Violence,Afghanistan,"Kerman County district, Kerman province, Iran","IOM Afghanistan","30.5757091, 58.0071922","Afghanistan to Iran",,"Southern Asia",4
2025.MMP1188,2025.MMP1188,"Southern Asia","Fri, 04/11/2025 - 12:00",2025,April,1,0,,0,1,0,"Southern Asia",Violence,Afghanistan,"Urmia County district, West_Azerbaijan province, Iran","IOM Afghanistan","37.6067393, 44.8425388","Iran to Türkiye",,"Southern Asia",4
2025.MMP1189,2025.MMP1189,"Southern Asia","Fri, 04/11/2025 - 12:00",2025,April,1,0,,0,1,0,"Southern Asia",Violence,Afghanistan,"Urmia County district, West_Azerbaijan province, Iran","IOM Afghanistan","37.6067393, 44.8425388","Iran to Türkiye",,"Southern Asia",4
2025.MMP1190,2025.MMP1190,"Southern Asia","Sat, 04/12/2025 - 12:00",2025,April,1,0,,0,1,0,"Southern Asia","Sickness / lack of access to adequate healthcare",Afghanistan,"Bandar-Abbas County district, Hormozgan province, Iran","IOM Afghanistan","27.649874, 56.382423","Afghanistan to Iran",,"Southern Asia",4
2025.MMP1191,2025.MMP1191,"Southern Asia","Sat, 04/12/2025 - 12:00",2025,April,1,0,,0,1,0,"Southern Asia",Violence,Afghanistan,"Bandar-Abbas County district, Hormozgan province, Iran","IOM Afghanistan","27.649874, 56.382423","Afghanistan to Iran",,"Southern Asia",4
2025.MMP1192,2025.MMP1192,"Southern Asia","Sat, 04/12/2025 - 12:00",2025,April,1,0,,0,1,1,"Southern Asia",Violence,Afghanistan,"Urmia County district, West_Azerbaijan province, Iran","IOM Afghanistan","37.6067393, 44.8425388","Iran to Türkiye",,"Southern Asia",4
2025.MMP1193,2025.MMP1193,"Southern Asia","Sat, 04/12/2025 - 12:00",2025,April,1,0,,0,1,0,"Southern Asia","Sickness / lack of access to adequate healthcare",Afghanistan,"Kerman County district, Kerman province, Iran","IOM Afghanistan","30.5757091, 58.0071922","Afghanistan to Iran",,"Southern Asia",4
2025.MMP1194,2025.MMP1194,"Southern Asia","Mon, 04/14/2025 - 12:00",2025,April,1,0,,1,0,0,"Southern Asia","Sickness / lack of access to adequate healthcare",Afghanistan,"Tehran district, Tehran province, Iran","IOM Afghanistan","35.7218583, 51.3346954","Afghanistan to Iran",,"Southern Asia",4
2025.MMP1195,2025.MMP1195,"Southern Asia","Mon, 04/14/2025 - 12:00",2025,April,1,0,,0,1,0,"Southern Asia","Sickness / lack of access to adequate healthcare",Afghanistan,"Tehran district, Tehran province, Iran","IOM Afghanistan","35.7218583, 51.3346954","Afghanistan to Iran",,"Southern Asia",4
2025.MMP1196,2025.MMP1196,"Southern Asia","Mon, 04/14/2025 - 12:00",2025,April,1,0,,0,1,0,"Southern Asia","Sickness / lack of access to adequate healthcare",Afghanistan,"tehran district, tehran province, Iran","IOM Afghanistan","35.7218583, 51.3346954","Afghanistan to Iran",,"Southern Asia",4
2025.MMP1197,2025.MMP1197,"Southern Asia","Mon, 04/14/2025 - 12:00",2025,April,1,0,,0,1,0,"Southern Asia","Mixed or unknown",Afghanistan,"Tehran district, tehran province, Iran","IOM Afghanistan","35.7218583, 51.3346954","Afghanistan to Iran",,"Southern Asia",4
2025.MMP1198,2025.MMP1198,"Southern Asia","Mon, 04/14/2025 - 12:00",2025,April,1,0,,0,1,0,"Southern Asia","Mixed or unknown",Afghanistan,"Tehran district, tehran province, Iran","IOM Afghanistan","35.7218583, 51.3346954","Afghanistan to Iran",,"Southern Asia",4
2025.MMP1199,2025.MMP1199,"Southern Asia","Mon, 04/14/2025 - 12:00",2025,April,1,0,,0,1,0,"Southern Asia","Sickness / lack of access to adequate healthcare",Afghanistan,"Saravan County district, Sistan_and_Baluchestan province, Iran","IOM Afghanistan","27.7344555, 62.2626627","Afghanistan to Iran",,"Southern Asia",4
2025.MMP1200,2025.MMP1200,"Southern Asia","Mon, 04/14/2025 - 12:00",2025,April,1,0,,0,1,0,"Southern Asia","Mixed or unknown",Afghanistan,"Kermanshah County district, Kermanshah province, Iran","IOM Afghanistan","34.2647969, 47.058302","Afghanistan to Iran",,"Southern Asia",4
2025.MMP1201,2025.MMP1201,"Southern Asia","Mon, 04/14/2025 - 12:00",2025,April,1,0,,0,1,0,"Southern Asia","Mixed or unknown",Afghanistan,"Isfahan County district, Esfahan province, Iran","IOM Afghanistan","32.2515792, 52.5318604","Afghanistan to Iran",,"Southern Asia",4
2025.MMP1202,2025.MMP1202,"Southern Asia","Mon, 04/14/2025 - 12:00",2025,April,1,0,,0,1,0,"Southern Asia","Harsh environmental conditions / lack of adequate shelter, food, water",Afghanistan,"Urmia County district, West_Azerbaijan province, Iran","IOM Afghanistan","37.6067393, 44.8425388","Iran to Türkiye",,"Southern Asia",4
2025.MMP1203,2025.MMP1203,"Southern Asia","Mon, 04/14/2025 - 12:00",2025,April,1,0,,0,1,0,"Southern Asia",Violence,Afghanistan,"Urmia County district, West_Azerbaijan province, Iran","IOM Afghanistan","37.6067393, 44.8425388","Iran to Türkiye",,"Southern Asia",4
2025.MMP1204,2025.MMP1204,"Southern Asia","Tue, 04/15/2025 - 12:00",2025,April,1,0,,0,1,0,"Southern Asia","Accidental death",Afghanistan,"Esfahan district, Esfahan province, Iran","IOM Afghanistan","32.6538966, 51.6659656","Afghanistan to Iran",,"Southern Asia",4
2025.MMP1205,2025.MMP1205,"Southern Asia","Tue, 04/15/2025 - 12:00",2025,April,1,0,,0,1,0,"Southern Asia","Accidental death",Afghanistan,"Tehran district, Tehran province, Iran","IOM Afghanistan","35.7218583, 51.3346954","Afghanistan to Iran",,"Southern Asia",4
2025.MMP1206,2025.MMP1206,"Southern Asia","Tue, 04/15/2025 - 12:00",2025,April,1,0,,0,1,0,"Southern Asia","Sickness / lack of access to adequate healthcare",Afghanistan,"Tehran district, Tehran province, Iran","IOM Afghanistan","35.7218583, 51.3346954","Afghanistan to Iran",,"Southern Asia",4
2025.MMP1207,2025.MMP1207,"Southern Asia","Tue, 04/15/2025 - 12:00",2025,April,1,0,,0,1,0,"Southern Asia","Sickness / lack of access to adequate healthcare",Afghanistan,"Shiraz County district, Fars province, Iran","IOM Afghanistan","29.6266426, 52.4465474","Afghanistan to Iran",,"Southern Asia",4
2025.MMP1208,2025.MMP1208,"Southern Asia","Tue, 04/15/2025 - 12:00",2025,April,1,0,,0,1,0,"Southern Asia","Accidental death",Afghanistan,"Kerman County district, Kerman province, Iran","IOM Afghanistan","30.5757091, 58.0071922","Afghanistan to Iran",,"Southern Asia",4
2025.MMP1209,2025.MMP1209,"Southern Asia","Wed, 04/16/2025 - 12:00",2025,April,1,0,,0,1,0,"Southern Asia","Sickness / lack of access to adequate healthcare",Afghanistan,"Tehran district, Tehran province, Iran","IOM Afghanistan","35.7218583, 51.3346954","Afghanistan to Iran",,"Southern Asia",4
2025.MMP1210,2025.MMP1210,"Southern Asia","Wed, 04/16/2025 - 12:00",2025,April,1,0,,0,1,0,"Southern Asia","Sickness / lack of access to adequate healthcare",Afghanistan,"Tehran district, Tehran province, Iran","IOM Afghanistan","35.7218583, 51.3346954","Afghanistan to Iran",,"Southern Asia",4
2025.MMP1211,2025.MMP1211,"Southern Asia","Wed, 04/16/2025 - 12:00",2025,April,1,0,,0,1,0,"Southern Asia","Accidental death",Afghanistan,"Tehran district, Tehran province, Iran","IOM Afghanistan","35.7218583, 51.3346954","Afghanistan to Iran",,"Southern Asia",4
2025.MMP1212,2025.MMP1212,"Southern Asia","Wed, 04/16/2025 - 12:00",2025,April,1,0,,0,1,0,"Southern Asia","Sickness / lack of access to adequate healthcare",Afghanistan,"Bushehr County district, Bushehr province, Iran","IOM Afghanistan","29.0892224, 50.9706116","Afghanistan to Iran",,"Southern Asia",4
2025.MMP1213,2025.MMP1213,"Southern Asia","Wed, 04/16/2025 - 12:00",2025,April,1,0,,0,1,0,"Southern Asia","Sickness / lack of access to adequate healthcare",Afghanistan,"Shiraz County district, Fars province, Iran","IOM Afghanistan","29.6266426, 52.4465474","Afghanistan to Iran",,"Southern Asia",4
2025.MMP1214,2025.MMP1214,"Southern Asia","Wed, 04/16/2025 - 12:00",2025,April,1,0,,0,1,0,"Southern Asia","Harsh environmental conditions / lack of adequate shelter, food, water",Afghanistan,"Urmia County district, West_Azerbaijan province, Iran","IOM Afghanistan","37.6067393, 44.8425388","Iran to Türkiye",,"Southern Asia",4
2025.MMP1215,2025.MMP1215,"Southern Asia","Thu, 04/17/2025 - 12:00",2025,April,1,0,,0,1,0,"Southern Asia","Sickness / lack of access to adequate healthcare",Afghanistan,"Tehran district, Tehran province, Iran","IOM Afghanistan","35.7218583, 51.3346954","Afghanistan to Iran",,"Southern Asia",4
2025.MMP1216,2025.MMP1216,"Southern Asia","Thu, 04/17/2025 - 12:00",2025,April,1,0,,1,0,0,"Southern Asia","Sickness / lack of access to adequate healthcare",Afghanistan,"Tehran district, Tehran province, Iran","IOM Afghanistan","35.7218583, 51.3346954","Afghanistan to Iran",,"Southern Asia",4
2025.MMP1217,2025.MMP1217,"Southern Asia","Thu, 04/17/2025 - 12:00",2025,April,1,0,,1,0,1,"Southern Asia","Sickness / lack of access to adequate healthcare",Afghanistan,"Tehran district, Tehran province, Iran","IOM Afghanistan","35.7218583, 51.3346954","Afghanistan to Iran",,"Southern Asia",4
2025.MMP1218,2025.MMP1218,"Southern Asia","Thu, 04/17/2025 - 12:00",2025,April,1,0,,0,1,0,"Southern Asia",Violence,Afghanistan,"Tehran district, Tehran province, Iran","IOM Afghanistan","35.7218583, 51.3346954","Afghanistan to Iran",,"Southern Asia",4
2025.MMP1219,2025.MMP1219,"Southern Asia","Thu, 04/17/2025 - 12:00",2025,April,1,0,,1,0,0,"Southern Asia","Sickness / lack of access to adequate healthcare",Afghanistan,"Tehran district, Tehran province, Iran","IOM Afghanistan","35.7218583, 51.3346954","Afghanistan to Iran",,"Southern Asia",4
2025.MMP1220,2025.MMP1220,"Southern Asia","Thu, 04/17/2025 - 12:00",2025,April,1,0,,0,1,0,"Southern Asia","Sickness / lack of access to adequate healthcare",Afghanistan,"Kerman County district, Kerman province, Iran","IOM Afghanistan","30.5757091, 58.0071922","Afghanistan to Iran",,"Southern Asia",4
2025.MMP1221,2025.MMP1221,"Southern Asia","Thu, 04/17/2025 - 12:00",2025,April,1,0,,0,1,0,"Southern Asia","Vehicle accident / death linked to hazardous transport",Afghanistan,"Rafsanjan County district, Kerman province, Iran","IOM Afghanistan","30.5586331, 55.9358581","Afghanistan to Iran",,"Southern Asia",4
2025.MMP1222,2025.MMP1222,"Southern Asia","Thu, 04/17/2025 - 12:00",2025,April,1,0,,0,1,0,"Southern Asia",Violence,Afghanistan,"Iranshahr County district, Sistan_and_Baluchestan province, Iran","IOM Afghanistan","27.9105916, 60.0259466","Afghanistan to Iran",,"Southern Asia",4
2025.MMP1223,2025.MMP1223,"Southern Asia","Thu, 04/17/2025 - 12:00",2025,April,1,0,,0,1,0,"Southern Asia","Vehicle accident / death linked to hazardous transport",Afghanistan,"Bushehr County district, Bushehr province, Iran","IOM Afghanistan","29.0892224, 50.9706116","Afghanistan to Iran",,"Southern Asia",4
2025.MMP1224,2025.MMP1224,"Southern Asia","Thu, 04/17/2025 - 12:00",2025,April,1,0,,0,1,0,"Southern Asia","Vehicle accident / death linked to hazardous transport",Afghanistan,"Saravan County district, Sistan_and_Baluchestan province, Iran","IOM Afghanistan","27.7344555, 62.2626627","Afghanistan to Iran",,"Southern Asia",4
2025.MMP1225,2025.MMP1225,"Southern Asia","Fri, 04/18/2025 - 12:00",2025,April,1,0,,1,0,0,"Southern Asia","Sickness / lack of access to adequate healthcare",Afghanistan,"Tehran district, Tehran province, Iran","IOM Afghanistan","35.7218583, 51.3346954","Afghanistan to Iran",,"Southern Asia",4
2025.MMP1226,2025.MMP1226,"Southern Asia","Fri, 04/18/2025 - 12:00",2025,April,1,0,,1,0,0,"Southern Asia","Accidental death",Afghanistan,"Tehran district, Tehran province, Iran","IOM Afghanistan","35.7218583, 51.3346954","Afghanistan to Iran",,"Southern Asia",4
2025.MMP1227,2025.MMP1227,"Southern Asia","Fri, 04/18/2025 - 12:00",2025,April,1,0,,0,1,0,"Southern Asia","Vehicle accident / death linked to hazardous transport",Afghanistan,"Kerman County district, Kerman province, Iran","IOM Afghanistan","30.5757091, 58.0071922","Afghanistan to Iran",,"Southern Asia",4
2025.MMP1228,2025.MMP1228,"Southern Asia","Fri, 04/18/2025 - 12:00",2025,April,1,0,,0,1,0,"Southern Asia","Accidental death",Afghanistan,"Zahedan County district, Sistan_and_Baluchestan province, Iran","IOM Afghanistan","29.8162933, 60.2110752","Afghanistan to Iran",,"Southern Asia",4
2025.MMP1229,2025.MMP1229,"Southern Asia","Sun, 04/20/2025 - 12:00",2025,April,1,0,,0,1,0,"Southern Asia","Sickness / lack of access to adequate healthcare",Afghanistan,"Abdul Abad district, Tehran province, Iran","IOM Afghanistan","35.6381381, 51.3601512","Afghanistan to Iran",,"Southern Asia",4
2025.MMP1230,2025.MMP1230,"Southern Asia","Sun, 04/20/2025 - 12:00",2025,April,1,0,,0,1,0,"Southern Asia","Mixed or unknown",Afghanistan,"Markaz district, Yazd province, Iran","IOM Afghanistan","32.1006387, 54.4342138","Afghanistan to Iran",,"Southern Asia",4
2025.MMP1231,2025.MMP1231,"Southern Asia","Sun, 04/20/2025 - 12:00",2025,April,1,0,,0,1,0,"Southern Asia",Violence,Afghanistan,"Maku County district, West_Azerbaijan province, Iran","IOM Afghanistan","39.5681599, 44.6706769","Iran to Türkiye",,"Southern Asia",4
2025.MMP1232,2025.MMP1232,"Southern Asia","Sun, 04/20/2025 - 12:00",2025,April,1,0,,0,1,0,"Southern Asia","Sickness / lack of access to adequate healthcare",Afghanistan,"Ahvaz County district, Khuzestan province, Iran","IOM Afghanistan","31.1769153, 48.9605972","Afghanistan to Iran",,"Southern Asia",4
2025.MMP1233,2025.MMP1233,"Southern Asia","Mon, 04/21/2025 - 12:00",2025,April,1,0,,0,1,0,"Southern Asia","Vehicle accident / death linked to hazardous transport",Afghanistan,"Pardis district, Tehran province, Iran","IOM Afghanistan","35.7476542, 51.8017873","Afghanistan to Iran",,"Southern Asia",4
2025.MMP1234,2025.MMP1234,"Southern Asia","Mon, 04/21/2025 - 12:00",2025,April,1,0,,0,1,0,"Southern Asia","Mixed or unknown",Afghanistan,"Hamadan district, Hamadan province, Iran","IOM Afghanistan","34.7983275, 48.5148102","Afghanistan to Iran",,"Southern Asia",4
2025.MMP1235,2025.MMP1235,"Southern Asia","Mon, 04/21/2025 - 12:00",2025,April,1,0,,0,1,1,"Southern Asia","Mixed or unknown",Afghanistan,"Sirjan County district, Kerman province, Iran","IOM Afghanistan","29.4218443, 55.6689636","Afghanistan to Iran",,"Southern Asia",4
2025.MMP1236,2025.MMP1236,"Southern Asia","Tue, 04/22/2025 - 12:00",2025,April,1,0,,0,1,1,"Southern Asia","Sickness / lack of access to adequate healthcare",Afghanistan,"Tehran district, Tehran province, Iran","IOM Afghanistan","35.7218583, 51.3346954","Afghanistan to Iran",,"Southern Asia",4
2025.MMP1237,2025.MMP1237,"Southern Asia","Tue, 04/22/2025 - 12:00",2025,April,1,0,,0,1,0,"Southern Asia","Sickness / lack of access to adequate healthcare",Afghanistan,"Zahedan County district, Sistan_and_Baluchestan province, Iran","IOM Afghanistan","29.8162933, 60.2110752","Afghanistan to Iran",,"Southern Asia",4
2025.MMP1238,2025.MMP1238,"Southern Asia","Tue, 04/22/2025 - 12:00",2025,April,1,0,,0,1,0,"Southern Asia","Harsh environmental conditions / lack of adequate shelter, food, water",Afghanistan,"Saravan County district, Sistan_and_Baluchestan province, Iran","IOM Afghanistan","27.7344555, 62.2626627","Afghanistan to Iran",,"Southern Asia",4
2025.MMP1239,2025.MMP1239,"Southern Asia","Tue, 04/22/2025 - 12:00",2025,April,1,0,,0,1,1,"Southern Asia",Violence,Afghanistan,"Khash County district, Sistan_and_Baluchestan province, Iran","IOM Afghanistan","28.2200233, 61.2114862","Afghanistan to Iran",,"Southern Asia",4
2025.MMP1240,2025.MMP1240,"Southern Asia","Tue, 04/22/2025 - 12:00",2025,April,1,0,,0,1,0,"Southern Asia","Harsh environmental conditions / lack of adequate shelter, food, water",Afghanistan,"Maku County district, West_Azerbaijan province, Iran","IOM Afghanistan","39.5681599, 44.6706769","Iran to Türkiye",,"Southern Asia",4
2025.MMP1241,2025.MMP1241,"Southern Asia","Wed, 04/23/2025 - 12:00",2025,April,1,0,,0,1,0,"Southern Asia","Sickness / lack of access to adequate healthcare",Afghanistan,"Savah district, Arak province, Iran","IOM Afghanistan","34.0873496, 49.7022387","Afghanistan to Iran",,"Southern Asia",4
2025.MMP1242,2025.MMP1242,"Southern Asia","Wed, 04/23/2025 - 12:00",2025,April,1,0,,1,0,1,"Southern Asia",Violence,Afghanistan,"Shiraz County district, Fars province, Iran","IOM Afghanistan","29.6266426, 52.4465474","Afghanistan to Iran",,"Southern Asia",4
2025.MMP1243,2025.MMP1243,"Southern Asia","Thu, 04/24/2025 - 12:00",2025,April,1,0,,0,1,0,"Southern Asia","Vehicle accident / death linked to hazardous transport",Afghanistan,"Kerman County district, Kerman province, Iran","IOM Afghanistan","30.5757091, 58.0071922","Afghanistan to Iran",,"Southern Asia",4
2025.MMP1244,2025.MMP1244,"Southern Asia","Fri, 04/25/2025 - 12:00",2025,April,1,0,,1,0,0,"Southern Asia","Sickness / lack of access to adequate healthcare",Afghanistan,"Isfahan County district, Esfahan province, Iran","IOM Afghanistan","32.2515792, 52.5318604","Afghanistan to Iran",,"Southern Asia",4
2025.MMP1245,2025.MMP1245,"Southern Asia","Fri, 04/25/2025 - 12:00",2025,April,1,0,,1,0,0,"Southern Asia","Sickness / lack of access to adequate healthcare",Afghanistan,"Kerman County district, Kerman province, Iran","IOM Afghanistan","30.5757091, 58.0071922","Afghanistan to Iran",,"Southern Asia",4
2025.MMP1246,2025.MMP1246,"Southern Asia","Fri, 04/25/2025 - 12:00",2025,April,1,0,,0,1,0,"Southern Asia","Vehicle accident / death linked to hazardous transport",Afghanistan,"Kerman County district, Kerman province, Iran","IOM Afghanistan","30.5757091, 58.0071922","Afghanistan to Iran",,"Southern Asia",4
2025.MMP1247,2025.MMP1247,"Southern Asia","Fri, 04/25/2025 - 12:00",2025,April,1,0,,0,1,0,"Southern Asia","Vehicle accident / death linked to hazardous transport",Afghanistan,"Kerman County district, Kerman province, Iran","IOM Afghanistan","30.5757091, 58.0071922","Afghanistan to Iran",,"Southern Asia",4
2025.MMP1248,2025.MMP1248,"Southern Asia","Fri, 04/25/2025 - 12:00",2025,April,1,0,,0,1,0,"Southern Asia","Vehicle accident / death linked to hazardous transport",Afghanistan,"Ahvaz County district, Khuzestan province, Iran","IOM Afghanistan","31.1769153, 48.9605972","Afghanistan to Iran",,"Southern Asia",4
2025.MMP1249,2025.MMP1249,"Southern Asia","Sat, 04/26/2025 - 12:00",2025,April,1,0,,0,1,0,"Southern Asia","Mixed or unknown",Afghanistan,"Bandar-Abbas County district, Hormozgan province, Iran","IOM Afghanistan","27.649874, 56.382423","Afghanistan to Iran",,"Southern Asia",4
2025.MMP1250,2025.MMP1250,"Southern Asia","Sat, 04/26/2025 - 12:00",2025,April,1,0,,0,1,0,"Southern Asia","Sickness / lack of access to adequate healthcare",Afghanistan,"Bam County district, Kerman province, Iran","IOM Afghanistan","29.1324969, 58.1892921","Afghanistan to Iran",,"Southern Asia",4
2025.MMP1251,2025.MMP1251,"Southern Asia","Sat, 04/26/2025 - 12:00",2025,April,1,0,,0,1,0,"Southern Asia","Harsh environmental conditions / lack of adequate shelter, food, water",Afghanistan,"Saravan County district, Sistan_and_Baluchestan province, Iran","IOM Afghanistan","27.7344555, 62.2626627","Afghanistan to Iran",,"Southern Asia",4
2025.MMP1252,2025.MMP1252,"Southern Asia","Sat, 04/26/2025 - 12:00",2025,April,1,0,,0,1,1,"Southern Asia","Vehicle accident / death linked to hazardous transport",Afghanistan,"Sirjan County district, Kerman province, Iran","IOM Afghanistan","29.4218443, 55.6689636","Afghanistan to Iran",,"Southern Asia",4
2025.MMP1253,2025.MMP1253,"Southern Asia","Sat, 04/26/2025 - 12:00",2025,April,1,0,,0,1,1,"Southern Asia",Drowning,Afghanistan,"Bushehr County district, Bushehr province, Iran","IOM Afghanistan","29.0892224, 50.9706116","Afghanistan to Iran",,"Southern Asia",4
2025.MMP1254,2025.MMP1254,"Southern Asia","Sat, 04/26/2025 - 12:00",2025,April,1,0,,0,1,0,"Southern Asia","Vehicle accident / death linked to hazardous transport",Afghanistan,"Nikshahr County district, Sistan_and_Baluchestan province, Iran","IOM Afghanistan","26.205049, 60.0259466","Afghanistan to Iran",,"Southern Asia",4
2025.MMP1255,2025.MMP1255,"Southern Asia","Sun, 04/27/2025 - 12:00",2025,April,1,0,,0,1,0,"Southern Asia","Sickness / lack of access to adequate healthcare",Afghanistan,"Isfahan County district, Esfahan province, Iran","IOM Afghanistan","32.2515792, 52.5318604","Afghanistan to Iran",,"Southern Asia",4
2025.MMP1256,2025.MMP1256,"Southern Asia","Sun, 04/27/2025 - 12:00",2025,April,1,0,,1,0,0,"Southern Asia","Sickness / lack of access to adequate healthcare",Afghanistan,"Shiraz County district, Fars province, Iran","IOM Afghanistan","29.6266426, 52.4465474","Afghanistan to Iran",,"Southern Asia",4
2025.MMP1257,2025.MMP1257,"Southern Asia","Sun, 04/27/2025 - 12:00",2025,April,1,0,,0,1,0,"Southern Asia",Violence,Afghanistan,"Saravan County district, Sistan_and_Baluchestan province, Iran","IOM Afghanistan","27.7344555, 62.2626627","Afghanistan to Iran",,"Southern Asia",4
2025.MMP1258,2025.MMP1258,"Southern Asia","Mon, 04/28/2025 - 12:00",2025,April,1,0,,0,1,1,"Southern Asia",Violence,Afghanistan,"Tehran district, Tehran province, Iran","IOM Afghanistan","35.7218583, 51.3346954","Afghanistan to Iran",,"Southern Asia",4
2025.MMP1259,2025.MMP1259,"Southern Asia","Mon, 04/28/2025 - 12:00",2025,April,1,0,,0,1,0,"Southern Asia","Sickness / lack of access to adequate healthcare",Afghanistan,"Tehran district, Tehran province, Iran","IOM Afghanistan","35.7218583, 51.3346954","Afghanistan to Iran",,"Southern Asia",4
2025.MMP1260,2025.MMP1260,"Southern Asia","Mon, 04/28/2025 - 12:00",2025,April,1,0,,0,1,0,"Southern Asia","Accidental death",Afghanistan,"Shiraz district, Fars province, Iran","IOM Afghanistan","29.5926119, 52.5835646","Afghanistan to Iran",,"Southern Asia",4
2025.MMP1261,2025.MMP1261,"Southern Asia","Mon, 04/28/2025 - 12:00",2025,April,1,0,,0,1,1,"Southern Asia","Accidental death",Afghanistan,"Shiraz district, Fars province, Iran","IOM Afghanistan","29.5926119, 52.5835646","Afghanistan to Iran",,"Southern Asia",4
2025.MMP1262,2025.MMP1262,"Southern Asia","Mon, 04/28/2025 - 12:00",2025,April,1,0,,1,0,0,"Southern Asia","Sickness / lack of access to adequate healthcare",Afghanistan,"Shiraz County district, Fars province, Iran","IOM Afghanistan","29.6266426, 52.4465474","Afghanistan to Iran",,"Southern Asia",4
2025.MMP1263,2025.MMP1263,"Southern Asia","Tue, 04/29/2025 - 12:00",2025,April,1,0,,0,1,0,"Southern Asia","Sickness / lack of access to adequate healthcare",Afghanistan,"Qazwin district, Qazwin province, Iran","IOM Afghanistan","36.2795045, 50.0045669","Afghanistan to Iran",,"Southern Asia",4
2025.MMP1264,2025.MMP1264,"Southern Asia","Tue, 04/29/2025 - 12:00",2025,April,1,0,,1,0,0,"Southern Asia","Sickness / lack of access to adequate healthcare",Afghanistan,"Tehran district, Tehran province, Iran","IOM Afghanistan","35.7218583, 51.3346954","Afghanistan to Iran",,"Southern Asia",4
2025.MMP1265,2025.MMP1265,"Southern Asia","Tue, 04/29/2025 - 12:00",2025,April,1,0,,0,1,0,"Southern Asia","Accidental death",Afghanistan,"Shahryar district, Tehran province, Iran","IOM Afghanistan","35.6529119, 51.0599647","Afghanistan to Iran",,"Southern Asia",4
2025.MMP1266,2025.MMP1266,"Southern Asia","Tue, 04/29/2025 - 12:00",2025,April,1,0,,0,1,0,"Southern Asia","Accidental death",Afghanistan,"Bandar Abo Sher district, Khozestan province, Iran","IOM Afghanistan","31.4360149, 49.041312","Afghanistan to Iran",,"Southern Asia",4
2025.MMP1267,2025.MMP1267,"Southern Asia","Tue, 04/29/2025 - 12:00",2025,April,1,0,,0,1,0,"Southern Asia",Violence,Afghanistan,"Saravan County district, Sistan_and_Baluchestan province, Iran","IOM Afghanistan","27.7344555, 62.2626627","Afghanistan to Iran",,"Southern Asia",4
2025.MMP1268,2025.MMP1268,"Southern Asia","Tue, 04/29/2025 - 12:00",2025,April,1,0,,0,1,0,"Southern Asia",Violence,Afghanistan,"Zahedan County district, Sistan_and_Baluchestan province, Iran","IOM Afghanistan","29.8162933, 60.2110752","Afghanistan to Iran",,"Southern Asia",4
2025.MMP1269,2025.MMP1269,"Southern Asia","Wed, 04/30/2025 - 12:00",2025,April,1,0,,1,0,0,"Southern Asia","Sickness / lack of access to adequate healthcare",Afghanistan,"Tehran district, Tehran province, Iran","IOM Afghanistan","35.7218583, 51.3346954","Afghanistan to Iran",,"Southern Asia",4
2025.MMP1270,2025.MMP1270,"Southern Asia","Wed, 04/30/2025 - 12:00",2025,April,1,0,,0,1,0,"Southern Asia","Accidental death",Afghanistan,"Fardin Kanar district, Mazandaran province, Iran","IOM Afghanistan","36.3993691, 52.1912307","Afghanistan to Iran",,"Southern Asia",4
2025.MMP1271,2025.MMP1271,"Southern Asia","Wed, 04/30/2025 - 12:00",2025,April,1,0,,0,1,0,"Southern Asia","Sickness / lack of access to adequate healthcare",Afghanistan,"Shiraz County district, Fars province, Iran","IOM Afghanistan","29.6266426, 52.4465474","Afghanistan to Iran",,"Southern Asia",4
2025.MMP1272,2025.MMP1272,"Southern Asia","Thu, 05/01/2025 - 12:00",2025,May,1,0,,1,0,0,"Southern Asia","Sickness / lack of access to adequate healthcare",Afghanistan,"Tehran district, Tehran province, Iran","IOM Afghanistan","35.7218583, 51.3346954","Afghanistan to Iran",,"Southern Asia",4
2025.MMP1273,2025.MMP1273,"Southern Asia","Thu, 05/01/2025 - 12:00",2025,May,1,0,,0,1,0,"Southern Asia","Accidental death",Afghanistan,"Tehran district, Tehran province, Iran","IOM Afghanistan","35.7218583, 51.3346954","Afghanistan to Iran",,"Southern Asia",4
2025.MMP1274,2025.MMP1274,"Southern Asia","Thu, 05/01/2025 - 12:00",2025,May,1,0,,0,1,0,"Southern Asia","Sickness / lack of access to adequate healthcare",Afghanistan,"Tehran district, Tehran province, Iran","IOM Afghanistan","35.7218583, 51.3346954","Afghanistan to Iran",,"Southern Asia",4
2025.MMP1275,2025.MMP1275,"Southern Asia","Thu, 05/01/2025 - 12:00",2025,May,1,0,,0,1,0,"Southern Asia","Sickness / lack of access to adequate healthcare",Afghanistan,"Isfahan County district, Esfahan province, Iran","IOM Afghanistan","32.2515792, 52.5318604","Afghanistan to Iran",,"Southern Asia",4
2025.MMP1276,2025.MMP1276,"Southern Asia","Thu, 05/01/2025 - 12:00",2025,May,1,0,,0,1,1,"Southern Asia","Vehicle accident / death linked to hazardous transport",Afghanistan,"Isfahan County district, Esfahan province, Iran","IOM Afghanistan","32.2515792, 52.5318604","Afghanistan to Iran",,"Southern Asia",4
2025.MMP1277,2025.MMP1277,"Southern Asia","Thu, 05/01/2025 - 12:00",2025,May,1,0,,0,1,1,"Southern Asia","Sickness / lack of access to adequate healthcare",Afghanistan,"Ardestan County district, Esfahan province, Iran","IOM Afghanistan","33.4914976, 52.5318604","Afghanistan to Iran",,"Southern Asia",4
2025.MMP1278,2025.MMP1278,"Southern Asia","Thu, 05/01/2025 - 12:00",2025,May,1,0,,0,1,0,"Southern Asia",Drowning,Afghanistan,"Shiraz County district, Fars province, Iran","IOM Afghanistan","29.6266426, 52.4465474","Afghanistan to Iran",,"Southern Asia",4
2025.MMP1279,2025.MMP1279,"Southern Asia","Thu, 05/01/2025 - 12:00",2025,May,1,0,,0,1,0,"Southern Asia","Accidental death",Afghanistan,"Kazerun County district, Fars province, Iran","IOM Afghanistan","29.5580389, 51.7677972","Afghanistan to Iran",,"Southern Asia",4
2025.MMP1280,2025.MMP1280,"Southern Asia","Thu, 05/01/2025 - 12:00",2025,May,1,0,,0,1,0,"Southern Asia","Sickness / lack of access to adequate healthcare",Afghanistan,"Isfahan County district, Esfahan province, Iran","IOM Afghanistan","32.2515792, 52.5318604","Afghanistan to Iran",,"Southern Asia",4
2025.MMP1281,2025.MMP1281,"Southern Asia","Thu, 05/01/2025 - 12:00",2025,May,1,0,,0,1,0,"Southern Asia","Sickness / lack of access to adequate healthcare",Afghanistan,"Shiraz County district, Fars province, Iran","IOM Afghanistan","29.6266426, 52.4465474","Afghanistan to Iran",,"Southern Asia",4
2025.MMP1282,2025.MMP1282,"Southern Asia","Thu, 05/01/2025 - 12:00",2025,May,1,0,,0,1,0,"Southern Asia","Vehicle accident / death linked to hazardous transport",Afghanistan,"Rafsanjan County district, Kerman province, Iran","IOM Afghanistan","30.5586331, 55.9358581","Afghanistan to Iran",,"Southern Asia",4
2025.MMP1283,2025.MMP1283,"Southern Asia","Thu, 05/01/2025 - 12:00",2025,May,1,0,,0,1,1,"Southern Asia",Violence,Afghanistan,"Shiraz County district, Fars province, Iran","IOM Afghanistan","29.6266426, 52.4465474","Afghanistan to Iran",,"Southern Asia",4
2025.MMP1284,2025.MMP1284,"Southern Asia","Thu, 05/01/2025 - 12:00",2025,May,1,0,,0,1,0,"Southern Asia","Sickness / lack of access to adequate healthcare",Afghanistan,"Shiraz County district, Fars province, Iran","IOM Afghanistan","29.6266426, 52.4465474","Afghanistan to Iran",,"Southern Asia",4
2025.MMP1285,2025.MMP1285,"Southern Asia","Fri, 05/02/2025 - 12:00",2025,May,1,0,,0,1,0,"Southern Asia","Accidental death",Afghanistan,"Tehran district, Tehran province, Iran","IOM Afghanistan","35.7218583, 51.3346954","Afghanistan to Iran",,"Southern Asia",4
2025.MMP1286,2025.MMP1286,"Southern Asia","Fri, 05/02/2025 - 12:00",2025,May,1,0,,0,1,0,"Southern Asia","Accidental death",Afghanistan,"Ramsar district, Mazandaran province, Iran","IOM Afghanistan","36.9268274, 50.6430658","Afghanistan to Iran",,"Southern Asia",4
2025.MMP1287,2025.MMP1287,"Southern Asia","Fri, 05/02/2025 - 12:00",2025,May,1,0,,0,1,0,"Southern Asia","Sickness / lack of access to adequate healthcare",Afghanistan,"Tehran district, Tehran province, Iran","IOM Afghanistan","35.7218583, 51.3346954","Afghanistan to Iran",,"Southern Asia",4
2025.MMP1288,2025.MMP1288,"Southern Asia","Fri, 05/02/2025 - 12:00",2025,May,1,0,,0,1,0,"Southern Asia","Accidental death",Afghanistan,"Qom district, Qom province, Iran","IOM Afghanistan","34.6415764, 50.8746035","Afghanistan to Iran",,"Southern Asia",4
2025.MMP1289,2025.MMP1289,"Southern Asia","Fri, 05/02/2025 - 12:00",2025,May,1,0,,0,1,0,"Southern Asia","Accidental death",Afghanistan,"Tehran district, Tehran province, Iran","IOM Afghanistan","35.7218583, 51.3346954","Afghanistan to Iran",,"Southern Asia",4
2025.MMP1290,2025.MMP1290,"Southern Asia","Sat, 05/03/2025 - 12:00",2025,May,1,0,,0,1,1,"Southern Asia",Drowning,Afghanistan,"Esfahan district, Esfahan province, Iran","IOM Afghanistan","32.6538966, 51.6659656","Afghanistan to Iran",,"Southern Asia",4
2025.MMP1291,2025.MMP1291,"Southern Asia","Sat, 05/03/2025 - 12:00",2025,May,1,0,,0,1,0,"Southern Asia","Accidental death",Afghanistan,"Marzana Abad district, Mazandaran province, Iran","IOM Afghanistan","36.5810782, 52.3771436","Afghanistan to Iran",,"Southern Asia",4
2025.MMP1292,2025.MMP1292,"Southern Asia","Sun, 05/04/2025 - 12:00",2025,May,1,0,,1,0,0,"Southern Asia","Sickness / lack of access to adequate healthcare",Afghanistan,"Tehran district, Tehran province, Iran","IOM Afghanistan","35.7218583, 51.3346954","Afghanistan to Iran",,"Southern Asia",4
2025.MMP1293,2025.MMP1293,"Southern Asia","Sun, 05/04/2025 - 12:00",2025,May,1,0,,0,1,0,"Southern Asia","Accidental death",Afghanistan,"Tehran district, Tehran province, Iran","IOM Afghanistan","35.7218583, 51.3346954","Afghanistan to Iran",,"Southern Asia",4
2025.MMP1294,2025.MMP1294,"Southern Asia","Sun, 05/04/2025 - 12:00",2025,May,1,0,,0,1,0,"Southern Asia","Vehicle accident / death linked to hazardous transport",Afghanistan,"Yazd County district, Yazd province, Iran","IOM Afghanistan","31.890628, 54.5218074","Afghanistan to Iran",,"Southern Asia",4
2025.MMP1295,2025.MMP1295,"Southern Asia","Mon, 05/05/2025 - 12:00",2025,May,1,0,,0,1,0,"Southern Asia","Sickness / lack of access to adequate healthcare",Afghanistan,"Tehran district, Tehran province, Iran","IOM Afghanistan","35.7218583, 51.3346954","Afghanistan to Iran",,"Southern Asia",4
2025.MMP1296,2025.MMP1296,"Southern Asia","Mon, 05/05/2025 - 12:00",2025,May,1,0,,0,1,0,"Southern Asia","Sickness / lack of access to adequate healthcare",Afghanistan,"Esfihan district, Esfihan province, Iran","IOM Afghanistan","32.6538966, 51.6659656","Afghanistan to Iran",,"Southern Asia",4
2025.MMP1297,2025.MMP1297,"Southern Asia","Mon, 05/05/2025 - 12:00",2025,May,1,0,,0,1,0,"Southern Asia",Violence,Afghanistan,"Karaj district, Alborz province, Iran","IOM Afghanistan","35.8438581, 50.9714995","Afghanistan to Iran",,"Southern Asia",4
2025.MMP1298,2025.MMP1298,"Southern Asia","Mon, 05/05/2025 - 12:00",2025,May,1,0,,0,1,0,"Southern Asia","Accidental death",Afghanistan,"Sari district, Mazandaran province, Iran","IOM Afghanistan","36.5658729, 53.0586328","Afghanistan to Iran",,"Southern Asia",4
2025.MMP1299,2025.MMP1299,"Southern Asia","Mon, 05/05/2025 - 12:00",2025,May,1,0,,0,1,0,"Southern Asia",Violence,Afghanistan,"Isfahan County district, Esfahan province, Iran","IOM Afghanistan","32.2515792, 52.5318604","Afghanistan to Iran",,"Southern Asia",4
2025.MMP1300,2025.MMP1300,"Southern Asia","Mon, 05/05/2025 - 12:00",2025,May,1,0,,0,1,0,"Southern Asia","Vehicle accident / death linked to hazardous transport",Afghanistan,"Bandar-Abbas County district, Hormozgan province, Iran","IOM Afghanistan","27.649874, 56.382423","Afghanistan to Iran",,"Southern Asia",4
2025.MMP1301,2025.MMP1301,"Southern Asia","Mon, 05/05/2025 - 12:00",2025,May,1,0,,0,1,0,"Southern Asia","Sickness / lack of access to adequate healthcare",Afghanistan,"Kerman County district, Kerman province, Iran","IOM Afghanistan","30.5757091, 58.0071922","Afghanistan to Iran",,"Southern Asia",4
2025.MMP1302,2025.MMP1302,"Southern Asia","Tue, 05/06/2025 - 12:00",2025,May,1,0,,0,1,0,"Southern Asia","Sickness / lack of access to adequate healthcare",Afghanistan,"Kashan  district, Esfahan province, Iran","IOM Afghanistan","33.9910347, 51.4235414","Afghanistan to Iran",,"Southern Asia",4
2025.MMP1303,2025.MMP1303,"Southern Asia","Tue, 05/06/2025 - 12:00",2025,May,1,0,,0,1,0,"Southern Asia",Drowning,Afghanistan,"Qazwin district, Qazwin province, Iran","IOM Afghanistan","36.2795045, 50.0045669","Afghanistan to Iran",,"Southern Asia",4
2025.MMP1304,2025.MMP1304,"Southern Asia","Tue, 05/06/2025 - 12:00",2025,May,1,0,,1,0,0,"Southern Asia","Sickness / lack of access to adequate healthcare",Afghanistan,"Najaf Abad district, esfahan province, Iran","IOM Afghanistan","32.6372218, 51.3572517","Afghanistan to Iran",,"Southern Asia",4
2025.MMP1305,2025.MMP1305,"Southern Asia","Tue, 05/06/2025 - 12:00",2025,May,1,0,,0,1,0,"Southern Asia","Sickness / lack of access to adequate healthcare",Afghanistan,"Bandar-Abbas County district, Hormozgan province, Iran","IOM Afghanistan","27.649874, 56.382423","Afghanistan to Iran",,"Southern Asia",4
2025.MMP1306,2025.MMP1306,"Southern Asia","Tue, 05/06/2025 - 12:00",2025,May,1,0,,0,1,0,"Southern Asia",Drowning,Afghanistan,"Isfahan County district, Esfahan province, Iran","IOM Afghanistan","32.2515792, 52.5318604","Afghanistan to Iran",,"Southern Asia",4
2025.MMP1307,2025.MMP1307,"Southern Asia","Tue, 05/06/2025 - 12:00",2025,May,1,0,,0,1,0,"Southern Asia","Sickness / lack of access to adequate healthcare",Afghanistan,"Isfahan County district, Esfahan province, Iran","IOM Afghanistan","32.2515792, 52.5318604","Afghanistan to Iran",,"Southern Asia",4
2025.MMP1308,2025.MMP1308,"Southern Asia","Tue, 05/06/2025 - 12:00",2025,May,1,0,,1,0,0,"Southern Asia","Sickness / lack of access to adequate healthcare",Afghanistan,"Damghan County district, Semnan province, Iran","IOM Afghanistan","35.6262034, 54.2593118","Afghanistan to Iran",,"Southern Asia",4
2025.MMP1309,2025.MMP1309,"Southern Asia","Tue, 05/06/2025 - 12:00",2025,May,1,0,,0,1,0,"Southern Asia","Sickness / lack of access to adequate healthcare",Afghanistan,"Urmia County district, West_Azerbaijan province, Iran","IOM Afghanistan","37.6067393, 44.8425388","Iran to Türkiye",,"Southern Asia",4
2025.MMP1310,2025.MMP1310,"Southern Asia","Wed, 05/07/2025 - 12:00",2025,May,1,0,,0,1,0,"Southern Asia","Accidental death",Afghanistan,"Tehran district, Tehran province, Iran","IOM Afghanistan","35.7218583, 51.3346954","Afghanistan to Iran",,"Southern Asia",4
2025.MMP1311,2025.MMP1311,"Southern Asia","Wed, 05/07/2025 - 12:00",2025,May,1,0,,0,1,0,"Southern Asia","Accidental death",Afghanistan,"Esfahan district, Esfahan province, Iran","IOM Afghanistan","32.6538966, 51.6659656","Afghanistan to Iran",,"Southern Asia",4
2025.MMP1312,2025.MMP1312,"Southern Asia","Wed, 05/07/2025 - 12:00",2025,May,1,0,,0,1,0,"Southern Asia","Mixed or unknown",Afghanistan,"rey district, Tehran province, Iran","IOM Afghanistan","35.3168173, 51.095836","Afghanistan to Iran",,"Southern Asia",4
2025.MMP1313,2025.MMP1313,"Southern Asia","Wed, 05/07/2025 - 12:00",2025,May,1,0,,0,1,0,"Southern Asia","Accidental death",Afghanistan,"Hassan Abad district, Tehran province, Iran","IOM Afghanistan","35.6860175, 51.4114313","Afghanistan to Iran",,"Southern Asia",4
2025.MMP1314,2025.MMP1314,"Southern Asia","Wed, 05/07/2025 - 12:00",2025,May,1,0,,0,1,0,"Southern Asia","Vehicle accident / death linked to hazardous transport",Afghanistan,"Yazd County district, Yazd province, Iran","IOM Afghanistan","31.890628, 54.5218074","Afghanistan to Iran",,"Southern Asia",4
2025.MMP1315,2025.MMP1315,"Southern Asia","Thu, 05/08/2025 - 12:00",2025,May,1,0,,0,1,0,"Southern Asia","Sickness / lack of access to adequate healthcare",Afghanistan,"Tehran district, Tehran province, Iran","IOM Afghanistan","35.7218583, 51.3346954","Afghanistan to Iran",,"Southern Asia",4
2025.MMP1316,2025.MMP1316,"Southern Asia","Thu, 05/08/2025 - 12:00",2025,May,1,0,,0,1,0,"Southern Asia","Accidental death",Afghanistan,"Qom district, Qom province, Iran","IOM Afghanistan","34.6415764, 50.8746035","Afghanistan to Iran",,"Southern Asia",4
2025.MMP1317,2025.MMP1317,"Southern Asia","Thu, 05/08/2025 - 12:00",2025,May,1,0,,0,1,0,"Southern Asia","Accidental death",Afghanistan,"tehran district, Tehran province, Iran","IOM Afghanistan","35.7218583, 51.3346954","Afghanistan to Iran",,"Southern Asia",4
2025.MMP1318,2025.MMP1318,"Southern Asia","Thu, 05/08/2025 - 12:00",2025,May,1,0,,0,1,0,"Southern Asia","Accidental death",Afghanistan,"tehran district, Tehran province, Iran","IOM Afghanistan","35.7218583, 51.3346954","Afghanistan to Iran",,"Southern Asia",4
2025.MMP1319,2025.MMP1319,"Southern Asia","Thu, 05/08/2025 - 12:00",2025,May,1,0,,0,1,0,"Southern Asia","Accidental death",Afghanistan,"tehran district, Tehran province, Iran","IOM Afghanistan","35.7218583, 51.3346954","Afghanistan to Iran",,"Southern Asia",4
2025.MMP1320,2025.MMP1320,"Southern Asia","Thu, 05/08/2025 - 12:00",2025,May,1,0,,0,1,0,"Southern Asia",Drowning,Afghanistan,"tehran district, Tehran province, Iran","IOM Afghanistan","35.7218583, 51.3346954","Afghanistan to Iran",,"Southern Asia",4
2025.MMP1321,2025.MMP1321,"Southern Asia","Sat, 05/10/2025 - 12:00",2025,May,1,0,,0,1,0,"Southern Asia","Vehicle accident / death linked to hazardous transport",Afghanistan,"Shiraz County district, Fars province, Iran","IOM Afghanistan","29.6266426, 52.4465474","Afghanistan to Iran",,"Southern Asia",4
2025.MMP1322,2025.MMP1322,"Southern Asia","Sun, 05/11/2025 - 12:00",2025,May,1,0,,0,1,0,"Southern Asia",Violence,Afghanistan,"Bushehr County district, Bushehr province, Iran","IOM Afghanistan","29.0892224, 50.9706116","Afghanistan to Iran",,"Southern Asia",4
2025.MMP1323,2025.MMP1323,"Southern Asia","Mon, 05/12/2025 - 12:00",2025,May,1,0,,0,1,0,"Southern Asia","Sickness / lack of access to adequate healthcare",Afghanistan,"tehran district, Tehran province, Iran","IOM Afghanistan","35.7218583, 51.3346954","Afghanistan to Iran",,"Southern Asia",4
2025.MMP1324,2025.MMP1324,"Southern Asia","Tue, 05/13/2025 - 12:00",2025,May,1,0,,0,1,0,"Southern Asia","Sickness / lack of access to adequate healthcare",Afghanistan,"tehran district, Tehran province, Iran","IOM Afghanistan","35.7218583, 51.3346954","Afghanistan to Iran",,"Southern Asia",4
2025.MMP1325,2025.MMP1325,"Southern Asia","Tue, 05/13/2025 - 12:00",2025,May,1,0,,0,1,0,"Southern Asia","Accidental death",Afghanistan,"Qazwin district, Qazwin province, Iran","IOM Afghanistan","36.2795045, 50.0045669","Afghanistan to Iran",,"Southern Asia",4
2025.MMP1326,2025.MMP1326,"Southern Asia","Tue, 05/13/2025 - 12:00",2025,May,1,0,,0,1,0,"Southern Asia","Sickness / lack of access to adequate healthcare",Afghanistan,"Kerman County district, Kerman province, Iran","IOM Afghanistan","30.5757091, 58.0071922","Afghanistan to Iran",,"Southern Asia",4
2025.MMP1327,2025.MMP1327,"Southern Asia","Wed, 05/14/2025 - 12:00",2025,May,1,0,,0,1,0,"Southern Asia","Accidental death",Afghanistan,"Tehran district, Tehran province, Iran","IOM Afghanistan","35.7218583, 51.3346954","Afghanistan to Iran",,"Southern Asia",4
2025.MMP1328,2025.MMP1328,"Southern Asia","Wed, 05/14/2025 - 12:00",2025,May,1,0,,0,1,0,"Southern Asia","Sickness / lack of access to adequate healthcare",Afghanistan,"Tehran district, Tehran province, Iran","IOM Afghanistan","35.7218583, 51.3346954","Afghanistan to Iran",,"Southern Asia",4
2025.MMP1329,2025.MMP1329,"Southern Asia","Wed, 05/14/2025 - 12:00",2025,May,1,0,,0,1,0,"Southern Asia",Violence,Afghanistan,"Tehran district, Tehran province, Iran","IOM Afghanistan","35.7218583, 51.3346954","Afghanistan to Iran",,"Southern Asia",4
2025.MMP1330,2025.MMP1330,"Southern Asia","Wed, 05/14/2025 - 12:00",2025,May,1,0,,0,1,0,"Southern Asia","Mixed or unknown",Afghanistan,"Isfahan County district, Esfahan province, Iran","IOM Afghanistan","32.2515792, 52.5318604","Afghanistan to Iran",,"Southern Asia",4
2025.MMP1331,2025.MMP1331,"Southern Asia","Wed, 05/14/2025 - 12:00",2025,May,1,0,,0,1,0,"Southern Asia","Sickness / lack of access to adequate healthcare",Afghanistan,"Isfahan County district, Esfahan province, Iran","IOM Afghanistan","32.2515792, 52.5318604","Afghanistan to Iran",,"Southern Asia",4
2025.MMP1332,2025.MMP1332,"Southern Asia","Thu, 05/15/2025 - 12:00",2025,May,1,0,,0,1,0,"Southern Asia","Sickness / lack of access to adequate healthcare",Afghanistan,"Qazwin district, Qazwin province, Iran","IOM Afghanistan","36.2795045, 50.0045669","Afghanistan to Iran",,"Southern Asia",4
2025.MMP1333,2025.MMP1333,"Southern Asia","Thu, 05/15/2025 - 12:00",2025,May,1,0,,1,0,0,"Southern Asia","Sickness / lack of access to adequate healthcare",Afghanistan,"Tehran district, Tehran province, Iran","IOM Afghanistan","35.7218583, 51.3346954","Afghanistan to Iran",,"Southern Asia",4
2025.MMP1334,2025.MMP1334,"Southern Asia","Thu, 05/15/2025 - 12:00",2025,May,1,0,,1,0,0,"Southern Asia","Sickness / lack of access to adequate healthcare",Afghanistan,"Tehran district, Tehran province, Iran","IOM Afghanistan","35.7218583, 51.3346954","Afghanistan to Iran",,"Southern Asia",4
2025.MMP1335,2025.MMP1335,"Southern Asia","Thu, 05/15/2025 - 12:00",2025,May,1,0,,0,1,0,"Southern Asia",Violence,Afghanistan,"Tehran district, Tehran province, Iran","IOM Afghanistan","35.7218583, 51.3346954","Afghanistan to Iran",,"Southern Asia",4
2025.MMP1336,2025.MMP1336,"Southern Asia","Thu, 05/15/2025 - 12:00",2025,May,1,0,,0,1,0,"Southern Asia",Drowning,Afghanistan,"Tehran district, Tehran province, Iran","IOM Afghanistan","35.7218583, 51.3346954","Afghanistan to Iran",,"Southern Asia",4
2025.MMP1337,2025.MMP1337,"Southern Asia","Thu, 05/15/2025 - 12:00",2025,May,1,0,,0,1,0,"Southern Asia",Violence,Afghanistan,"Urmia County district, West_Azerbaijan province, Iran","IOM Afghanistan","37.6067393, 44.8425388","Iran to Türkiye",,"Southern Asia",4
2025.MMP1338,2025.MMP1338,"Southern Asia","Fri, 05/16/2025 - 12:00",2025,May,1,0,,0,1,0,"Southern Asia","Accidental death",Afghanistan,"Tehran district, Tehran province, Iran","IOM Afghanistan","35.7218583, 51.3346954","Afghanistan to Iran",,"Southern Asia",4
2025.MMP1339,2025.MMP1339,"Southern Asia","Fri, 05/16/2025 - 12:00",2025,May,1,0,,0,1,0,"Southern Asia","Sickness / lack of access to adequate healthcare",Afghanistan,"Tehran district, Tehran province, Iran","IOM Afghanistan","35.7218583, 51.3346954","Afghanistan to Iran",,"Southern Asia",4
2025.MMP1340,2025.MMP1340,"Southern Asia","Fri, 05/16/2025 - 12:00",2025,May,1,0,,0,1,0,"Southern Asia",Violence,Afghanistan,"Tehran district, Tehran province, Iran","IOM Afghanistan","35.7218583, 51.3346954","Afghanistan to Iran",,"Southern Asia",4
2025.MMP1341,2025.MMP1341,"Southern Asia","Fri, 05/16/2025 - 12:00",2025,May,1,0,,0,1,0,"Southern Asia",Drowning,Afghanistan,"Tehran district, Tehran province, Iran","IOM Afghanistan","35.7218583, 51.3346954","Afghanistan to Iran",,"Southern Asia",4
2025.MMP1342,2025.MMP1342,"Southern Asia","Fri, 05/16/2025 - 12:00",2025,May,1,0,,0,1,0,"Southern Asia","Vehicle accident / death linked to hazardous transport",Afghanistan,"Tehran district, Tehran province, Iran","IOM Afghanistan","35.7218583, 51.3346954","Afghanistan to Iran",,"Southern Asia",4
2025.MMP1343,2025.MMP1343,"Southern Asia","Fri, 05/16/2025 - 12:00",2025,May,1,0,,0,1,0,"Southern Asia","Sickness / lack of access to adequate healthcare",Afghanistan,"Shiraz County district, Fars province, Iran","IOM Afghanistan","29.6266426, 52.4465474","Afghanistan to Iran",,"Southern Asia",4
2025.MMP1344,2025.MMP1344,"Southern Asia","Fri, 05/16/2025 - 12:00",2025,May,1,0,,0,1,0,"Southern Asia","Vehicle accident / death linked to hazardous transport",Afghanistan,"Bushehr County district, Bushehr province, Iran","IOM Afghanistan","29.0892224, 50.9706116","Afghanistan to Iran",,"Southern Asia",4
2025.MMP1345,2025.MMP1345,"Southern Asia","Sat, 05/17/2025 - 12:00",2025,May,1,0,,0,1,1,"Southern Asia",Violence,Afghanistan,"Mashad district, Razawi Khurasan province, Iran","IOM Afghanistan","36.2972006, 59.60669","Afghanistan to Iran",,"Southern Asia",4
2025.MMP1346,2025.MMP1346,"Southern Asia","Sat, 05/17/2025 - 12:00",2025,May,1,0,,0,1,1,"Southern Asia","Harsh environmental conditions / lack of adequate shelter, food, water",Afghanistan,"Saravan County district, Sistan_and_Baluchestan province, Iran","IOM Afghanistan","27.7344555, 62.2626627","Afghanistan to Iran",,"Southern Asia",4
2025.MMP1347,2025.MMP1347,"Southern Asia","Sat, 05/17/2025 - 12:00",2025,May,1,0,,0,1,0,"Southern Asia",Violence,Afghanistan,"Zahedan County district, Sistan_and_Baluchestan province, Iran","IOM Afghanistan","29.8162933, 60.2110752","Afghanistan to Iran",,"Southern Asia",4
2025.MMP1348,2025.MMP1348,"Southern Asia","Sat, 05/17/2025 - 12:00",2025,May,1,0,,0,1,0,"Southern Asia","Sickness / lack of access to adequate healthcare",Afghanistan,"Shiraz County district, Fars province, Iran","IOM Afghanistan","29.6266426, 52.4465474","Afghanistan to Iran",,"Southern Asia",4
2025.MMP1349,2025.MMP1349,"Southern Asia","Sun, 05/18/2025 - 12:00",2025,May,1,0,,0,1,0,"Southern Asia","Accidental death",Afghanistan,"Saravan County district, Sistan_and_Baluchestan province, Iran","IOM Afghanistan","27.7344555, 62.2626627","Afghanistan to Iran",,"Southern Asia",4
2025.MMP1350,2025.MMP1350,"Southern Asia","Sun, 05/18/2025 - 12:00",2025,May,1,0,,0,1,1,"Southern Asia",Violence,Afghanistan,"Saravan County district, Sistan_and_Baluchestan province, Iran","IOM Afghanistan","27.7344555, 62.2626627","Afghanistan to Iran",,"Southern Asia",4
2025.MMP1351,2025.MMP1351,"Southern Asia","Mon, 05/19/2025 - 12:00",2025,May,1,0,,0,1,0,"Southern Asia","Accidental death",Afghanistan,"Tehran district, Tehran province, Iran","IOM Afghanistan","35.7218583, 51.3346954","Afghanistan to Iran",,"Southern Asia",4
2025.MMP1352,2025.MMP1352,"Southern Asia","Mon, 05/19/2025 - 12:00",2025,May,1,0,,0,1,1,"Southern Asia","Harsh environmental conditions / lack of adequate shelter, food, water",Afghanistan,"Zahedan County district, Sistan_and_Baluchestan province, Iran","IOM Afghanistan","29.8162933, 60.2110752","Afghanistan to Iran",,"Southern Asia",4
2025.MMP1353,2025.MMP1353,"Southern Asia","Tue, 05/20/2025 - 12:00",2025,May,1,0,,1,0,0,"Southern Asia","Sickness / lack of access to adequate healthcare",Afghanistan,"Tehran district, Tehran province, Iran","IOM Afghanistan","35.7218583, 51.3346954","Afghanistan to Iran",,"Southern Asia",4
2025.MMP1354,2025.MMP1354,"Southern Asia","Tue, 05/20/2025 - 12:00",2025,May,1,0,,0,1,0,"Southern Asia","Sickness / lack of access to adequate healthcare",Afghanistan,"Tehran district, Tehran province, Iran","IOM Afghanistan","35.7218583, 51.3346954","Afghanistan to Iran",,"Southern Asia",4
2025.MMP1355,2025.MMP1355,"Southern Asia","Tue, 05/20/2025 - 12:00",2025,May,1,0,,1,0,0,"Southern Asia","Sickness / lack of access to adequate healthcare",Afghanistan,"Tehran district, Tehran province, Iran","IOM Afghanistan","35.7218583, 51.3346954","Afghanistan to Iran",,"Southern Asia",4
2025.MMP1356,2025.MMP1356,"Southern Asia","Tue, 05/20/2025 - 12:00",2025,May,1,0,,0,1,0,"Southern Asia","Sickness / lack of access to adequate healthcare",Afghanistan,"Tehran district, Tehran province, Iran","IOM Afghanistan","35.7218583, 51.3346954","Afghanistan to Iran",,"Southern Asia",4
2025.MMP1357,2025.MMP1357,"Southern Asia","Tue, 05/20/2025 - 12:00",2025,May,1,0,,0,1,0,"Southern Asia","Vehicle accident / death linked to hazardous transport",Afghanistan,"Khash County district, Sistan_and_Baluchestan province, Iran","IOM Afghanistan","28.2200233, 61.2114862","Afghanistan to Iran",,"Southern Asia",4
2025.MMP1358,2025.MMP1358,"Southern Asia","Tue, 05/20/2025 - 12:00",2025,May,1,0,,0,1,0,"Southern Asia","Vehicle accident / death linked to hazardous transport",Afghanistan,"Yazd County district, Yazd province, Iran","IOM Afghanistan","31.890628, 54.5218074","Afghanistan to Iran",,"Southern Asia",4
2025.MMP1359,2025.MMP1359,"Southern Asia","Tue, 05/20/2025 - 12:00",2025,May,1,0,,0,1,0,"Southern Asia","Accidental death",Afghanistan,"Isfahan County district, Esfahan province, Iran","IOM Afghanistan","32.2515792, 52.5318604","Afghanistan to Iran",,"Southern Asia",4
2025.MMP1360,2025.MMP1360,"Southern Asia","Tue, 05/20/2025 - 12:00",2025,May,1,0,,0,1,0,"Southern Asia","Accidental death",Afghanistan,"Isfahan County district, Esfahan province, Iran","IOM Afghanistan","32.2515792, 52.5318604","Afghanistan to Iran",,"Southern Asia",4
2025.MMP1361,2025.MMP1361,"Southern Asia","Tue, 05/20/2025 - 12:00",2025,May,1,0,,0,1,0,"Southern Asia",Violence,Afghanistan,"Bushehr County district, Bushehr province, Iran","IOM Afghanistan","29.0892224, 50.9706116","Afghanistan to Iran",,"Southern Asia",4
2025.MMP1362,2025.MMP1362,"Southern Asia","Tue, 05/20/2025 - 12:00",2025,May,1,0,,0,1,0,"Southern Asia",Violence,Afghanistan,"Shiraz County district, Fars province, Iran","IOM Afghanistan","29.6266426, 52.4465474","Afghanistan to Iran",,"Southern Asia",4
2025.MMP1363,2025.MMP1363,"Southern Asia","Wed, 05/21/2025 - 12:00",2025,May,1,0,,1,0,0,"Southern Asia","Sickness / lack of access to adequate healthcare",Afghanistan,"Tehran district, Tehran province, Iran","IOM Afghanistan","35.7218583, 51.3346954","Afghanistan to Iran",,"Southern Asia",4
2025.MMP1364,2025.MMP1364,"Southern Asia","Wed, 05/21/2025 - 12:00",2025,May,1,0,,0,1,0,"Southern Asia","Accidental death",Afghanistan,"Tehran district, Tehran province, Iran","IOM Afghanistan","35.7218583, 51.3346954","Afghanistan to Iran",,"Southern Asia",4
2025.MMP1365,2025.MMP1365,"Southern Asia","Wed, 05/21/2025 - 12:00",2025,May,1,0,,0,1,0,"Southern Asia","Sickness / lack of access to adequate healthcare",Afghanistan,"Isfahan district, Esfahan province, Iran","IOM Afghanistan","32.6538966, 51.6659656","Afghanistan to Iran",,"Southern Asia",4
2025.MMP1366,2025.MMP1366,"Southern Asia","Wed, 05/21/2025 - 12:00",2025,May,1,0,,0,1,0,"Southern Asia","Vehicle accident / death linked to hazardous transport",Afghanistan,"Yazd County district, Yazd province, Iran","IOM Afghanistan","31.890628, 54.5218074","Afghanistan to Iran",,"Southern Asia",4
2025.MMP1367,2025.MMP1367,"Southern Asia","Wed, 05/21/2025 - 12:00",2025,May,1,0,,0,1,0,"Southern Asia","Vehicle accident / death linked to hazardous transport",Afghanistan,"Sirjan County district, Kerman province, Iran","IOM Afghanistan","29.4218443, 55.6689636","Afghanistan to Iran",,"Southern Asia",4
2025.MMP1368,2025.MMP1368,"Southern Asia","Wed, 05/21/2025 - 12:00",2025,May,1,0,,1,0,0,"Southern Asia","Sickness / lack of access to adequate healthcare",Afghanistan,"Isfahan County district, Esfahan province, Iran","IOM Afghanistan","32.2515792, 52.5318604","Afghanistan to Iran",,"Southern Asia",4
2025.MMP1369,2025.MMP1369,"Southern Asia","Wed, 05/21/2025 - 12:00",2025,May,1,0,,0,1,0,"Southern Asia","Vehicle accident / death linked to hazardous transport",Afghanistan,"Bandar-Abbas County district, Hormozgan province, Iran","IOM Afghanistan","27.649874, 56.382423","Afghanistan to Iran",,"Southern Asia",4
2025.MMP1370,2025.MMP1370,"Southern Asia","Wed, 05/21/2025 - 12:00",2025,May,1,0,,0,1,0,"Southern Asia",Violence,Afghanistan,"Chaldoran County district, West_Azerbaijan province, Iran","IOM Afghanistan","39.1245115, 44.3479762","Iran to Türkiye",,"Southern Asia",4
2025.MMP1371,2025.MMP1371,"Southern Asia","Wed, 05/21/2025 - 12:00",2025,May,1,0,,0,1,0,"Southern Asia",Violence,Afghanistan,"Chaldoran County district, West_Azerbaijan province, Iran","IOM Afghanistan","39.1245115, 44.3479762","Iran to Türkiye",,"Southern Asia",4
2025.MMP1372,2025.MMP1372,"Southern Asia","Thu, 05/22/2025 - 12:00",2025,May,1,0,,0,1,0,"Southern Asia","Vehicle accident / death linked to hazardous transport",Afghanistan,"Tehran district, Tehran province, Iran","IOM Afghanistan","35.7218583, 51.3346954","Afghanistan to Iran",,"Southern Asia",4
2025.MMP1373,2025.MMP1373,"Southern Asia","Thu, 05/22/2025 - 12:00",2025,May,1,0,,0,1,0,"Southern Asia","Accidental death",Afghanistan,"Bandar-Abbas County district, Hormozgan province, Iran","IOM Afghanistan","27.649874, 56.382423","Afghanistan to Iran",,"Southern Asia",4
2025.MMP1374,2025.MMP1374,"Southern Asia","Thu, 05/22/2025 - 12:00",2025,May,1,0,,1,0,0,"Southern Asia","Sickness / lack of access to adequate healthcare",Afghanistan,"Shiraz County district, Fars province, Iran","IOM Afghanistan","29.6266426, 52.4465474","Afghanistan to Iran",,"Southern Asia",4
2025.MMP1375,2025.MMP1375,"Southern Asia","Fri, 05/23/2025 - 12:00",2025,May,1,0,,0,1,0,"Southern Asia","Sickness / lack of access to adequate healthcare",Afghanistan,"Tehran district, Tehran province, Iran","IOM Afghanistan","35.7218583, 51.3346954","Afghanistan to Iran",,"Southern Asia",4
2025.MMP1376,2025.MMP1376,"Southern Asia","Fri, 05/23/2025 - 12:00",2025,May,1,0,,0,1,0,"Southern Asia",Violence,Afghanistan,"Saravan County district, Sistan_and_Baluchestan province, Iran","IOM Afghanistan","27.7344555, 62.2626627","Afghanistan to Iran",,"Southern Asia",4
2025.MMP1377,2025.MMP1377,"Southern Asia","Sat, 05/24/2025 - 12:00",2025,May,1,0,,0,1,0,"Southern Asia","Sickness / lack of access to adequate healthcare",Afghanistan,"Karaj district, Alborz province, Iran","IOM Afghanistan","35.8438581, 50.9714995","Afghanistan to Iran",,"Southern Asia",4
2025.MMP1378,2025.MMP1378,"Southern Asia","Sat, 05/24/2025 - 12:00",2025,May,1,0,,0,1,1,"Southern Asia","Accidental death",Afghanistan,"Shahryar district, Tehran province, Iran","IOM Afghanistan","35.6529119, 51.0599647","Afghanistan to Iran",,"Southern Asia",4
2025.MMP1379,2025.MMP1379,"Southern Asia","Sat, 05/24/2025 - 12:00",2025,May,1,0,,0,1,0,"Southern Asia","Sickness / lack of access to adequate healthcare",Afghanistan,"Tehran district, Tehran province, Iran","IOM Afghanistan","35.7218583, 51.3346954","Afghanistan to Iran",,"Southern Asia",4
2025.MMP1380,2025.MMP1380,"Southern Asia","Sat, 05/24/2025 - 12:00",2025,May,1,0,,1,0,0,"Southern Asia","Sickness / lack of access to adequate healthcare",Afghanistan,"Shiraz County district, Fars province, Iran","IOM Afghanistan","29.6266426, 52.4465474","Afghanistan to Iran",,"Southern Asia",4
2025.MMP1381,2025.MMP1381,"Southern Asia","Sat, 05/24/2025 - 12:00",2025,May,1,0,,0,1,0,"Southern Asia","Sickness / lack of access to adequate healthcare",Afghanistan,"Shiraz County district, Fars province, Iran","IOM Afghanistan","29.6266426, 52.4465474","Afghanistan to Iran",,"Southern Asia",4
2025.MMP1382,2025.MMP1382,"Southern Asia","Sun, 05/25/2025 - 12:00",2025,May,1,0,,0,1,0,"Southern Asia","Accidental death",Afghanistan,"Tehran district, Tehran province, Iran","IOM Afghanistan","35.7218583, 51.3346954","Afghanistan to Iran",,"Southern Asia",4
2025.MMP1383,2025.MMP1383,"Southern Asia","Sun, 05/25/2025 - 12:00",2025,May,1,0,,0,1,0,"Southern Asia","Vehicle accident / death linked to hazardous transport",Afghanistan,"Bandar-Abbas County district, Hormozgan province, Iran","IOM Afghanistan","27.649874, 56.382423","Afghanistan to Iran",,"Southern Asia",4
2025.MMP1384,2025.MMP1384,"Southern Asia","Mon, 05/26/2025 - 12:00",2025,May,1,0,,1,0,0,"Southern Asia","Sickness / lack of access to adequate healthcare",Afghanistan,"Shahryar district, Tehran province, Iran","IOM Afghanistan","35.6529119, 51.0599647","Afghanistan to Iran",,"Southern Asia",4
2025.MMP1385,2025.MMP1385,"Southern Asia","Mon, 05/26/2025 - 12:00",2025,May,1,0,,0,1,0,"Southern Asia","Sickness / lack of access to adequate healthcare",Afghanistan,"Nazi Abad district, Tehran province, Iran","IOM Afghanistan","35.6452237, 51.4020909","Afghanistan to Iran",,"Southern Asia",4
2025.MMP1386,2025.MMP1386,"Southern Asia","Mon, 05/26/2025 - 12:00",2025,May,1,0,,0,1,0,"Southern Asia","Sickness / lack of access to adequate healthcare",Afghanistan,"Atabak district, Tehran province, Iran","IOM Afghanistan","35.6500407, 51.4611511","Afghanistan to Iran",,"Southern Asia",4
2025.MMP1387,2025.MMP1387,"Southern Asia","Mon, 05/26/2025 - 12:00",2025,May,1,0,,0,1,0,"Southern Asia","Accidental death",Afghanistan,"Bandar-Abbas County district, Hormozgan province, Iran","IOM Afghanistan","27.649874, 56.382423","Afghanistan to Iran",,"Southern Asia",4
2025.MMP1388,2025.MMP1388,"Southern Asia","Tue, 05/27/2025 - 12:00",2025,May,1,0,,0,1,0,"Southern Asia","Accidental death",Afghanistan,"Varamin district, Tehran province, Iran","IOM Afghanistan","35.3252407, 51.6471987","Afghanistan to Iran",,"Southern Asia",4
2025.MMP1389,2025.MMP1389,"Southern Asia","Tue, 05/27/2025 - 12:00",2025,May,1,0,,0,1,0,"Southern Asia",Drowning,Afghanistan,"Shiraz County district, Fars province, Iran","IOM Afghanistan","29.6266426, 52.4465474","Afghanistan to Iran",,"Southern Asia",4
2025.MMP1390,2025.MMP1390,"Southern Asia","Wed, 05/28/2025 - 12:00",2025,May,1,0,,0,1,0,"Southern Asia","Sickness / lack of access to adequate healthcare",Afghanistan,"Shar Rai district, Tehran province, Iran","IOM Afghanistan","35.7520163, 51.3918021","Afghanistan to Iran",,"Southern Asia",4
2025.MMP1391,2025.MMP1391,"Southern Asia","Wed, 05/28/2025 - 12:00",2025,May,1,0,,0,1,0,"Southern Asia","Accidental death",Afghanistan,"Karaj district, Alborz province, Iran","IOM Afghanistan","35.8438581, 50.9714995","Afghanistan to Iran",,"Southern Asia",4
2025.MMP1392,2025.MMP1392,"Southern Asia","Wed, 05/28/2025 - 12:00",2025,May,1,0,,0,1,0,"Southern Asia","Mixed or unknown",Afghanistan,"Mashad district, Razawi Khurasan province, Iran","IOM Afghanistan","36.2972006, 59.60669","Afghanistan to Iran",,"Southern Asia",4
2025.MMP1393,2025.MMP1393,"Southern Asia","Wed, 05/28/2025 - 12:00",2025,May,1,0,,0,1,0,"Southern Asia","Accidental death",Afghanistan,"Bahar County district, Hamadan province, Iran","IOM Afghanistan","34.9469653, 48.3190276","Afghanistan to Iran",,"Southern Asia",4
2025.MMP1394,2025.MMP1394,"Southern Asia","Wed, 05/28/2025 - 12:00",2025,May,1,0,,0,1,0,"Southern Asia","Sickness / lack of access to adequate healthcare",Afghanistan,"Yazd County district, Yazd province, Iran","IOM Afghanistan","31.890628, 54.5218074","Afghanistan to Iran",,"Southern Asia",4
2025.MMP1395,2025.MMP1395,"Southern Asia","Wed, 05/28/2025 - 12:00",2025,May,1,0,,0,1,0,"Southern Asia","Vehicle accident / death linked to hazardous transport",Afghanistan,"Bushehr County district, Bushehr province, Iran","IOM Afghanistan","29.0892224, 50.9706116","Afghanistan to Iran",,"Southern Asia",4
2025.MMP1396,2025.MMP1396,"Southern Asia","Thu, 05/29/2025 - 12:00",2025,May,1,0,,0,1,0,"Southern Asia","Accidental death",Afghanistan,"Tehran district, Tehran province, Iran","IOM Afghanistan","35.7218583, 51.3346954","Afghanistan to Iran",,"Southern Asia",4
2025.MMP1397,2025.MMP1397,"Southern Asia","Thu, 05/29/2025 - 12:00",2025,May,1,0,,0,1,0,"Southern Asia","Accidental death",Afghanistan,"Qom district, Qom province, Iran","IOM Afghanistan","34.6415764, 50.8746035","Afghanistan to Iran",,"Southern Asia",4
2025.MMP1398,2025.MMP1398,"Southern Asia","Thu, 05/29/2025 - 12:00",2025,May,1,0,,1,0,0,"Southern Asia","Sickness / lack of access to adequate healthcare",Afghanistan,"Kerman County district, Kerman province, Iran","IOM Afghanistan","30.5757091, 58.0071922","Afghanistan to Iran",,"Southern Asia",4
2025.MMP1399,2025.MMP1399,"Southern Asia","Thu, 05/29/2025 - 12:00",2025,May,1,0,,0,1,0,"Southern Asia","Vehicle accident / death linked to hazardous transport",Afghanistan,"Isfahan County district, Esfahan province, Iran","IOM Afghanistan","32.2515792, 52.5318604","Afghanistan to Iran",,"Southern Asia",4
2025.MMP1400,2025.MMP1400,"Southern Asia","Fri, 05/30/2025 - 12:00",2025,May,1,0,,0,1,0,"Southern Asia","Sickness / lack of access to adequate healthcare",Afghanistan,"Tehran district, Tehran province, Iran","IOM Afghanistan","35.7218583, 51.3346954","Afghanistan to Iran",,"Southern Asia",4
2025.MMP1401,2025.MMP1401,"Southern Asia","Sat, 05/31/2025 - 12:00",2025,May,1,0,,0,1,0,"Southern Asia","Sickness / lack of access to adequate healthcare",Afghanistan,"Shiraz County district, Fars province, Iran","IOM Afghanistan","29.6266426, 52.4465474","Afghanistan to Iran",,"Southern Asia",4
2025.MMP1402,2025.MMP1402,"Southern Asia","Sun, 06/01/2025 - 12:00",2025,June,1,0,,0,1,0,"Southern Asia","Mixed or unknown",Afghanistan,"Tehran district, Tehran province, Iran","IOM Afghanistan","35.7218583, 51.3346954","Afghanistan to Iran",,"Southern Asia",4
2025.MMP1403,2025.MMP1403,"Southern Asia","Sun, 06/01/2025 - 12:00",2025,June,1,0,,0,1,0,"Southern Asia","Accidental death",Afghanistan,"Tehran district, Tehran province, Iran","IOM Afghanistan","35.7218583, 51.3346954","Afghanistan to Iran",,"Southern Asia",4
2025.MMP1404,2025.MMP1404,"Southern Asia","Sun, 06/01/2025 - 12:00",2025,June,1,0,,0,1,0,"Southern Asia","Sickness / lack of access to adequate healthcare",Afghanistan,"Tehran district, Tehran province, Iran","IOM Afghanistan","35.7218583, 51.3346954","Afghanistan to Iran",,"Southern Asia",4
2025.MMP1405,2025.MMP1405,"Southern Asia","Sun, 06/01/2025 - 12:00",2025,June,1,0,,0,1,0,"Southern Asia","Sickness / lack of access to adequate healthcare",Afghanistan,"Karaj district, Alborz province, Iran","IOM Afghanistan","35.8438581, 50.9714995","Afghanistan to Iran",,"Southern Asia",4
2025.MMP1406,2025.MMP1406,"Southern Asia","Sun, 06/01/2025 - 12:00",2025,June,1,0,,0,1,0,"Southern Asia","Sickness / lack of access to adequate healthcare",Afghanistan,"Tehran district, Tehran province, Iran","IOM Afghanistan","35.7218583, 51.3346954","Afghanistan to Iran",,"Southern Asia",4
2025.MMP1407,2025.MMP1407,"Southern Asia","Mon, 06/02/2025 - 12:00",2025,June,1,0,,1,0,0,"Southern Asia","Sickness / lack of access to adequate healthcare",Afghanistan,"Tehran district, Tehran province, Iran","IOM Afghanistan","35.7218583, 51.3346954","Afghanistan to Iran",,"Southern Asia",4
2025.MMP1408,2025.MMP1408,"Southern Asia","Mon, 06/02/2025 - 12:00",2025,June,1,0,,0,1,0,"Southern Asia",Violence,Afghanistan,"chardonga district, Mazandaran province, Iran","IOM Afghanistan","36.3993691, 52.1912307","Afghanistan to Iran",,"Southern Asia",4
2025.MMP1409,2025.MMP1409,"Southern Asia","Mon, 06/02/2025 - 12:00",2025,June,1,0,,0,1,0,"Southern Asia","Sickness / lack of access to adequate healthcare",Afghanistan,"Tehran district, Tehran province, Iran","IOM Afghanistan","35.7218583, 51.3346954","Afghanistan to Iran",,"Southern Asia",4
2025.MMP1410,2025.MMP1410,"Southern Asia","Mon, 06/02/2025 - 12:00",2025,June,1,0,,1,0,0,"Southern Asia","Sickness / lack of access to adequate healthcare",Afghanistan,"Kerman County district, Kerman province, Iran","IOM Afghanistan","30.5757091, 58.0071922","Afghanistan to Iran",,"Southern Asia",4
2025.MMP1411,2025.MMP1411,"Southern Asia","Tue, 06/03/2025 - 12:00",2025,June,1,0,,0,1,0,"Southern Asia","Accidental death",Afghanistan,"Tehran district, Tehran province, Iran","IOM Afghanistan","35.7218583, 51.3346954","Afghanistan to Iran",,"Southern Asia",4
2025.MMP1412,2025.MMP1412,"Southern Asia","Tue, 06/03/2025 - 12:00",2025,June,1,0,,0,1,0,"Southern Asia","Sickness / lack of access to adequate healthcare",Afghanistan,"Alboze district, Alborz province, Iran","IOM Afghanistan","35.8898715, 50.8456323","Afghanistan to Iran",,"Southern Asia",4
2025.MMP1413,2025.MMP1413,"Southern Asia","Tue, 06/03/2025 - 12:00",2025,June,1,0,,0,1,0,"Southern Asia","Sickness / lack of access to adequate healthcare",Afghanistan,"Damawand district, Tehran province, Iran","IOM Afghanistan","35.7013041, 52.0586252","Afghanistan to Iran",,"Southern Asia",4
2025.MMP1414,2025.MMP1414,"Southern Asia","Tue, 06/03/2025 - 12:00",2025,June,1,0,,0,1,0,"Southern Asia","Sickness / lack of access to adequate healthcare",Afghanistan,"Tehran district, Tehran province, Iran","IOM Afghanistan","35.7218583, 51.3346954","Afghanistan to Iran",,"Southern Asia",4
2025.MMP1415,2025.MMP1415,"Southern Asia","Tue, 06/03/2025 - 12:00",2025,June,1,0,,0,1,0,"Southern Asia","Sickness / lack of access to adequate healthcare",Afghanistan,"Tehran district, Tehran province, Iran","IOM Afghanistan","35.7218583, 51.3346954","Afghanistan to Iran",,"Southern Asia",4
2025.MMP1416,2025.MMP1416,"Southern Asia","Tue, 06/03/2025 - 12:00",2025,June,1,0,,0,1,0,"Southern Asia","Vehicle accident / death linked to hazardous transport",Afghanistan,"Jiroft County district, Kerman province, Iran","IOM Afghanistan","28.9385299, 57.4627259","Afghanistan to Iran",,"Southern Asia",4
2025.MMP1417,2025.MMP1417,"Southern Asia","Wed, 06/04/2025 - 12:00",2025,June,1,0,,0,1,0,"Southern Asia","Accidental death",Afghanistan,"Tehran district, Tehran province, Iran","IOM Afghanistan","35.7218583, 51.3346954","Afghanistan to Iran",,"Southern Asia",4
2025.MMP1418,2025.MMP1418,"Southern Asia","Wed, 06/04/2025 - 12:00",2025,June,1,0,,0,1,0,"Southern Asia","Sickness / lack of access to adequate healthcare",Afghanistan,"Tehran district, Tehran province, Iran","IOM Afghanistan","35.7218583, 51.3346954","Afghanistan to Iran",,"Southern Asia",4
2025.MMP1419,2025.MMP1419,"Southern Asia","Wed, 06/04/2025 - 12:00",2025,June,1,0,,1,0,0,"Southern Asia","Sickness / lack of access to adequate healthcare",Afghanistan,"Islam Shahr district, Tehran province, Iran","IOM Afghanistan","35.5776564, 51.2422395","Afghanistan to Iran",,"Southern Asia",4
2025.MMP1420,2025.MMP1420,"Southern Asia","Wed, 06/04/2025 - 12:00",2025,June,1,0,,0,1,0,"Southern Asia","Sickness / lack of access to adequate healthcare",Afghanistan,"Islam Shahr district, Tehran province, Iran","IOM Afghanistan","35.5776564, 51.2422395","Afghanistan to Iran",,"Southern Asia",4
2025.MMP1421,2025.MMP1421,"Southern Asia","Wed, 06/04/2025 - 12:00",2025,June,1,0,,0,1,0,"Southern Asia","Sickness / lack of access to adequate healthcare",Afghanistan,"Tehran district, Tehran province, Iran","IOM Afghanistan","35.7218583, 51.3346954","Afghanistan to Iran",,"Southern Asia",4
2025.MMP1422,2025.MMP1422,"Southern Asia","Wed, 06/04/2025 - 12:00",2025,June,1,0,,0,1,0,"Southern Asia",Violence,Afghanistan,"Tehran County district, Tehran province, Iran","IOM Afghanistan","35.6891975, 51.3889736","Afghanistan to Iran",,"Southern Asia",4
2025.MMP1423,2025.MMP1423,"Southern Asia","Thu, 06/05/2025 - 12:00",2025,June,1,0,,0,1,0,"Southern Asia","Sickness / lack of access to adequate healthcare",Afghanistan,"Bandar-Abbas County district, Hormozgan province, Iran","IOM Afghanistan","27.649874, 56.382423","Afghanistan to Iran",,"Southern Asia",4
2025.MMP1424,2025.MMP1424,"Southern Asia","Thu, 06/05/2025 - 12:00",2025,June,1,0,,1,0,0,"Southern Asia",Violence,Afghanistan,"Rafsanjan County district, Kerman province, Iran","IOM Afghanistan","30.5586331, 55.9358581","Afghanistan to Iran",,"Southern Asia",4
2025.MMP1425,2025.MMP1425,"Southern Asia","Thu, 06/05/2025 - 12:00",2025,June,1,0,,0,1,0,"Southern Asia","Sickness / lack of access to adequate healthcare",Afghanistan,"Karaj County district, Alborz province, Iran","IOM Afghanistan","35.9652167, 51.1376317","Afghanistan to Iran",,"Southern Asia",4
2025.MMP1426,2025.MMP1426,"Southern Asia","Fri, 06/06/2025 - 12:00",2025,June,1,0,,1,0,0,"Southern Asia","Sickness / lack of access to adequate healthcare",Afghanistan,"Rafsanjan County district, Kerman province, Iran","IOM Afghanistan","30.5586331, 55.9358581","Afghanistan to Iran",,"Southern Asia",4
2025.MMP1427,2025.MMP1427,"Southern Asia","Fri, 06/06/2025 - 12:00",2025,June,1,0,,0,1,0,"Southern Asia","Vehicle accident / death linked to hazardous transport",Afghanistan,"Isfahan County district, Esfahan province, Iran","IOM Afghanistan","32.2515792, 52.5318604","Afghanistan to Iran",,"Southern Asia",4
2025.MMP1428,2025.MMP1428,"Southern Asia","Sat, 06/07/2025 - 12:00",2025,June,1,0,,0,1,0,"Southern Asia","Accidental death",Afghanistan,"Qazwin district, Qazwin province, Iran","IOM Afghanistan","36.2795045, 50.0045669","Afghanistan to Iran",,"Southern Asia",4
2025.MMP1429,2025.MMP1429,"Southern Asia","Sat, 06/07/2025 - 12:00",2025,June,1,0,,0,1,0,"Southern Asia","Accidental death",Afghanistan,"Mashehad district, Mahshad province, Iran","IOM Afghanistan","36.2972006, 59.60669","Afghanistan to Iran",,"Southern Asia",4
2025.MMP1430,2025.MMP1430,"Southern Asia","Sat, 06/07/2025 - 12:00",2025,June,1,0,,0,1,1,"Southern Asia","Sickness / lack of access to adequate healthcare",Afghanistan,"Shiraz County district, Fars province, Iran","IOM Afghanistan","29.6266426, 52.4465474","Afghanistan to Iran",,"Southern Asia",4
2025.MMP1431,2025.MMP1431,"Southern Asia","Sat, 06/07/2025 - 12:00",2025,June,1,0,,0,1,0,"Southern Asia","Sickness / lack of access to adequate healthcare",Afghanistan,"Chabahar County district, Sistan_and_Baluchestan province, Iran","IOM Afghanistan","25.5259124, 61.2335592","Afghanistan to Iran",,"Southern Asia",4
2025.MMP1432,2025.MMP1432,"Southern Asia","Sun, 06/08/2025 - 12:00",2025,June,1,0,,0,1,1,"Southern Asia","Accidental death",Afghanistan,"Tehran district, Tehran province, Iran","IOM Afghanistan","35.7218583, 51.3346954","Afghanistan to Iran",,"Southern Asia",4
2025.MMP1433,2025.MMP1433,"Southern Asia","Sun, 06/08/2025 - 12:00",2025,June,1,0,,0,1,0,"Southern Asia","Sickness / lack of access to adequate healthcare",Afghanistan,"Tehran district, Tehran province, Iran","IOM Afghanistan","35.7218583, 51.3346954","Afghanistan to Iran",,"Southern Asia",4
2025.MMP1434,2025.MMP1434,"Southern Asia","Sun, 06/08/2025 - 12:00",2025,June,1,0,,0,1,0,"Southern Asia",Drowning,Afghanistan,"luristan district, luristan province, Iran","IOM Afghanistan","33.5818394, 48.3988186","Afghanistan to Iran",,"Southern Asia",4
2025.MMP1435,2025.MMP1435,"Southern Asia","Sun, 06/08/2025 - 12:00",2025,June,1,0,,0,1,0,"Southern Asia","Sickness / lack of access to adequate healthcare",Afghanistan,"Tehran district, Tehran province, Iran","IOM Afghanistan","35.7218583, 51.3346954","Afghanistan to Iran",,"Southern Asia",4
2025.MMP1436,2025.MMP1436,"Southern Asia","Mon, 06/09/2025 - 12:00",2025,June,1,0,,0,1,0,"Southern Asia",Violence,Afghanistan,"Tehran district, Tehran province, Iran","IOM Afghanistan","35.7218583, 51.3346954","Afghanistan to Iran",,"Southern Asia",4
2025.MMP1437,2025.MMP1437,"Southern Asia","Mon, 06/09/2025 - 12:00",2025,June,1,0,,0,1,0,"Southern Asia","Accidental death",Afghanistan,"Tehran district, Tehran province, Iran","IOM Afghanistan","35.7218583, 51.3346954","Afghanistan to Iran",,"Southern Asia",4
2025.MMP1438,2025.MMP1438,"Southern Asia","Mon, 06/09/2025 - 12:00",2025,June,1,0,,0,1,0,"Southern Asia",Drowning,Afghanistan,"Tehran district, Tehran province, Iran","IOM Afghanistan","35.7218583, 51.3346954","Afghanistan to Iran",,"Southern Asia",4
2025.MMP1439,2025.MMP1439,"Southern Asia","Mon, 06/09/2025 - 12:00",2025,June,1,0,,0,1,0,"Southern Asia","Sickness / lack of access to adequate healthcare",Afghanistan,"Tehran district, Tehran province, Iran","IOM Afghanistan","35.7218583, 51.3346954","Afghanistan to Iran",,"Southern Asia",4
2025.MMP1440,2025.MMP1440,"Southern Asia","Mon, 06/09/2025 - 12:00",2025,June,1,0,,0,1,0,"Southern Asia","Accidental death",Afghanistan,"Tehran district, Tehran province, Iran","IOM Afghanistan","35.7218583, 51.3346954","Afghanistan to Iran",,"Southern Asia",4
2025.MMP1441,2025.MMP1441,"Southern Asia","Mon, 06/09/2025 - 12:00",2025,June,1,0,,0,1,0,"Southern Asia","Accidental death",Afghanistan,"Tehran district, Tehran province, Iran","IOM Afghanistan","35.7218583, 51.3346954","Afghanistan to Iran",,"Southern Asia",4
2025.MMP1442,2025.MMP1442,"Southern Asia","Tue, 06/10/2025 - 12:00",2025,June,1,0,,1,0,0,"Southern Asia","Sickness / lack of access to adequate healthcare",Afghanistan,"Tehran district, Tehran province, Iran","IOM Afghanistan","35.7218583, 51.3346954","Afghanistan to Iran",,"Southern Asia",4
2025.MMP1443,2025.MMP1443,"Southern Asia","Tue, 06/10/2025 - 12:00",2025,June,1,0,,0,1,0,"Southern Asia","Accidental death",Afghanistan,"Tehran district, Tehran province, Iran","IOM Afghanistan","35.7218583, 51.3346954","Afghanistan to Iran",,"Southern Asia",4
2025.MMP1444,2025.MMP1444,"Southern Asia","Tue, 06/10/2025 - 12:00",2025,June,1,0,,0,1,0,"Southern Asia","Accidental death",Afghanistan,"Tehran district, Tehran province, Iran","IOM Afghanistan","35.7218583, 51.3346954","Afghanistan to Iran",,"Southern Asia",4
2025.MMP1445,2025.MMP1445,"Southern Asia","Wed, 06/11/2025 - 12:00",2025,June,1,0,,1,0,0,"Southern Asia","Mixed or unknown",Afghanistan,"Tehran district, Tehran province, Iran","IOM Afghanistan","35.7218583, 51.3346954","Afghanistan to Iran",,"Southern Asia",4
2025.MMP1446,2025.MMP1446,"Southern Asia","Wed, 06/11/2025 - 12:00",2025,June,1,0,,0,1,0,"Southern Asia","Accidental death",Afghanistan,"Tehran district, Tehran province, Iran","IOM Afghanistan","35.7218583, 51.3346954","Afghanistan to Iran",,"Southern Asia",4
2025.MMP1447,2025.MMP1447,"Southern Asia","Wed, 06/11/2025 - 12:00",2025,June,1,0,,0,1,0,"Southern Asia","Sickness / lack of access to adequate healthcare",Afghanistan,"Tehran district, Tehran province, Iran","IOM Afghanistan","35.7218583, 51.3346954","Afghanistan to Iran",,"Southern Asia",4
2025.MMP1448,2025.MMP1448,"Southern Asia","Wed, 06/11/2025 - 12:00",2025,June,1,0,,1,0,0,"Southern Asia","Sickness / lack of access to adequate healthcare",Afghanistan,"Tehran district, Tehran province, Iran","IOM Afghanistan","35.7218583, 51.3346954","Afghanistan to Iran",,"Southern Asia",4
2025.MMP1449,2025.MMP1449,"Southern Asia","Wed, 06/11/2025 - 12:00",2025,June,1,0,,0,1,0,"Southern Asia","Accidental death",Afghanistan,"Chalos district, Mazandaran province, Iran","IOM Afghanistan","36.6547961, 51.4212718","Afghanistan to Iran",,"Southern Asia",4
2025.MMP1450,2025.MMP1450,"Southern Asia","Wed, 06/11/2025 - 12:00",2025,June,1,0,,0,1,0,"Southern Asia","Vehicle accident / death linked to hazardous transport",Afghanistan,"Zahedan County district, Sistan_and_Baluchestan province, Iran","IOM Afghanistan","29.8162933, 60.2110752","Afghanistan to Iran",,"Southern Asia",4
2025.MMP1451,2025.MMP1451,"Southern Asia","Wed, 06/11/2025 - 12:00",2025,June,1,0,,0,1,0,"Southern Asia","Sickness / lack of access to adequate healthcare",Afghanistan,"Isfahan County district, Esfahan province, Iran","IOM Afghanistan","32.2515792, 52.5318604","Afghanistan to Iran",,"Southern Asia",4
2025.MMP1452,2025.MMP1452,"Southern Asia","Thu, 06/12/2025 - 12:00",2025,June,1,0,,1,0,0,"Southern Asia","Sickness / lack of access to adequate healthcare",Afghanistan,"Tehran district, Tehran province, Iran","IOM Afghanistan","35.7218583, 51.3346954","Afghanistan to Iran",,"Southern Asia",4
2025.MMP1453,2025.MMP1453,"Southern Asia","Thu, 06/12/2025 - 12:00",2025,June,1,0,,0,1,0,"Southern Asia","Vehicle accident / death linked to hazardous transport",Afghanistan,"Shiraz County district, Fars province, Iran","IOM Afghanistan","29.6266426, 52.4465474","Afghanistan to Iran",,"Southern Asia",4
2025.MMP1454,2025.MMP1454,"Southern Asia","Thu, 06/12/2025 - 12:00",2025,June,1,0,,0,1,0,"Southern Asia","Sickness / lack of access to adequate healthcare",Afghanistan,"Hamadan County district, Hamadan province, Iran","IOM Afghanistan","34.853019, 48.7995122","Afghanistan to Iran",,"Southern Asia",4
2025.MMP1455,2025.MMP1455,"Southern Asia","Fri, 06/13/2025 - 12:00",2025,June,1,0,,1,0,0,"Southern Asia","Sickness / lack of access to adequate healthcare",Afghanistan,"Isfahan County district, Esfahan province, Iran","IOM Afghanistan","32.2515792, 52.5318604","Afghanistan to Iran",,"Southern Asia",4
2025.MMP1456,2025.MMP1456,"Southern Asia","Fri, 06/13/2025 - 12:00",2025,June,1,0,,0,1,0,"Southern Asia","Sickness / lack of access to adequate healthcare",Afghanistan,"Larestan County district, Fars province, Iran","IOM Afghanistan","27.809713, 54.3467152","Afghanistan to Iran",,"Southern Asia",4
2025.MMP1457,2025.MMP1457,"Southern Asia","Fri, 06/13/2025 - 12:00",2025,June,1,0,,0,1,0,"Southern Asia",Drowning,Afghanistan,"Shiraz County district, Fars province, Iran","IOM Afghanistan","29.6266426, 52.4465474","Afghanistan to Iran",,"Southern Asia",4
2025.MMP1458,2025.MMP1458,"Southern Asia","Fri, 06/13/2025 - 12:00",2025,June,1,0,,1,0,0,"Southern Asia","Sickness / lack of access to adequate healthcare",Afghanistan,"Shiraz County district, Fars province, Iran","IOM Afghanistan","29.6266426, 52.4465474","Afghanistan to Iran",,"Southern Asia",4
2025.MMP1459,2025.MMP1459,"Southern Asia","Fri, 06/13/2025 - 12:00",2025,June,1,0,,0,1,0,"Southern Asia","Vehicle accident / death linked to hazardous transport",Afghanistan,"Shiraz County district, Fars province, Iran","IOM Afghanistan","29.6266426, 52.4465474","Afghanistan to Iran",,"Southern Asia",4
2025.MMP1460,2025.MMP1460,"Southern Asia","Sun, 06/15/2025 - 12:00",2025,June,1,0,,0,1,0,"Southern Asia",Drowning,Afghanistan,"Kashan  district, Esfahan province, Iran","IOM Afghanistan","33.9910347, 51.4235414","Afghanistan to Iran",,"Southern Asia",4
2025.MMP1461,2025.MMP1461,"Southern Asia","Sun, 06/15/2025 - 12:00",2025,June,1,0,,0,1,0,"Southern Asia","Sickness / lack of access to adequate healthcare",Afghanistan,"Kashan  district, Esfahan province, Iran","IOM Afghanistan","33.9910347, 51.4235414","Afghanistan to Iran",,"Southern Asia",4
2025.MMP1462,2025.MMP1462,"Southern Asia","Sun, 06/15/2025 - 12:00",2025,June,1,0,,0,1,0,"Southern Asia","Sickness / lack of access to adequate healthcare",Afghanistan,"Shiraz County district, Fars province, Iran","IOM Afghanistan","29.6266426, 52.4465474","Afghanistan to Iran",,"Southern Asia",4
2025.MMP1463,2025.MMP1463,"Southern Asia","Sun, 06/15/2025 - 12:00",2025,June,1,0,,0,1,0,"Southern Asia",Violence,Afghanistan,"Urmia County district, West_Azerbaijan province, Iran","IOM Afghanistan","37.6067393, 44.8425388","Iran to Türkiye",,"Southern Asia",4
2025.MMP1464,2025.MMP1464,"Southern Asia","Mon, 06/16/2025 - 12:00",2025,June,1,0,,0,1,1,"Southern Asia","Accidental death",Afghanistan,"Mashad district, Razawi Khurasan province, Iran","IOM Afghanistan","36.2972006, 59.60669","Afghanistan to Iran",,"Southern Asia",4
2025.MMP1465,2025.MMP1465,"Southern Asia","Mon, 06/16/2025 - 12:00",2025,June,1,0,,0,1,0,"Southern Asia","Accidental death",Afghanistan,"Tehran district, Tehran province, Iran","IOM Afghanistan","35.7218583, 51.3346954","Afghanistan to Iran",,"Southern Asia",4
2025.MMP1466,2025.MMP1466,"Southern Asia","Mon, 06/16/2025 - 12:00",2025,June,1,0,,1,0,0,"Southern Asia","Sickness / lack of access to adequate healthcare",Afghanistan,"Tehran district, Tehran province, Iran","IOM Afghanistan","35.7218583, 51.3346954","Afghanistan to Iran",,"Southern Asia",4
2025.MMP1467,2025.MMP1467,"Southern Asia","Mon, 06/16/2025 - 12:00",2025,June,1,0,,0,1,0,"Southern Asia","Mixed or unknown",Afghanistan,"Isfahan County district, Esfahan province, Iran","IOM Afghanistan","32.2515792, 52.5318604","Afghanistan to Iran",,"Southern Asia",4
2025.MMP1468,2025.MMP1468,"Southern Asia","Mon, 06/16/2025 - 12:00",2025,June,1,0,,0,1,0,"Southern Asia","Mixed or unknown",Afghanistan,"Isfahan County district, Esfahan province, Iran","IOM Afghanistan","32.2515792, 52.5318604","Afghanistan to Iran",,"Southern Asia",4
2025.MMP1469,2025.MMP1469,"Southern Asia","Tue, 06/17/2025 - 12:00",2025,June,1,0,,0,1,0,"Southern Asia","Accidental death",Afghanistan,"Tehran district, Tehran province, Iran","IOM Afghanistan","35.7218583, 51.3346954","Afghanistan to Iran",,"Southern Asia",4
2025.MMP1470,2025.MMP1470,"Southern Asia","Tue, 06/17/2025 - 12:00",2025,June,1,0,,0,1,0,"Southern Asia","Sickness / lack of access to adequate healthcare",Afghanistan,"Sarvestan County district, Fars province, Iran","IOM Afghanistan","29.2381201, 53.0888943","Afghanistan to Iran",,"Southern Asia",4
2025.MMP1471,2025.MMP1471,"Southern Asia","Tue, 06/17/2025 - 12:00",2025,June,1,0,,0,1,0,"Southern Asia","Vehicle accident / death linked to hazardous transport",Afghanistan,"Shiraz County district, Fars province, Iran","IOM Afghanistan","29.6266426, 52.4465474","Afghanistan to Iran",,"Southern Asia",4
2025.MMP1472,2025.MMP1472,"Southern Asia","Wed, 06/18/2025 - 12:00",2025,June,1,0,,0,1,0,"Southern Asia","Accidental death",Afghanistan,"Tehran district, Tehran province, Iran","IOM Afghanistan","35.7218583, 51.3346954","Afghanistan to Iran",,"Southern Asia",4
2025.MMP1473,2025.MMP1473,"Southern Asia","Wed, 06/18/2025 - 12:00",2025,June,1,0,,0,1,0,"Southern Asia",Violence,Afghanistan,"Tehran district, Tehran province, Iran","IOM Afghanistan","35.7218583, 51.3346954","Afghanistan to Iran",,"Southern Asia",4
2025.MMP1474,2025.MMP1474,"Southern Asia","Thu, 06/19/2025 - 12:00",2025,June,1,0,,0,1,0,"Southern Asia","Accidental death",Afghanistan,"Takestan district, Qazwin province, Iran","IOM Afghanistan","36.0672206, 49.6960826","Afghanistan to Iran",,"Southern Asia",4
2025.MMP1475,2025.MMP1475,"Southern Asia","Thu, 06/19/2025 - 12:00",2025,June,1,0,,1,0,0,"Southern Asia","Sickness / lack of access to adequate healthcare",Afghanistan,"Tehran district, Tehran province, Iran","IOM Afghanistan","35.7218583, 51.3346954","Afghanistan to Iran",,"Southern Asia",4
2025.MMP1476,2025.MMP1476,"Southern Asia","Thu, 06/19/2025 - 12:00",2025,June,1,0,,1,0,0,"Southern Asia","Sickness / lack of access to adequate healthcare",Afghanistan,"Tehran district, Tehran province, Iran","IOM Afghanistan","35.7218583, 51.3346954","Afghanistan to Iran",,"Southern Asia",4
2025.MMP1477,2025.MMP1477,"Southern Asia","Thu, 06/19/2025 - 12:00",2025,June,1,0,,0,1,0,"Southern Asia","Sickness / lack of access to adequate healthcare",Afghanistan,"Yazd County district, Yazd province, Iran","IOM Afghanistan","31.890628, 54.5218074","Afghanistan to Iran",,"Southern Asia",4
2025.MMP1478,2025.MMP1478,"Southern Asia","Fri, 06/20/2025 - 12:00",2025,June,1,0,,0,1,0,"Southern Asia","Sickness / lack of access to adequate healthcare",Afghanistan,"Ahwaz district, Markazi province, Iran","IOM Afghanistan","34.6961791, 49.6911374","Afghanistan to Iran",,"Southern Asia",4
2025.MMP1479,2025.MMP1479,"Southern Asia","Fri, 06/20/2025 - 12:00",2025,June,1,0,,0,1,0,"Southern Asia","Accidental death",Afghanistan,"Shahri Yar district, Tehran province, Iran","IOM Afghanistan","35.6529119, 51.0599647","Afghanistan to Iran",,"Southern Asia",4
2025.MMP1480,2025.MMP1480,"Southern Asia","Fri, 06/20/2025 - 12:00",2025,June,1,0,,0,1,0,"Southern Asia","Accidental death",Afghanistan,"Isfahan County district, Esfahan province, Iran","IOM Afghanistan","32.2515792, 52.5318604","Afghanistan to Iran",,"Southern Asia",4
2025.MMP1481,2025.MMP1481,"Southern Asia","Sat, 06/21/2025 - 12:00",2025,June,1,0,,1,0,0,"Southern Asia","Sickness / lack of access to adequate healthcare",Afghanistan,"Karaj district, Alborz province, Iran","IOM Afghanistan","35.8438581, 50.9714995","Afghanistan to Iran",,"Southern Asia",4
2025.MMP1482,2025.MMP1482,"Southern Asia","Sat, 06/21/2025 - 12:00",2025,June,1,0,,0,1,1,"Southern Asia",Drowning,Afghanistan,"Isfahan County district, Esfahan province, Iran","IOM Afghanistan","32.2515792, 52.5318604","Afghanistan to Iran",,"Southern Asia",4
2025.MMP1483,2025.MMP1483,"Southern Asia","Sat, 06/21/2025 - 12:00",2025,June,1,0,,1,0,0,"Southern Asia","Mixed or unknown",Afghanistan,"Shiraz County district, Fars province, Iran","IOM Afghanistan","29.6266426, 52.4465474","Afghanistan to Iran",,"Southern Asia",4
2025.MMP1484,2025.MMP1484,"Southern Asia","Sat, 06/21/2025 - 12:00",2025,June,1,0,,0,1,1,"Southern Asia",Drowning,Afghanistan,"Shiraz County district, Fars province, Iran","IOM Afghanistan","29.6266426, 52.4465474","Afghanistan to Iran",,"Southern Asia",4
2025.MMP1485,2025.MMP1485,"Southern Asia","Sat, 06/21/2025 - 12:00",2025,June,1,0,,0,1,0,"Southern Asia","Sickness / lack of access to adequate healthcare",Afghanistan,"Jiroft County district, Kerman province, Iran","IOM Afghanistan","28.9385299, 57.4627259","Afghanistan to Iran",,"Southern Asia",4
2025.MMP1486,2025.MMP1486,"Southern Asia","Sun, 06/22/2025 - 12:00",2025,June,1,0,,0,1,1,"Southern Asia","Sickness / lack of access to adequate healthcare",Afghanistan,"tehran district, Tehran province, Iran","IOM Afghanistan","35.7218583, 51.3346954","Afghanistan to Iran",,"Southern Asia",4
2025.MMP1487,2025.MMP1487,"Southern Asia","Sun, 06/22/2025 - 12:00",2025,June,1,0,,0,1,0,"Southern Asia","Sickness / lack of access to adequate healthcare",Afghanistan,"tehran district, Tehran province, Iran","IOM Afghanistan","35.7218583, 51.3346954","Afghanistan to Iran",,"Southern Asia",4
2025.MMP1488,2025.MMP1488,"Southern Asia","Sun, 06/22/2025 - 12:00",2025,June,1,0,,0,1,0,"Southern Asia","Sickness / lack of access to adequate healthcare",Afghanistan,"tehran district, Tehran province, Iran","IOM Afghanistan","35.7218583, 51.3346954","Afghanistan to Iran",,"Southern Asia",4
2025.MMP1489,2025.MMP1489,"Southern Asia","Sun, 06/22/2025 - 12:00",2025,June,1,0,,1,0,0,"Southern Asia",Violence,Afghanistan,"tehran district, Tehran province, Iran","IOM Afghanistan","35.7218583, 51.3346954","Afghanistan to Iran",,"Southern Asia",4
2025.MMP1490,2025.MMP1490,"Southern Asia","Sun, 06/22/2025 - 12:00",2025,June,1,0,,0,1,0,"Southern Asia","Accidental death",Afghanistan,"tehran district, Tehran province, Iran","IOM Afghanistan","35.7218583, 51.3346954","Afghanistan to Iran",,"Southern Asia",4
2025.MMP1491,2025.MMP1491,"Southern Asia","Sun, 06/22/2025 - 12:00",2025,June,1,0,,0,1,0,"Southern Asia",Violence,Afghanistan,"Tehran County district, Tehran province, Iran","IOM Afghanistan","35.6891975, 51.3889736","Afghanistan to Iran",,"Southern Asia",4
2025.MMP1492,2025.MMP1492,"Southern Asia","Sun, 06/22/2025 - 12:00",2025,June,1,0,,0,1,0,"Southern Asia","Vehicle accident / death linked to hazardous transport",Afghanistan,"Zahedan County district, Sistan_and_Baluchestan province, Iran","IOM Afghanistan","29.8162933, 60.2110752","Afghanistan to Iran",,"Southern Asia",4
2025.MMP1493,2025.MMP1493,"Southern Asia","Mon, 06/23/2025 - 12:00",2025,June,1,0,,0,1,0,"Southern Asia","Accidental death",Afghanistan,"tehran district, Tehran province, Iran","IOM Afghanistan","35.7218583, 51.3346954","Afghanistan to Iran",,"Southern Asia",4
2025.MMP1494,2025.MMP1494,"Southern Asia","Mon, 06/23/2025 - 12:00",2025,June,1,0,,0,1,1,"Southern Asia","Accidental death",Afghanistan,"Shahryar district, Tehran province, Iran","IOM Afghanistan","35.6529119, 51.0599647","Afghanistan to Iran",,"Southern Asia",4
2025.MMP1495,2025.MMP1495,"Southern Asia","Mon, 06/23/2025 - 12:00",2025,June,1,0,,0,1,0,"Southern Asia","Mixed or unknown",Afghanistan,"Chabahar County district, Sistan_and_Baluchestan province, Iran","IOM Afghanistan","25.5259124, 61.2335592","Afghanistan to Iran",,"Southern Asia",4
2025.MMP1496,2025.MMP1496,"Southern Asia","Tue, 06/24/2025 - 12:00",2025,June,1,0,,0,1,0,"Southern Asia","Sickness / lack of access to adequate healthcare",Afghanistan,"Sava district, Markazi province, Iran","IOM Afghanistan","34.6961791, 49.6911374","Afghanistan to Iran",,"Southern Asia",4
2025.MMP1497,2025.MMP1497,"Southern Asia","Tue, 06/24/2025 - 12:00",2025,June,1,0,,0,1,0,"Southern Asia","Accidental death",Afghanistan,"Tehran district, Tehran province, Iran","IOM Afghanistan","35.7218583, 51.3346954","Afghanistan to Iran",,"Southern Asia",4
2025.MMP1498,2025.MMP1498,"Southern Asia","Tue, 06/24/2025 - 12:00",2025,June,1,0,,1,0,0,"Southern Asia","Sickness / lack of access to adequate healthcare",Afghanistan,"Tehran district, Tehran province, Iran","IOM Afghanistan","35.7218583, 51.3346954","Afghanistan to Iran",,"Southern Asia",4
2025.MMP1499,2025.MMP1499,"Southern Asia","Tue, 06/24/2025 - 12:00",2025,June,1,0,,0,1,0,"Southern Asia","Vehicle accident / death linked to hazardous transport",Afghanistan,"Jiroft County district, Kerman province, Iran","IOM Afghanistan","28.9385299, 57.4627259","Afghanistan to Iran",,"Southern Asia",4
2025.MMP1500,2025.MMP1500,"Southern Asia","Wed, 06/25/2025 - 12:00",2025,June,1,0,,0,1,1,"Southern Asia","Accidental death",Afghanistan,"Tehran district, Tehran province, Iran","IOM Afghanistan","35.7218583, 51.3346954","Afghanistan to Iran",,"Southern Asia",4
2025.MMP1501,2025.MMP1501,"Southern Asia","Wed, 06/25/2025 - 12:00",2025,June,1,0,,0,1,0,"Southern Asia","Accidental death",Afghanistan,"Tehran district, Tehran province, Iran","IOM Afghanistan","35.7218583, 51.3346954","Afghanistan to Iran",,"Southern Asia",4
2025.MMP1502,2025.MMP1502,"Southern Asia","Wed, 06/25/2025 - 12:00",2025,June,1,0,,0,1,0,"Southern Asia","Accidental death",Afghanistan,"Tehran district, Tehran province, Iran","IOM Afghanistan","35.7218583, 51.3346954","Afghanistan to Iran",,"Southern Asia",4
2025.MMP1503,2025.MMP1503,"Southern Asia","Wed, 06/25/2025 - 12:00",2025,June,1,0,,0,1,0,"Southern Asia","Sickness / lack of access to adequate healthcare",Afghanistan,"Tehran district, Tehran province, Iran","IOM Afghanistan","35.7218583, 51.3346954","Afghanistan to Iran",,"Southern Asia",4
2025.MMP1504,2025.MMP1504,"Southern Asia","Wed, 06/25/2025 - 12:00",2025,June,1,0,,0,1,0,"Southern Asia",Drowning,Afghanistan,"Shiraz County district, Fars province, Iran","IOM Afghanistan","29.6266426, 52.4465474","Afghanistan to Iran",,"Southern Asia",4
2025.MMP1505,2025.MMP1505,"Southern Asia","Wed, 06/25/2025 - 12:00",2025,June,1,0,,0,1,0,"Southern Asia",Violence,Afghanistan,"Bandar-Abbas County district, Hormozgan province, Iran","IOM Afghanistan","27.649874, 56.382423","Afghanistan to Iran",,"Southern Asia",4
2025.MMP1506,2025.MMP1506,"Southern Asia","Thu, 06/26/2025 - 12:00",2025,June,1,0,,0,1,0,"Southern Asia","Sickness / lack of access to adequate healthcare",Afghanistan,"Tehran district, Tehran province, Iran","IOM Afghanistan","35.7218583, 51.3346954","Afghanistan to Iran",,"Southern Asia",4
2025.MMP1507,2025.MMP1507,"Southern Asia","Thu, 06/26/2025 - 12:00",2025,June,1,0,,0,1,0,"Southern Asia",Violence,Afghanistan,"Tehran district, Tehran province, Iran","IOM Afghanistan","35.7218583, 51.3346954","Afghanistan to Iran",,"Southern Asia",4
2025.MMP1508,2025.MMP1508,"Southern Asia","Thu, 06/26/2025 - 12:00",2025,June,1,0,,0,1,1,"Southern Asia","Sickness / lack of access to adequate healthcare",Afghanistan,"Tehran district, Tehran province, Iran","IOM Afghanistan","35.7218583, 51.3346954","Afghanistan to Iran",,"Southern Asia",4
2025.MMP1509,2025.MMP1509,"Southern Asia","Thu, 06/26/2025 - 12:00",2025,June,1,0,,1,0,0,"Southern Asia","Sickness / lack of access to adequate healthcare",Afghanistan,"Tehran district, Tehran province, Iran","IOM Afghanistan","35.7218583, 51.3346954","Afghanistan to Iran",,"Southern Asia",4
2025.MMP1510,2025.MMP1510,"Southern Asia","Thu, 06/26/2025 - 12:00",2025,June,1,0,,0,1,0,"Southern Asia","Vehicle accident / death linked to hazardous transport",Afghanistan,"Yazd County district, Yazd province, Iran","IOM Afghanistan","31.890628, 54.5218074","Afghanistan to Iran",,"Southern Asia",4
2025.MMP1511,2025.MMP1511,"Southern Asia","Thu, 06/26/2025 - 12:00",2025,June,1,0,,0,1,0,"Southern Asia","Sickness / lack of access to adequate healthcare",Afghanistan,"Yazd County district, Yazd province, Iran","IOM Afghanistan","31.890628, 54.5218074","Afghanistan to Iran",,"Southern Asia",4
2025.MMP1512,2025.MMP1512,"Southern Asia","Thu, 06/26/2025 - 12:00",2025,June,1,0,,0,1,0,"Southern Asia","Vehicle accident / death linked to hazardous transport",Afghanistan,"Shiraz County district, Fars province, Iran","IOM Afghanistan","29.6266426, 52.4465474","Afghanistan to Iran",,"Southern Asia",4
2025.MMP1513,2025.MMP1513,"Southern Asia","Sat, 06/28/2025 - 12:00",2025,June,1,0,,0,1,0,"Southern Asia","Accidental death",Afghanistan,"Shiraz County district, Fars province, Iran","IOM Afghanistan","29.6266426, 52.4465474","Afghanistan to Iran",,"Southern Asia",4
2025.MMP1514,2025.MMP1514,"Southern Asia","Sun, 06/29/2025 - 12:00",2025,June,1,0,,0,1,0,"Southern Asia","Vehicle accident / death linked to hazardous transport",Afghanistan,"Hajiabad County district, Hormozgan province, Iran","IOM Afghanistan","28.4397444, 55.6689636","Afghanistan to Iran",,"Southern Asia",4
2025.MMP1515,2025.MMP1515,"Southern Asia","Mon, 06/30/2025 - 12:00",2025,June,1,0,,0,1,0,"Southern Asia","Sickness / lack of access to adequate healthcare",Afghanistan,"Tehran district, Tehran province, Iran","IOM Afghanistan","35.7218583, 51.3346954","Afghanistan to Iran",,"Southern Asia",4
2025.MMP1516,2025.MMP1516,"Southern Asia","Mon, 06/30/2025 - 12:00",2025,June,1,0,,0,1,0,"Southern Asia",Violence,Afghanistan,"Tehran district, Tehran province, Iran","IOM Afghanistan","35.7218583, 51.3346954","Afghanistan to Iran",,"Southern Asia",4
2025.MMP1517,2025.MMP1517,"Southern Asia","Mon, 06/30/2025 - 12:00",2025,June,1,0,,0,1,0,"Southern Asia","Sickness / lack of access to adequate healthcare",Afghanistan,"Zehak County district, Sistan_and_Baluchestan province, Iran","IOM Afghanistan","30.7976246, 61.6538052","Afghanistan to Iran",,"Southern Asia",4
2025.MMP1518,2025.MMP1518,"North America","Tue, 04/01/2025 - 12:00",2025,April,1,0,,,1,,"Latin America / Caribbean (P)","Mixed or unknown",Unknown,"Unspecified location in the desert around  Arivaca Pima County Arizona USA","Pima County Office of the Medical Examiner","31.504524, -111.421415","US-Mexico border crossing",,"Northern America",5
2025.MMP1519,2025.MMP1519,"North America","Sat, 04/05/2025 - 12:00",2025,April,1,0,,,1,,"Latin America / Caribbean (P)","Mixed or unknown",Unknown,"Unspecified location in the desert around  Sells Pima County Arizona USA","Pima County Office of the Medical Examiner","31.92828, -112.11071","US-Mexico border crossing",,"Northern America",5
2025.MMP1520,2025.MMP1520,"North America","Sun, 04/06/2025 - 12:00",2025,April,1,0,,,1,,"Latin America / Caribbean (P)","Mixed or unknown",Unknown,"Unspecified location in the desert around  Sells Pima County Arizona USA","Pima County Office of the Medical Examiner","31.91536, -112.09806","US-Mexico border crossing",,"Northern America",5
2025.MMP1521,2025.MMP1521,"North America","Sun, 04/06/2025 - 12:00",2025,April,1,0,,,1,,"Latin America / Caribbean (P)","Mixed or unknown",Unknown,"Unspecified location in the desert around  Sells Pima County Arizona USA","Pima County Office of the Medical Examiner","31.91744, -112.09698","US-Mexico border crossing",,"Northern America",5
2025.MMP1522,2025.MMP1522,"North America","Mon, 04/07/2025 - 12:00",2025,April,1,0,,,1,,"Latin America / Caribbean (P)","Mixed or unknown",Unknown,"Unspecified location in the desert around  Sells Pima County Arizona USA","Pima County Office of the Medical Examiner","32.54905, -111.92746","US-Mexico border crossing",,"Northern America",5
2025.MMP1523,2025.MMP1523,"North America","Wed, 04/09/2025 - 12:00",2025,April,1,0,,,1,,"Latin America / Caribbean (P)","Mixed or unknown",Unknown,"Unspecified location in the desert around  Big Fields Pima County Arizona USA","Pima County Office of the Medical Examiner","31.94677, -112.10864","US-Mexico border crossing",,"Northern America",5
2025.MMP1524,2025.MMP1524,"North America","Mon, 04/21/2025 - 12:00",2025,April,1,0,,1,,,"Latin America / Caribbean (P)","Mixed or unknown",Unknown,"Unspecified location in the desert around  Sells Pima County Arizona USA","Pima County Office of the Medical Examiner","31.801666, -112.442168","US-Mexico border crossing",,"Northern America",5
2025.MMP1525,2025.MMP1525,"North America","Tue, 04/22/2025 - 12:00",2025,April,1,0,,1,,,"Central America","Sickness / lack of access to adequate healthcare",Mexico,"Unspecified location in the desert around  Sells Pima County Arizona USA","Pima County Office of the Medical Examiner","32.53406, -111.812","US-Mexico border crossing",,"Northern America",5
2025.MMP1526,2025.MMP1526,"North America","Wed, 04/23/2025 - 12:00",2025,April,1,0,,,1,,"Latin America / Caribbean (P)","Mixed or unknown",Unknown,"Unspecified location in the desert around  Ajo Pima County Arizona USA","Pima County Office of the Medical Examiner","31.95321, -112.88091","US-Mexico border crossing",,"Northern America",5
2025.MMP1527,2025.MMP1527,"North America","Tue, 05/13/2025 - 12:00",2025,May,1,0,,,,,"Latin America / Caribbean (P)","Mixed or unknown",Unknown,"Unspecified location in the desert around  Tucson Pima County Arizona USA","Pima County Office of the Medical Examiner","31.8543532, -111.3294012","US-Mexico border crossing",,"Northern America",5
2025.MMP1528,2025.MMP1528,"North America","Mon, 05/19/2025 - 12:00",2025,May,1,0,,,1,,"Latin America / Caribbean (P)","Mixed or unknown",Unknown,"Unspecified location in the desert around  Cowlic Pima County Arizona USA","Pima County Office of the Medical Examiner","31.80466, -111.91146","US-Mexico border crossing",,"Northern America",5
2025.MMP1529,2025.MMP1529,"North America","Mon, 05/26/2025 - 12:00",2025,May,1,0,,,1,,"Latin America / Caribbean (P)","Mixed or unknown",Unknown,"Unspecified location in the desert around  Itak Pima County Arizona USA","Pima County Office of the Medical Examiner","31.68916, -112.0288","US-Mexico border crossing",,"Northern America",5
2025.MMP1530,2025.MMP1530,"North America","Tue, 05/27/2025 - 12:00",2025,May,1,0,,,1,,"Central America","Accidental death",Mexico,"Unspecified location in the desert around  Nogales Santa Cruz County Arizona USA","Pima County Office of the Medical Examiner","31.417519, -110.75828","US-Mexico border crossing",,"Northern America",5
2025.MMP1531,2025.MMP1531,"North America","Thu, 05/29/2025 - 12:00",2025,May,1,0,,1,,,"Central America","Harsh environmental conditions / lack of adequate shelter, food, water",Guatemala,"Unspecified location in the desert around  Topawa Pima County Arizona USA","Pima County Office of the Medical Examiner","31.68848, -111.83887","US-Mexico border crossing",,"Northern America",5
2025.MMP1532,2025.MMP1532,"North America","Mon, 06/02/2025 - 12:00",2025,June,1,0,,,,,"Latin America / Caribbean (P)","Mixed or unknown",Unknown,"Unspecified location in the desert around  Ajo Pima County Arizona USA","Pima County Office of the Medical Examiner","32.392621, -113.136091","US-Mexico border crossing",,"Northern America",5
2025.MMP1533,2025.MMP1533,"North America","Mon, 06/02/2025 - 12:00",2025,June,1,0,,,,,"Latin America / Caribbean (P)","Mixed or unknown",Unknown,"Unspecified location in the desert around  Ajo Pima County Arizona USA","Pima County Office of the Medical Examiner","32.39, -113.136","US-Mexico border crossing",,"Northern America",5
2025.MMP1534,2025.MMP1534,"North America","Mon, 06/02/2025 - 12:00",2025,June,1,0,,,1,,"Latin America / Caribbean (P)","Mixed or unknown",Unknown,"Unspecified location in the desert around  Ajo Pima County Arizona USA","Pima County Office of the Medical Examiner","32.4, -113.135","US-Mexico border crossing",,"Northern America",5
2025.MMP1535,2025.MMP1535,"North America","Thu, 06/05/2025 - 12:00",2025,June,1,0,,,1,,"Central America","Mixed or unknown",Guatemala,"Unspecified location in the desert around  Sil Nakya Pima County Arizona USA","Pima County Office of the Medical Examiner","32.24647, -111.88552","US-Mexico border crossing",,"Northern America",5
2025.MMP1536,2025.MMP1536,"North America","Sat, 06/07/2025 - 12:00",2025,June,1,0,,,1,,"Latin America / Caribbean (P)","Mixed or unknown",Unknown,"Unspecified location in the woods around  Green Valley Santa Cruz County Arizona USA","Pima County Office of the Medical Examiner","31.702461, -110.875468","US-Mexico border crossing",,"Northern America",5
2025.MMP1537,2025.MMP1537,"North America","Tue, 06/10/2025 - 12:00",2025,June,1,0,,,,,"Latin America / Caribbean (P)","Mixed or unknown",Unknown,"Unspecified location in the desert around  Ajo Pima County Arizona USA","Pima County Office of the Medical Examiner","32.00371, -113.1899","US-Mexico border crossing",,"Northern America",5
2025.MMP1538,2025.MMP1538,"North America","Tue, 06/10/2025 - 12:00",2025,June,1,0,,1,,,"Central America","Harsh environmental conditions / lack of adequate shelter, food, water",Guatemala,"Highway in  Topawa Pima County Arizona USA","Pima County Office of the Medical Examiner","31.69409, -111.77418","US-Mexico border crossing",,"Northern America",5
2025.MMP1539,2025.MMP1539,"North America","Wed, 06/11/2025 - 12:00",2025,June,1,0,,,1,,"Latin America / Caribbean (P)","Mixed or unknown",Unknown,"Unspecified location in the desert around  Tucson Pima County Arizona USA","Pima County Office of the Medical Examiner","32.31423, -111.35521","US-Mexico border crossing",,"Northern America",5
2025.MMP1540,2025.MMP1540,"North America","Fri, 06/13/2025 - 12:00",2025,June,1,0,,,,,"Latin America / Caribbean (P)","Mixed or unknown",Unknown,"Unspecified location in the desert around  Nogales Santa Cruz County Arizona USA","Pima County Office of the Medical Examiner","31.41512, -111.25714","US-Mexico border crossing",,"Northern America",5
2025.MMP1541,2025.MMP1541,"North America","Mon, 06/16/2025 - 12:00",2025,June,1,0,,,,,"Latin America / Caribbean (P)","Mixed or unknown",Unknown,"Unspecified location in the desert around  Sells Pima County Arizona USA","Pima County Office of the Medical Examiner","31.853437, -112.373523","US-Mexico border crossing",,"Northern America",5
2025.MMP1542,2025.MMP1542,"North America","Thu, 06/19/2025 - 12:00",2025,June,1,0,,,1,,"Central America","Accidental death",Mexico,"Unspecified location in the desert around  Nogales Santa Cruz County Arizona USA","Pima County Office of the Medical Examiner","31.44439, -111.30772","US-Mexico border crossing",,"Northern America",5
2025.MMP1543,2025.MMP1543,"North America","Fri, 06/20/2025 - 12:00",2025,June,1,0,,,,,"Latin America / Caribbean (P)","Mixed or unknown",Unknown,"Unspecified location in the desert around  Nogales Santa Cruz County Arizona USA","Pima County Office of the Medical Examiner","31.44253, -111.30562","US-Mexico border crossing",,"Northern America",5
2025.MMP1544,2025.MMP1544,"North America","Thu, 07/03/2025 - 12:00",2025,July,1,0,,,1,,"Latin America / Caribbean (P)","Mixed or unknown",Unknown,"Unspecified location in the desert around  Sells Pima County Arizona USA","Pima County Office of the Medical Examiner","31.81469, -111.90029","US-Mexico border crossing",,"Northern America",5
2025.MMP1545,2025.MMP1545,"North America","Thu, 07/03/2025 - 12:00",2025,July,1,0,,,,,"Latin America / Caribbean (P)","Mixed or unknown",Unknown,"Unspecified location in the desert around  Sahuarita Pima County Arizona USA","Pima County Office of the Medical Examiner","31.76872, -110.84883","US-Mexico border crossing",,"Northern America",5
2025.MMP1546,2025.MMP1546,"North America","Wed, 07/09/2025 - 12:00",2025,July,1,0,,,1,,"Central America","Harsh environmental conditions / lack of adequate shelter, food, water",Mexico,"Unspecified location in the desert around  Three Points Pima County Arizona USA","Pima County Office of the Medical Examiner","31.915117, -111.32175","US-Mexico border crossing",,"Northern America",5
2025.MMP1547,2025.MMP1547,"North America","Fri, 07/11/2025 - 12:00",2025,July,1,0,,,1,,"Central America","Mixed or unknown",Mexico,"Unspecified location in the desert around  Sells Pima County Arizona USA","Pima County Office of the Medical Examiner","31.73072, -111.96312","US-Mexico border crossing",,"Northern America",5
2025.MMP1548,2025.MMP1548,"North America","Mon, 07/14/2025 - 12:00",2025,July,1,0,,,1,,"Latin America / Caribbean (P)","Mixed or unknown",Unknown,"Unspecified location in the desert around  Topawa Pima County Arizona USA","Pima County Office of the Medical Examiner","31.68949, -111.84598","US-Mexico border crossing",,"Northern America",5
2025.MMP1549,2025.MMP1549,"North America","Tue, 07/22/2025 - 12:00",2025,July,1,0,,,,,"Latin America / Caribbean (P)","Mixed or unknown",Unknown,"Unspecified location in the desert around  Ajo Pima County Arizona USA","Pima County Office of the Medical Examiner","31.947033, -112.89995","US-Mexico border crossing",,"Northern America",5
2025.MMP1550,2025.MMP1550,"North America","Wed, 07/23/2025 - 12:00",2025,July,1,0,,,,,"Latin America / Caribbean (P)","Mixed or unknown",Unknown,"Unspecified location in the desert around  Arivaca Pima County Arizona USA","Pima County Office of the Medical Examiner","31.49315, -111.39883","US-Mexico border crossing",,"Northern America",5
2025.MMP1551,2025.MMP1551,"North America","Mon, 07/28/2025 - 12:00",2025,July,1,0,,,1,,"Central America","Harsh environmental conditions / lack of adequate shelter, food, water",Mexico,"Unspecified location in the desert around  Sells Pima County Arizona USA","Pima County Office of the Medical Examiner","31.78458, -111.91489","US-Mexico border crossing",,"Northern America",5
2025.MMP1552,2025.MMP1552,"North America","Mon, 07/28/2025 - 12:00",2025,July,1,0,,,,,"Latin America / Caribbean (P)","Mixed or unknown",Unknown,"Unspecified location in the desert around  Bisbee Cochise County Arizona USA","Pima County Office of the Medical Examiner","31.343675, -109.897908","US-Mexico border crossing",,"Northern America",5
2025.MMP1553,2025.MMP1553,"North America","Tue, 07/29/2025 - 12:00",2025,July,1,0,,1,,,"Central America","Harsh environmental conditions / lack of adequate shelter, food, water",Mexico,"Unspecified location in the desert around  Sells Pima County Arizona USA","Pima County Office of the Medical Examiner","31.96133, -112.35476","US-Mexico border crossing",,"Northern America",5
2025.MMP1554,2025.MMP1554,"North America","Wed, 07/30/2025 - 12:00",2025,July,1,0,,,1,,"Latin America / Caribbean (P)","Mixed or unknown",Unknown,"Unspecified location in the desert around  Ajo Pima County Arizona USA","Pima County Office of the Medical Examiner","31.994717, -113.174183","US-Mexico border crossing",,"Northern America",5
2025.MMP1555,2025.MMP1555,"North America","Sat, 08/02/2025 - 12:00",2025,August,1,0,,,1,,"Central America","Harsh environmental conditions / lack of adequate shelter, food, water",Mexico,"Unspecified location in the desert around  Topawa Pima County Arizona USA","Pima County Office of the Medical Examiner","31.83922, -111.82573","US-Mexico border crossing",,"Northern America",5
2025.MMP1556,2025.MMP1556,"North America","Tue, 08/05/2025 - 12:00",2025,August,1,0,,,1,,"Latin America / Caribbean (P)","Mixed or unknown",Unknown,"Unspecified location in the desert around  Sells Pima County Arizona USA","Pima County Office of the Medical Examiner","32.052433, -112.039667","US-Mexico border crossing",,"Northern America",5
2025.MMP1557,2025.MMP1557,"North America","Tue, 08/12/2025 - 12:00",2025,August,1,0,,,1,,"Latin America / Caribbean (P)","Mixed or unknown",Unknown,"Unspecified location in the desert around  Sells Pima County Arizona USA","Pima County Office of the Medical Examiner","31.702692, -111.857239","US-Mexico border crossing",,"Northern America",5
2025.MMP1558,2025.MMP1558,"North America","Tue, 08/12/2025 - 12:00",2025,August,1,0,,,,,"Latin America / Caribbean (P)","Mixed or unknown",Unknown,"Unspecified location in the desert around  Ajo Pima County Arizona USA","Pima County Office of the Medical Examiner","31.949839, -112.89621","US-Mexico border crossing",,"Northern America",5
2025.MMP1559,2025.MMP1559,"North America","Fri, 08/15/2025 - 12:00",2025,August,1,0,,,,,"Latin America / Caribbean (P)","Mixed or unknown",Unknown,"Unspecified location in the desert around  Sweetwater Pima County Arizona USA","Pima County Office of the Medical Examiner","32.011787, -112.578455","US-Mexico border crossing",,"Northern America",5
2025.MMP1560,2025.MMP1560,"North America","Mon, 08/18/2025 - 12:00",2025,August,1,0,,,,,"Latin America / Caribbean (P)","Mixed or unknown",Unknown,"Unspecified location in the desert around  Vamori Pima County Arizona USA","Pima County Office of the Medical Examiner","31.71663, -111.83004","US-Mexico border crossing",,"Northern America",5
2025.MMP1561,2025.MMP1561,"North America","Mon, 08/18/2025 - 12:00",2025,August,1,0,,,1,,"Latin America / Caribbean (P)","Mixed or unknown",Unknown,"Unspecified location in the desert around  Ajo Pima County Arizona USA","Pima County Office of the Medical Examiner","32.412, -113.139","US-Mexico border crossing",,"Northern America",5
2025.MMP1562,2025.MMP1562,"North America","Tue, 08/19/2025 - 12:00",2025,August,1,0,,,,,"Latin America / Caribbean (P)","Mixed or unknown",Unknown,"Unspecified location in the desert around  Ajo Pima County Arizona USA","Pima County Office of the Medical Examiner","32.478359, -113.166784","US-Mexico border crossing",,"Northern America",5
2025.MMP1563,2025.MMP1563,"North America","Tue, 08/19/2025 - 12:00",2025,August,1,0,,,,,"Latin America / Caribbean (P)","Mixed or unknown",Unknown,"Unspecified location in the desert around  Ajo Pima County Arizona USA","Pima County Office of the Medical Examiner","32.489336, -113.093239","US-Mexico border crossing",,"Northern America",5
2025.MMP1564,2025.MMP1564,"North America","Fri, 08/22/2025 - 12:00",2025,August,1,0,,,,,"Latin America / Caribbean (P)","Mixed or unknown",Unknown,"Unspecified location in the desert around  Nogales Santa Cruz County Arizona USA","Pima County Office of the Medical Examiner","31.41417, -111.2389","US-Mexico border crossing",,"Northern America",5
2025.MMP1565,2025.MMP1565,"North America","Mon, 08/25/2025 - 12:00",2025,August,1,0,,,1,,"Central America","Harsh environmental conditions / lack of adequate shelter, food, water",Mexico,"Unspecified location in the desert around  Ajo Pima County Arizona USA","Pima County Office of the Medical Examiner","31.87903, -112.62459","US-Mexico border crossing",,"Northern America",5
2025.MMP1566,2025.MMP1566,"North America","Tue, 08/26/2025 - 12:00",2025,August,1,0,,,1,,"Central America","Harsh environmental conditions / lack of adequate shelter, food, water","El Salvador","Unspecified location in the desert around  Lukeville Pima County Arizona USA","Pima County Office of the Medical Examiner","31.93243, -112.80083","US-Mexico border crossing",,"Northern America",5
2025.MMP1567,2025.MMP1567,"North America","Thu, 09/04/2025 - 12:00",2025,September,1,0,,,1,,"Latin America / Caribbean (P)","Mixed or unknown",Unknown,"Unspecified location in the woods around  Hereford Cochise County Arizona USA","Pima County Office of the Medical Examiner","31.385533, -110.303767","US-Mexico border crossing",,"Northern America",5
2025.MMP1568,2025.MMP1568,"North America","Wed, 09/17/2025 - 12:00",2025,September,1,0,,,1,,"Central America","Sickness / lack of access to adequate healthcare",Mexico,"Unspecified location in the woods around  Nogales Santa Cruz County Arizona USA","Pima County Office of the Medical Examiner","31.3335, -110.951","US-Mexico border crossing",,"Northern America",5
2025.MMP1569,2025.MMP1569,"North America","Mon, 10/20/2025 - 12:00",2025,October,1,0,,,1,,"Latin America / Caribbean (P)",Drowning,Unknown,"Rio Bravo close to the Ramp of Kickapoo Casino,Kickapoo Texas Reservation, Rosita,Maverick County,Texas, United States of America","Super Channel 12","28.60838586, -100.4440491","US-Mexico border crossing",https://perma.cc/HV5Z-GZ5E,"Northern America",1
2025.MMP1570,2025.MMP1570,"Central America","Thu, 10/23/2025 - 12:00",2025,October,1,0,,,1,,Caribbean,"Vehicle accident / death linked to hazardous transport",Haiti,"Off the coastal highway (Carretera Costera) from Huehuetán to Tapachula in front of Aurrera Supermarket,Huehuetán,Chiapas,Mexico","Diario del Sur,Milenio","15.00575745, -92.40089729",,"https://perma.cc/HH4S-TE2H, https://perma.cc/VB3Y-FYBC","Central America",3
2025.MMP1571,2025.MMP1571,"North America","Sat, 10/04/2025 - 12:00",2025,October,1,0,,1,,,"Central America","Sickness / lack of access to adequate healthcare",Mexico,"Doctors Hospital at Renaissance Rio Grande City, Starr County, Texas, United States of America","US Customs and Border Protection,Quadratin Hispano","26.37563042, -98.86097192","US-Mexico border crossing","https://perma.cc/GEG4-6YAF, https://perma.cc/BNU3-ZR9R","Northern America",5
2025.MMP1572,2025.MMP1572,"North America","Wed, 09/24/2025 - 12:00",2025,September,1,0,,,1,,"Central America","Harsh environmental conditions / lack of adequate shelter, food, water",Mexico,"Off the New Mexico Highway 9 (NM-9), Anthony,Doña Ana County, New Mexico, United States of America","US Customs and Border Protection,Puente Libre","31.79754983, -106.9275226","US-Mexico border crossing","https://perma.cc/72VM-YRF5, https://perma.cc/4W5Y-KDF4","Northern America",5
2025.MMP1573,2025.MMP1573,"North America","Sat, 09/13/2025 - 12:00",2025,September,1,0,,1,,,Caribbean,"Sickness / lack of access to adequate healthcare",Cuba,"Doctors Hospital of Laredo,Webb County,Laredo, Texas, United States of America","US Customs and Border Protection","27.60681075, -99.47831911","US-Mexico border crossing",https://perma.cc/DS3Q-SX7X,"Northern America",5
2025.MMP1574,2025.MMP1574,"North America","Wed, 10/15/2025 - 12:00",2025,October,1,0,,,1,,"Central America","Mixed or unknown",Mexico,"Emergency room located on the thousand block of Loop 20,Laredo, Webb County, Texas,United States of America","Telemundo Laredo","27.50703103, -99.44878996","US-Mexico border crossing",https://perma.cc/V8CD-E3VP?type=image,"Northern America",1
2025.MMP1575,2025.MMP1575,Europe,"Tue, 10/28/2025 - 12:00",2025,October,1,0,1,,1,,"Southern Asia",Violence,"Sri Lanka","Remains found near gate for animals in the Latvia-Belarus border fence near an unspecified river, Belarussian side","SB news, Belarus State Border Committee","55.98275812, 27.79952392","Belarus-EU border","https://perma.cc/E4KE-V4L3, https://perma.cc/HS9W-8RP3","Northern America",5
2025.MMP1576,2025.MMP1576,"Eastern Africa","Wed, 10/22/2025 - 12:00",2025,October,1,0,,1,,,"Eastern Africa",Violence,Ethiopia,"Dewele Health Center, Ethiopia","Dewele Health Center, Dewele Police and Community via IOM Ethiopia","11.0078979, 42.6356297","Eastern Route to/from EHOA",,"Eastern Africa",5
2025.MMP1577,2025.MMP15771626,Mediterranean,"Wed, 10/29/2025 - 12:00",2025,October,3,0,102,,3,,"Northern Africa","Vehicle accident / death linked to hazardous transport",Sudan,"Remains found upon disembarkation in Lampedusa, Italy. Boat had departed 4 days prior from Zuwara, Libya","IOM Italy","35.50159861, 12.60358212","Central Mediterranean",,Uncategorized,4
2025.MMP1577,2025.MMP15771627,Mediterranean,"Wed, 10/29/2025 - 12:00",2025,October,1,0,,,1,,"Northern Africa","Vehicle accident / death linked to hazardous transport",Morocco,"Remains found upon disembarkation in Lampedusa, Italy. Boat had departed 4 days prior from Zuwara, Libya","IOM Italy","35.50159861, 12.60358212","Central Mediterranean",,Uncategorized,4
2025.MMP1578,2025.MMP1578,Mediterranean,"Mon, 10/20/2025 - 12:00",2025,October,1,0,,,1,,"Western Asia",Drowning,"State of Palestine","Remains found on rocky coastal area in the Agia Paraskevi area northeast of Samos, Greece","Hellenic Coast Guard","37.78118849, 26.99088736","Eastern Mediterranean",https://perma.cc/V4KU-TDL9,Uncategorized,5
2025.MMP1579,2025.MMP1579,"Northern Africa","Fri, 08/29/2025 - 12:00",2025,August,2,2,8,,4,,Unknown,"Harsh environmental conditions / lack of adequate shelter, food, water",Unknown,"Unspecified location in Nalut, between Tripoli and Ghadames, Libya","IOM Libya Displacement Tracking Matrix","31.8722246, 10.98772652","Sahara Desert crossing",,"Northern Africa",4
2025.MMP1580,2025.MMP1580,"Northern Africa","Fri, 09/05/2025 - 12:00",2025,September,1,0,,,1,,"Sub-Saharan Africa","Harsh environmental conditions / lack of adequate shelter, food, water",Unknown,"Unspecified location in Wazin, Libya, close to the border with Tunisia","IOM Libya Displacement Tracking Matrix","31.95600154, 10.63624232","Sahara Desert crossing",,"Northern Africa",5
2025.MMP1581,2025.MMP1581,"Northern Africa","Sat, 09/06/2025 - 12:00",2025,September,2,0,,,2,,"Northern Africa","Vehicle accident / death linked to hazardous transport",Sudan,"40 KM west of Rebiana, Al-Kufra, Libya","IOM Libya Displacement Tracking Matrix","24.23599258, 21.983333","Sahara Desert crossing",,"Northern Africa",4
2025.MMP1582,2025.MMP1582,Mediterranean,"Mon, 11/03/2025 - 12:00",2025,November,1,0,,,,,"Northern Africa (P)",Drowning,Unknown,"Remains recovered half a mile from Almadraba beach, Ceuta, Spain","El Faro de Ceuta, El Peublo de Ceuta, Ceuta Actualidad","38.35821512, -0.443900964","Western Mediterranean","https://perma.cc/4GLC-8TZY, https://perma.cc/3K6E-PSZJ, https://perma.cc/T9FG-V9UR",Uncategorized,3
2025.MMP1583,2025.MMP1583,Mediterranean,"Mon, 11/03/2025 - 12:00",2025,November,2,,,,,,"Northern Africa",Drowning,Tunisia,"Off the port of Livorno, Livorno, Tuscany, Italy - stowed away on a cargo ship from Tunisia","InfoMigrants, ANSA English, Adnkronosinternational, Realities","43.55043336, 10.29359555","Central Mediterranean","https://perma.cc/T6W7-2L9R, https://perma.cc/T6W7-2L9R, https://perma.cc/FS3D-AYEP, https://perma.cc/XA7M-QNJ4",Uncategorized,3
2025.MMP1584,2025.MMP1584,"Western Africa","Wed, 06/25/2025 - 12:00",2025,June,8,0,,0,8,0,Unknown,Drowning,Unknown,"Gaya, Dosso, Niger","IOM Niger Displacement Tracking Matrix","11.8844, 3.4492","Sahara Desert crossing",,"Western Africa",2
2025.MMP1585,2025.MMP15851637,"Northern Africa","Thu, 07/03/2025 - 12:00",2025,July,2,0,,0,2,0,Unknown,"Harsh environmental conditions / lack of adequate shelter, food, water",Niger,"Tamanrasset, Algeria - on the way to Libya","IOM Niger Displacement Tracking Matrix","22.785, 5.5228","Sahara Desert crossing",,"Northern Africa",2
2025.MMP1585,2025.MMP15851638,"Northern Africa","Thu, 07/03/2025 - 12:00",2025,July,8,0,,,8,,Unknown,"Harsh environmental conditions / lack of adequate shelter, food, water",Unknown,"Tamanrasset, Algeria - on the way to Libya","IOM Niger Displacement Tracking Matrix","22.785, 5.5228","Sahara Desert crossing",,"Northern Africa",2
2025.MMP1586,2025.MMP1586,"Western Africa","Tue, 07/08/2025 - 12:00",2025,July,2,0,,0,2,0,Unknown,"Harsh environmental conditions / lack of adequate shelter, food, water",Unknown,"Madama, Agadez, Niger","IOM Niger Displacement Tracking Matrix","21.9329, 13.623","Sahara Desert crossing",,"Western Africa",2
2025.MMP1587,2025.MMP1587,"Western Africa","Sun, 07/06/2025 - 12:00",2025,July,6,0,,0,0,6,Unknown,"Harsh environmental conditions / lack of adequate shelter, food, water",Unknown,"Accra, Greater Accra, Ghana","IOM Niger Displacement Tracking Matrix","5.556, -0.1969",,,"Western Africa",2
2025.MMP1588,2025.MMP1588,"Western Africa","Sat, 07/12/2025 - 12:00",2025,July,1,0,,1,0,0,Unknown,"Accidental death",Niger,"Assamaka, Agadez, Niger","IOM Niger Displacement Tracking Matrix","19.3344, 5.7719","Sahara Desert crossing",,"Western Africa",2
2025.MMP1589,2025.MMP1589,"Western Africa","Wed, 07/16/2025 - 12:00",2025,July,1,0,,0,1,0,Unknown,"Harsh environmental conditions / lack of adequate shelter, food, water",Mali,"Assamaka, Agadez, Niger","IOM Niger Displacement Tracking Matrix","19.3344, 5.7719","Sahara Desert crossing",,"Western Africa",2
2025.MMP1590,2025.MMP1590,"Western Africa","Sun, 07/27/2025 - 12:00",2025,July,12,4,,0,16,0,Unknown,"Harsh environmental conditions / lack of adequate shelter, food, water",Unknown,"Djado, Agadez, Niger - on the way back from Libya","IOM Niger Displacement Tracking Matrix","21.0159, 12.3084","Sahara Desert crossing",,"Western Africa",2
2025.MMP1591,2025.MMP1591,"Northern Africa","Sat, 07/19/2025 - 12:00",2025,July,15,0,,0,15,0,Unknown,"Harsh environmental conditions / lack of adequate shelter, food, water",Unknown,"Unspecified location in southern Libya","IOM Niger Displacement Tracking Matrix","23.72024304, 14.0715208","Sahara Desert crossing",,"Northern Africa",2
2025.MMP1592,2025.MMP1592,"Western Africa","Wed, 08/06/2025 - 12:00",2025,August,1,0,,0,1,0,Unknown,"Accidental death",Unknown,"Close to Dirkou, Agadez, Niger","IOM Niger Displacement Tracking Matrix","19.0333, 12.9033","Sahara Desert crossing",,"Western Africa",2
2025.MMP1593,2025.MMP1593,"Western Africa","Mon, 08/04/2025 - 12:00",2025,August,2,0,,0,2,0,Unknown,"Harsh environmental conditions / lack of adequate shelter, food, water",Unknown,"7 km from Madama, Agadez, Niger","IOM Niger Displacement Tracking Matrix","21.94, 13.63","Sahara Desert crossing",,"Western Africa",2
2025.MMP1594,2025.MMP1594,"Western Africa","Wed, 08/13/2025 - 12:00",2025,August,1,0,,0,1,0,Unknown,"Sickness / lack of access to adequate healthcare",Unknown,"Seguidine, Agadez, Niger","IOM Niger Displacement Tracking Matrix","20.20127997, 12.98324765","Sahara Desert crossing",,"Western Africa",2
2025.MMP1595,2025.MMP1595,"Western Africa","Fri, 08/15/2025 - 12:00",2025,August,,11,,11,0,0,Unknown,"Harsh environmental conditions / lack of adequate shelter, food, water",Unknown,"Close to Seguedine, Agadez, Niger","IOM Niger Displacement Tracking Matrix","20.2, 12.98","Sahara Desert crossing",,"Western Africa",2
2025.MMP1596,2025.MMP1596,"Western Africa","Thu, 08/21/2025 - 12:00",2025,August,1,0,,0,1,0,Unknown,"Sickness / lack of access to adequate healthcare",Unknown,"Seguidine, Agadez, Niger","IOM Niger Displacement Tracking Matrix","20.20127997, 12.98324765","Sahara Desert crossing",,"Western Africa",2
2025.MMP1597,2025.MMP1597,"Western Africa","Sun, 09/21/2025 - 12:00",2025,September,1,0,,0,1,0,Unknown,"Sickness / lack of access to adequate healthcare",Unknown,"Assamaka, Agadez, Niger","IOM Niger Displacement Tracking Matrix","19.3344, 5.7719","Sahara Desert crossing",,"Western Africa",2
2025.MMP1598,2025.MMP1598,Europe,"Thu, 11/06/2025 - 12:00",2025,November,6,0,3,,,,"Southern Asia","Vehicle accident / death linked to hazardous transport",Afghanistan,"Car fell into Lake Vaya in an unspecified location near Burgas, Bulgaria","NOVA, Darik News, Associated Press","42.49340106, 27.44903493","Western Balkans","https://perma.cc/K476-TUUF, https://archive.ph/a7pqS, https://archive.ph/xpsx4","Eastern Europe",3
2025.MMP1599,2025.MMP1599,Europe,"Mon, 08/25/2025 - 12:00",2025,August,1,0,,,1,,Unknown,Drowning,Unknown,"Remains found in the Bug River near Terespol, Poland","Border Deaths Monitoring Group","52.08784816, 23.62719559","Belarus-EU border",https://perma.cc/5BB7-CQTJ,"Eastern Europe",4
2025.MMP1600,2025.MMP1600,Europe,"Tue, 06/03/2025 - 12:00",2025,June,1,0,,,1,,"Southern Asia",Drowning,Afghanistan,"Remains found in the Bug River near Kuzawka Kolonia, Hanna municipality, Poland","Border Deaths Monitoring Group","51.74477265, 23.5338298","Belarus-EU border",https://perma.cc/5BB7-CQTJ,"Eastern Europe",4
2025.MMP1601,2025.MMP1601,Europe,"Fri, 07/25/2025 - 12:00",2025,July,1,0,,1,,,Unknown,"Mixed or unknown",Unknown,"Remains found at unspecified location near Polish border barrier in Kamyenyets District, Belarus","Belarus State Border Committee, Border Deaths Monitoring Group","52.23632158, 23.19813228","Belarus-EU border","https://perma.cc/3QWX-5XSD, https://perma.cc/5BB7-CQTJ","Eastern Europe",5
2025.MMP1602,2025.MMP1602,"South America","Sat, 10/25/2025 - 12:00",2025,October,1,0,,,1,,"South America",Violence,"Venezuela (Bolivarian Republic of)","At the intersection of Canta Callao Avenue and Dos de Octubre Street, in the district of Los Olivos, Peru","Reporte Confidencia Venezuela, La Republica Perú","-11.95037673, -77.08517035",,"https://perma.cc/B5WZ-WVQX, https://perma.cc/5UKT-YMZ6","South America",3
2025.MMP1603,2025.MMP1603,"Central America","Wed, 10/29/2025 - 12:00",2025,October,1,0,,,1,,"Central America","Sickness / lack of access to adequate healthcare",Honduras,"Outside of OXXO in Calzada Antonio Narro and Niños Héroes Street 1196, Centro,Saltillo,Coahuila, Mexico",Zócalo,"25.41074162, -101.0105808",,https://perma.cc/A8WV-9SSS,"Central America",1
2025.MMP1604,2025.MMP1604,"North America","Thu, 10/30/2025 - 12:00",2025,October,1,0,,,,,Unknown,"Mixed or unknown",Unknown,"Human remains found near Jay transborder area of United States and Canada in Orleans County,Vermont, United States of America","Boston Globe,WCAX 3, Seven Days Vermont,NBC 5, Vermont Daily Chronicle","45.00855627, -72.4553053",,"https://archive.ph/rLl8E, https://perma.cc/WPR2-HBL6, https://perma.cc/HW3D-XCZ2, https://perma.cc/6D6E-WBVR, https://perma.cc/5K4Y-SB9N","Northern America",3
2025.MMP1605,2025.MMP1605,Mediterranean,"Sun, 11/09/2025 - 12:00",2025,November,1,0,,,1,,"Northern Africa (P)",Drowning,Unknown,"Remains washed ashore at Tarajal beach, Ceuta, Spain","Europa Press, La verdad de Ceuta","35.85397381, -5.346941793","Western Mediterranean","https://perma.cc/78UB-4746, https://perma.cc/HJN6-ULGW",Uncategorized,3
2025.MMP1606,2025.MMP1606,"South-eastern Asia","Sat, 11/08/2025 - 12:00",2025,November,36,20,14,11,19,6,"South-eastern Asia",Drowning,Myanmar,"The boat capsized in the Andaman sea, in between Tarutao Island (Thailand) and Langkawi Island (Malaysia)","IOM, UNHCR, Sinar Harian, New Straits Times","6.478276402, 99.64029437","Bay of Bengal/Andaman Sea","https://perma.cc/HWE4-54LY, https://perma.cc/YLF6-7HZF, https://perma.cc/G5FH-VFZH, https://perma.cc/J2U7-KHRV, https://perma.cc/EB5H-N86Z, https://perma.cc/G88R-CND9, https://perma.cc/NP4S-EUXM, https://perma.cc/4NQ3-LGJJ, https://perma.cc/8BC6-5Z3Q, https://perma.cc/XF25-RK7D, https://perma.cc/CKS4-8S53, https://perma.cc/R4A4-QWUH, https://perma.cc/D7ST-A3M9",Uncategorized,5
2025.MMP1607,2025.MMP16071662,Mediterranean,"Sat, 11/08/2025 - 12:00",2025,November,,29,7,,29,,"Northern Africa",Drowning,Sudan,"Near the Al Bouri Oil Field - departure from Zuwara, Libya on 3 November","IOM Libya","33.89, 12.61","Central Mediterranean",https://perma.cc/JCY7-PAHT,Uncategorized,4
2025.MMP1607,2025.MMP16071663,Mediterranean,"Sat, 11/08/2025 - 12:00",2025,November,,8,,2,6,,"Eastern Africa",Drowning,Somalia,"Near the Al Bouri Oil Field - departure from Zuwara, Libya on 3 November","IOM Libya","33.89, 12.61","Central Mediterranean",https://perma.cc/JCY7-PAHT,Uncategorized,4
2025.MMP1607,2025.MMP16071664,Mediterranean,"Sat, 11/08/2025 - 12:00",2025,November,,3,,,,,"Middle Africa",Drowning,Cameroon,"Near the Al Bouri Oil Field - departure from Zuwara, Libya on 3 November","IOM Libya","33.89, 12.61","Central Mediterranean",https://perma.cc/JCY7-PAHT,Uncategorized,4
2025.MMP1607,2025.MMP16071665,Mediterranean,"Sat, 11/08/2025 - 12:00",2025,November,,2,,,,,"Western Africa",Drowning,Nigeria,"Near the Al Bouri Oil Field - departure from Zuwara, Libya on 3 November","IOM Libya","33.89, 12.61","Central Mediterranean",https://perma.cc/JCY7-PAHT,Uncategorized,4
2025.MMP1608,2025.MMP1608,Mediterranean,"Tue, 11/11/2025 - 12:00",2025,November,8,4,55,2,5,,Unknown,Drowning,Unknown,"15 nautical miles douth of Gavdos, - departure from Tobruk, Libya (Libya-Crete crossing)","IOM Greece, Hellenic Coast Guard, Alarm Phone, Agean boat report","34.57345508, 24.07432258","Eastern Mediterranean","https://perma.cc/DE6R-BYK6 https://perma.cc/ZM83-8XTH, https://perma.cc/49LH-AGEX",Uncategorized,5
2025.MMP1609,2025.MMP1609,"South-eastern Asia","Fri, 09/26/2025 - 12:00",2025,September,,135,65,,,,"South-eastern Asia",Drowning,Myanmar,"Unspecified location at sea after embarkation from Myanmar",UNHCR,"18.31817495, 93.83273208","Bay of Bengal/Andaman Sea",https://data.unhcr.org/en/situations/myanmar#powerbi,Uncategorized,4
2025.MMP1610,2025.MMP1610,"Southern Asia","Mon, 10/20/2025 - 12:00",2025,October,4,0,56,,,,"South-eastern Asia","Mixed or unknown",Myanmar,"Unspecified location in Naf River after embarkation from Myanmar and disembarkation in Bangladesh",UNHCR,"20.8302165, 92.33032412","Naf River crossing",https://data.unhcr.org/en/situations/myanmar#powerbi,"Southern Asia",4
2025.MMP1611,2025.MMP1611,"South-eastern Asia","Sat, 10/25/2025 - 12:00",2025,October,4,0,31,,4,,"South-eastern Asia","Vehicle accident / death linked to hazardous transport",Myanmar,"Route 323, Kilometer Pole #108-#109, Sai Yok district, Kanchanaburi province, Thailand","Channel 7, Khaosod, Matichon","14.16580075, 99.13401711",,"https://perma.cc/X8J7-ELCL, https://perma.cc/PR2R-3F2X, https://perma.cc/6LT2-W43L","South-eastern Asia",5
2025.MMP1612,2025.MMP1612,Mediterranean,"Sun, 11/02/2025 - 12:00",2025,November,,25,,,,,"Northern Africa (P)",Drowning,Mixed/Unknown,"Boat capsized off the coasts of Caf Fatema, Skikida, Algeria","IOM Algeria, AkherSaa, Al-Nahar TV","36.9637533, 7.027216347","Central Mediterranean","https://perma.cc/9LZR-A8DB, https://perma.cc/G2ZD-5GQX",Uncategorized,4
2025.MMP1613,2025.MMP1613,Mediterranean,"Mon, 11/03/2025 - 12:00",2025,November,1,0,,,,,"Northern Africa",Drowning,Morocco,"Remains washed ashore at Al-Madraba, Terkhal, Tetouan, Morocco - en route to Ceuta, Spain","Nishan News, PressTetouan","35.66107591, -5.161607286","Western Mediterranean","https://perma.cc/ZTN9-XW9K, https://perma.cc/K2HT-JGMQ",Uncategorized,3
2025.MMP1614,2025.MMP1614,Mediterranean,"Mon, 11/03/2025 - 12:00",2025,November,,1,,,1,,Unknown,Drowning,Unknown,"Unspecified location near Zilten, Libya","IOM Libya","32.55187769, 14.85533084","Central Mediterranean",,Uncategorized,4
2025.MMP1615,2025.MMP1615,Mediterranean,"Mon, 11/03/2025 - 12:00",2025,November,,1,,,1,,Unknown,Drowning,Unknown,"Unspecified location near Al-Khoms, Libya","IOM Libya","32.66783336, 14.2800276","Central Mediterranean",,Uncategorized,4
2025.MMP1616,2025.MMP16161678,"Central America","Tue, 11/04/2025 - 12:00",2025,November,4,0,,2,2,,"Central America","Vehicle accident / death linked to hazardous transport",Guatemala,"Close to kilometer 183 of the Torreon-Jimenez Highway,Chihuahua, Mexico","INM,TV Azteca Chihuahua,Debate,Codigo 13,FM 105,Municipios Puebla, El Sol de Parral, netnoticias.mx","26.91478689, -104.5722259","US-Mexico border crossing","https://perma.cc/5XKV-R5QT, https://perma.cc/7U9K-V52T, https://perma.cc/46D9-M6PT, https://perma.cc/RK64-BUFK, https://archive.ph/HKWAV, https://archive.ph/syeiv, https://perma.cc/S7DL-E2XZ, https://perma.cc/4PUG-XDPB","Central America",5
2025.MMP1616,2025.MMP16161679,"Central America","Tue, 11/04/2025 - 12:00",2025,November,2,0,,,2,,"Central America","Vehicle accident / death linked to hazardous transport",Honduras,"Close to kilometer 183 of the Torreon-Jimenez Highway,Chihuahua, Mexico","INM,TV Azteca Chihuahua,Debate,Codigo 13,FM 105,Municipios Puebla, El Sol de Parral, netnoticias.mx","26.91478689, -104.5722259","US-Mexico border crossing","https://perma.cc/5XKV-R5QT, https://perma.cc/7U9K-V52T, https://perma.cc/46D9-M6PT, https://perma.cc/RK64-BUFK, https://archive.ph/HKWAV, https://archive.ph/syeiv, https://perma.cc/S7DL-E2XZ, https://perma.cc/4PUG-XDPB","Central America",5
2025.MMP1617,2025.MMP1617,"South America","Fri, 11/07/2025 - 12:00",2025,November,1,0,,,,,"South America",Violence,"Venezuela (Bolivarian Republic of)","Las Malvinas Migrant Makeshift Camp, Lampa,Lampa Commune, Region Metropolitana, Chile","Primera Edicion,Bio Bio Chile","-33.2966471, -70.88899678",,"https://archive.ph/cISCq, https://perma.cc/WL6X-5UHJ","South America",3
2025.MMP1618,2025.MMP1618,"Central America","Sun, 11/09/2025 - 12:00",2025,November,1,0,21,,1,1,"South America",Drowning,Colombia,"Beach in Miramar, Santa Isabel, Colon Province, Panama","Panamanian Ministry of Security, National Air and Naval Service and Migracion Panama,La Estrella de Panama, La Prensa Panama,El Colombiano","9.579666837, -79.32927793",,"https://perma.cc/6QP9-MMBT, https://archive.ph/qAcPN, https://archive.ph/PaSes/image, https://archive.ph/oWRjA","Central America",5
2025.MMP1619,2025.MMP16191682,Mediterranean,"Sat, 11/15/2025 - 12:00",2025,November,5,9,36,,14,,"Southern Asia",Drowning,Bangladesh,"Unspecified location off the coast of Al Khums, Libya. Disembarkation at Marsa Della","IOM Libya","33.33941558, 14.71654065","Central Mediterranean",,Uncategorized,4
2025.MMP1619,2025.MMP16191683,Mediterranean,"Sat, 11/15/2025 - 12:00",2025,November,,1,3,1,,1,"Northern Africa",Drowning,Egypt,"Unspecified location off the coast of Al Khums, Libya. Disembarkation at Marsa Della","IOM Libya","33.33941558, 14.71654065","Central Mediterranean",,Uncategorized,4
2025.MMP1620,2025.MMP16201684,Mediterranean,"Thu, 11/13/2025 - 12:00",2025,November,,40,,,,,Unknown,Drowning,Unknown,"Unspecified location off the coast of Al Khums, Libya. Disembarkation at Tajoura","IOM Libya","33.47393845, 13.85751763","Central Mediterranean",,Uncategorized,4
2025.MMP1620,2025.MMP16201685,Mediterranean,"Thu, 11/13/2025 - 12:00",2025,November,4,0,22,,4,,"Southern Asia",Drowning,Bangladesh,"Unspecified location off the coast of Al Khums, Libya. Disembarkation at Tajoura","IOM Libya","33.47393845, 13.85751763","Central Mediterranean",,Uncategorized,4
2025.MMP1621,2025.MMP1621,Mediterranean,"Wed, 11/05/2025 - 12:00",2025,November,1,0,17,,1,,"Northern Africa",Drowning,Algeria,"55 miles southeast of the coast Cartagena, Spain","La7, La Verdad","37.03244741, -0.277962158","Western Mediterranean","https://perma.cc/9WW6-2HU5, https://perma.cc/J9TT-XCPN",Uncategorized,3
2025.MMP1622,2025.MMP1622,Mediterranean,"Thu, 10/30/2025 - 12:00",2025,October,5,0,10,,,,"Northern Africa",Drowning,Algeria,"About 20 km off the coast of Cheraga beach near Algiers, Algeria","Alarm Phone","36.16440975, -1.601156512","Western Mediterranean","https://perma.cc/VZA2-Q7KP, https://perma.cc/DA97-WCQQ",Uncategorized,4
2025.MMP1623,2025.MMP16231688,Mediterranean,"Sat, 11/15/2025 - 12:00",2025,November,2,0,,,,,"Western Africa",Drowning,Senegal,"Unspecified location off the coas tof Al Zawiya, Libya. Disembarkation at Marsa Della","IOM Libya","33.02692745, 12.76613115","Central Mediterranean",,Uncategorized,4
2025.MMP1623,2025.MMP16231689,Mediterranean,"Sat, 11/15/2025 - 12:00",2025,November,2,0,,,,,"Western Africa",Drowning,Guinea,"Unspecified location off the coas tof Al Zawiya, Libya. Disembarkation at Marsa Della","IOM Libya","33.02692745, 12.76613115","Central Mediterranean",,Uncategorized,4
2025.MMP1623,2025.MMP16231690,Mediterranean,"Sat, 11/15/2025 - 12:00",2025,November,,31,37,,,,Mixed,Drowning,Mixed/Unknown,"Unspecified location off the coas tof Al Zawiya, Libya. Disembarkation at Marsa Della","IOM Libya","33.02692745, 12.76613115","Central Mediterranean",,Uncategorized,4
2025.MMP1624,2025.MMP1624,"Eastern Africa","Tue, 07/22/2025 - 12:00",2025,July,1,0,,,1,,"Eastern Africa","Sickness / lack of access to adequate healthcare",Ethiopia,"Tadjourah, Djibouti","IOM Djibouti Displacement Tracking Matrix","11.505737, 42.251843","Eastern Route to/from EHOA",,"Eastern Africa",5
2025.MMP1625,2025.MMP1625,"Eastern Africa","Tue, 08/05/2025 - 12:00",2025,August,1,0,,,1,,"Eastern Africa","Harsh environmental conditions / lack of adequate shelter, food, water",Ethiopia,"Obock, Djibouti","Obock prefecture via IOM Djibouti","11.962588, 43.225309","Eastern Route to/from EHOA",,"Eastern Africa",5
2025.MMP1626,2025.MMP1626,"Eastern Africa","Thu, 09/18/2025 - 12:00",2025,September,1,0,,1,,1,"Eastern Africa",Drowning,Ethiopia,"Remains found on beach in Obock, Djibouti","Obock prefecture via IOM Djibouti","11.864046, 43.103858","Eastern Route to/from EHOA",,"Eastern Africa",5
2025.MMP1627,2025.MMP1627,"Eastern Africa","Thu, 09/11/2025 - 12:00",2025,September,1,0,,,1,,"Eastern Africa","Accidental death",Ethiopia,"Sabian General Hospital, Dire Dawa, Ethiopia","IOM Ethiopia","9.611578849, 41.83727759","Eastern Route to/from EHOA",,"Eastern Africa",4
2025.MMP1628,2025.MMP1628,"North America","Sat, 11/08/2025 - 12:00",2025,November,4,0,5,,,,"Latin America / Caribbean (P)",Drowning,Unknown,"Off the Coast of Imperial Beach, San Diego County,California,United States of America","United States Coast Guard Southern California,US Coast Guard,Los Angeles Times,Telemundo","32.56452279, -117.1323448","US-Mexico border crossing","https://perma.cc/U76L-3684, https://perma.cc/VNT4-4VLV, https://perma.cc/5ECV-D8BA, https://perma.cc/N9U9-KWGP?type=image","Northern America",5
2025.MMP1629,2025.MMP1629,Caribbean,"Thu, 10/30/2025 - 12:00",2025,October,,16,,2,2,,Caribbean,Drowning,Cuba,"International Waters in the Caribbean Sea in front of the Coast of Montego Bay, Jamaica","Cibercuba, Cuba en Miami","18.60184623, -77.94161714",,"https://perma.cc/DT7S-GERN, https://archive.ph/htFDy",Caribbean,3
2025.MMP1630,2025.MMP1630,Mediterranean,"Wed, 11/05/2025 - 12:00",2025,November,,18,5,,,,Unknown,Drowning,Unknown,"40 miles south of Cabrera, Balearic Islands, Spain. Departed from Cap Djinet, Algeria","El Pais, Diario de Ibiza, Maghreb Emeperor","38.32612766, 2.95899469","Western Mediterranean","https://perma.cc/79SV-SSQ5, https://perma.cc/3KHS-RJMN, https://perma.cc/R77V-4AX8",Uncategorized,3
2025.MMP1631,2025.MMP16311698,"Eastern Africa","Tue, 11/04/2025 - 12:00",2025,November,9,0,1,4,5,,"Eastern Africa (P)",Drowning,Mixed/Unknown,"off plage d’Ambanjambe, Fokontany Antrema/Mahajanga, Katsepy, Madagascar","L'express De Madagascar, The Eastleigh Voice, Hiiraan Online, BBC Africa, NEWSMADA, 2424.mg, Anadolu Ajansi, Baidoa Online","-15.70332564, 46.21750366","Sea crossings to Mayotte","https://perma.cc/BAX7-Q68R, https://perma.cc/TH8E-UDEF, https://perma.cc/R22H-NQZC, https://perma.cc/GZ8E-KFAT, https://perma.cc/XEY9-UXQE, https://perma.cc/MLZ6-SBNJ, https://perma.cc/2J68-HD3M, https://perma.cc/FKP2-DGVC","Eastern Africa",3
2025.MMP1631,2025.MMP16311699,"Eastern Africa","Tue, 11/04/2025 - 12:00",2025,November,4,0,,2,2,,"Eastern Africa",Drowning,Somalia,"off plage d’Ambanjambe, Fokontany Antrema/Mahajanga, Katsepy, Madagascar","L'express De Madagascar, The Eastleigh Voice, Hiiraan Online, BBC Africa, NEWSMADA, 2424.mg, Anadolu Ajansi, Baidoa Online","-15.70332564, 46.21750366","Sea crossings to Mayotte","https://perma.cc/BAX7-Q68R, https://perma.cc/TH8E-UDEF, https://perma.cc/R22H-NQZC, https://perma.cc/GZ8E-KFAT, https://perma.cc/XEY9-UXQE, https://perma.cc/MLZ6-SBNJ, https://perma.cc/2J68-HD3M, https://perma.cc/FKP2-DGVC","Eastern Africa",3
2025.MMP1631,2025.MMP16311700,"Eastern Africa","Tue, 11/04/2025 - 12:00",2025,November,1,0,,1,,,"Eastern Africa",Drowning,Madagascar,"off plage d’Ambanjambe, Fokontany Antrema/Mahajanga, Katsepy, Madagascar","L'express De Madagascar, The Eastleigh Voice, Hiiraan Online, BBC Africa, NEWSMADA, 2424.mg, Anadolu Ajansi, Baidoa Online","-15.70332564, 46.21750366","Sea crossings to Mayotte","https://perma.cc/BAX7-Q68R, https://perma.cc/TH8E-UDEF, https://perma.cc/R22H-NQZC, https://perma.cc/GZ8E-KFAT, https://perma.cc/XEY9-UXQE, https://perma.cc/MLZ6-SBNJ, https://perma.cc/2J68-HD3M, https://perma.cc/FKP2-DGVC","Eastern Africa",3
2025.MMP1632,2025.MMP16321701,"Northern Africa","Wed, 04/02/2025 - 12:00",2025,April,2,0,,0,2,0,"Western Africa",Violence,Mali,"Around 50km south of Bordj Bou Arreridj, Algeria","IOM Mali Displacement Tracking Matrix","35.70005145, 4.547136755","Sahara Desert crossing",,"Northern Africa",2
2025.MMP1632,2025.MMP16321702,"Northern Africa","Wed, 04/02/2025 - 12:00",2025,April,,2,,0,2,0,Unknown,"Mixed or unknown",Unknown,"Around 50km south of Bordj Bou Arreridj, Algeria","IOM Mali Displacement Tracking Matrix","35.70005145, 4.547136755","Sahara Desert crossing",,"Northern Africa",2
2025.MMP1634,2025.MMP1634,"Northern Africa","Tue, 01/07/2025 - 12:00",2025,January,2,0,,0,2,0,Unknown,Drowning,Unknown,"Off the coast of Sfax, Tunisia","IOM Mali Displacement Tracking Matrix","34.71933041, 10.77360618","Sahara Desert crossing",,Uncategorized,2
2025.MMP1635,2025.MMP16351704,"Northern Africa","Sun, 04/20/2025 - 12:00",2025,April,4,0,,0,4,0,"Western Africa","Harsh environmental conditions / lack of adequate shelter, food, water",Mali,"Between border with Algeria and Assamaka (""Zero Point"" zone), Niger","IOM Mali Displacement Tracking Matrix","19.398994, 5.634612","Sahara Desert crossing",,"Western Africa",2
2025.MMP1635,2025.MMP16351705,"Northern Africa","Wed, 04/30/2025 - 12:00",2025,April,4,0,,0,4,0,"Western Africa","Harsh environmental conditions / lack of adequate shelter, food, water",Guinea,"Between border with Algeria and Assamaka (""Zero Point"" zone), Niger","IOM Mali Displacement Tracking Matrix","19.398994, 5.634612","Sahara Desert crossing",,"Western Africa",2
2025.MMP1635,2025.MMP16351706,"Northern Africa","Wed, 04/30/2025 - 12:00",2025,April,2,0,,0,2,0,"Western Africa","Harsh environmental conditions / lack of adequate shelter, food, water",Senegal,"Between border with Algeria and Assamaka (""Zero Point"" zone), Niger","IOM Mali Displacement Tracking Matrix","19.398994, 5.634612","Sahara Desert crossing",,"Western Africa",2
2025.MMP1638,2025.MMP1638,"Western Africa","Wed, 05/28/2025 - 12:00",2025,May,1,0,,0,1,0,Unknown,"Sickness / lack of access to adequate healthcare",Guinea,"In a hospital in Timbuktu, Mali","IOM Mali Displacement Tracking Matrix","16.76886298, -3.00776301","Sahara Desert crossing",,"Western Africa",2
2025.MMP1639,2025.MMP16391708,"Northern Africa","Sat, 07/05/2025 - 12:00",2025,July,3,0,,0,3,0,"Western Africa","Harsh environmental conditions / lack of adequate shelter, food, water",Mali,"Between border with Algeria and Assamaka (""Zero Point"" zone), Niger","IOM Mali Displacement Tracking Matrix","19.398994, 5.634612","Sahara Desert crossing",,"Western Africa",2
2025.MMP1639,2025.MMP16391709,"Northern Africa","Sat, 07/05/2025 - 12:00",2025,July,4,0,,0,4,0,"Western Africa","Harsh environmental conditions / lack of adequate shelter, food, water",Guinea,"Between border with Algeria and Assamaka (""Zero Point"" zone), Niger","IOM Mali Displacement Tracking Matrix","19.398994, 5.634612","Sahara Desert crossing",,"Western Africa",2
2025.MMP1641,2025.MMP1641,"Northern Africa","Fri, 07/04/2025 - 12:00",2025,July,3,1,,0,4,0,Unknown,"Harsh environmental conditions / lack of adequate shelter, food, water",Unknown,"Unspecified location in the Sahara Desert around Adrar, Algeria","IOM Mali Displacement Tracking Matrix","27.85732707, -0.318026086","Sahara Desert crossing",,"Northern Africa",2
2025.MMP1642,2025.MMP1642,"Northern Africa","Fri, 08/15/2025 - 12:00",2025,August,2,0,,0,2,0,Unknown,"Harsh environmental conditions / lack of adequate shelter, food, water",Unknown,"Biskra, Algeria","IOM Mali Displacement Tracking Matrix","34.85346961, 5.737289864","Sahara Desert crossing",,"Northern Africa",2
2025.MMP1643,2025.MMP1643,"Northern Africa","Thu, 08/14/2025 - 12:00",2025,August,4,0,,1,2,1,Unknown,"Harsh environmental conditions / lack of adequate shelter, food, water",Unknown,"Unspecified location in the Sahara Desert south of Tobruk, Libya","IOM Mali Displacement Tracking Matrix","31.70228153, 23.85187993","Sahara Desert crossing",,"Northern Africa",2
2025.MMP1644,2025.MMP16441713,"Northern Africa","Fri, 08/08/2025 - 12:00",2025,August,3,0,,0,3,0,"Western Africa",Violence,"Côte d'Ivoire","Unspecified location in the Sahara Desert in between Algeria and Niger, Algeria","IOM Mali Displacement Tracking Matrix","21.12030685, 5.572756513","Sahara Desert crossing",,"Northern Africa",2
2025.MMP1644,2025.MMP16441714,"Northern Africa","Fri, 08/08/2025 - 12:00",2025,August,1,0,,0,1,0,"Western Africa",Violence,Guinea,"Unspecified location in the Sahara Desert in between Algeria and Niger, Algeria","IOM Mali Displacement Tracking Matrix","21.12030685, 5.572756513","Sahara Desert crossing",,"Northern Africa",2
2025.MMP1645,2025.MMP1645,Mediterranean,"Tue, 11/25/2025 - 12:00",2025,November,1,1,16,,,,Unknown,Drowning,Unknown,"Off Karaburun, İzmir, Türkiye","Turkish Coast Guard","38.67698428, 26.53844611","Eastern Mediterranean",https://perma.cc/MQR8-Q297,Uncategorized,5
2025.MMP1646,2025.MMP1646,"Southern Asia","Thu, 10/09/2025 - 12:00",2025,October,1,0,19,,,,"Southern Asia","Vehicle accident / death linked to hazardous transport",Afghanistan,"On road in Kuhak district, Saravan county, Sistan and Baluchestan province, Iran","Afghanistan International, Pajhwok Afghan News, Shia News Association, Mohajer News Agency","27.12856538, 63.231261","Afghanistan to Iran","https://perma.cc/LHM8-QGBC, https://perma.cc/2QX8-KBDE, https://perma.cc/AV7B-Q9GU, https://perma.cc/DE7T-284L","Southern Asia",3
2025.MMP1647,2025.MMP16471717,"South-eastern Asia","Wed, 10/22/2025 - 12:00",2025,October,2,0,,,,,"Eastern Asia",Drowning,China,"Moei River (Thaungyin River) while fleeing the scam centre (KK Park) in Myanmar crossing the river to Thailand","Than Lwin Khet, Workpoint News, Connect Burma, Telegraph, Bangkok Post","16.65005651, 98.522532",,"https://perma.cc/JMH9-GAGX, https://perma.cc/83TW-U4QC, https://perma.cc/MNT6-XNNW, https://perma.cc/D8JU-H4EE, https://perma.cc/WU7F-WWNV","South-eastern Asia",3
2025.MMP1647,2025.MMP16471718,"South-eastern Asia","Wed, 10/22/2025 - 12:00",2025,October,1,0,,,,,"South-eastern Asia",Drowning,"Viet Nam","Moei River (Thaungyin River) while fleeing the scam centre (KK Park) in Myanmar crossing the river to Thailand","Than Lwin Khet, Workpoint News, Connect Burma, Telegraph, Bangkok Post","16.65005651, 98.522532",,"https://perma.cc/JMH9-GAGX, https://perma.cc/83TW-U4QC, https://perma.cc/MNT6-XNNW, https://perma.cc/D8JU-H4EE, https://perma.cc/WU7F-WWNV","South-eastern Asia",3
2025.MMP1647,2025.MMP16471719,"South-eastern Asia","Wed, 10/22/2025 - 12:00",2025,October,1,0,,,,,"South-eastern Asia (P)",Drowning,Unknown,"Moei River (Thaungyin River) while fleeing the scam centre (KK Park) in Myanmar crossing the river to Thailand","Than Lwin Khet, Workpoint News, Connect Burma, Telegraph, Bangkok Post","16.65005651, 98.522532",,"https://perma.cc/JMH9-GAGX, https://perma.cc/83TW-U4QC, https://perma.cc/MNT6-XNNW, https://perma.cc/D8JU-H4EE, https://perma.cc/WU7F-WWNV","South-eastern Asia",3
2025.MMP1648,2025.MMP1648,"Southern Asia","Wed, 11/12/2025 - 12:00",2025,November,13,0,7,,,,"Southern Asia","Vehicle accident / death linked to hazardous transport",Afghanistan,"Unknown location in Khash City, Sistan and Baluchestan province, Iran","Pajhwok Afghan News, Afghanistan International, KabulNow","28.2200233, 61.211486","Afghanistan to Iran","https://perma.cc/2QX8-KBDE, https://perma.cc/Q8UF-23FC, https://perma.cc/M9DP-SUUX","Southern Asia",3
2025.MMP1649,2025.MMP1649,"Southern Asia","Fri, 11/14/2025 - 12:00",2025,November,7,0,4,,,,"Southern Asia",Violence,Afghanistan,"Unknown border area with Pakistan in Saravan, Sistan and Baluchestan province, Iran","Khaama Press, Hasht-e Subh Daily (8AM. Media), Afghanistan International","27.49472743, 62.844138","Afghanistan to Iran","https://perma.cc/9WBK-XMZK, https://perma.cc/JX2C-FHRJ, https://perma.cc/WZ9R-DYHS","Southern Asia",3
2025.MMP1650,2025.MMP1650,"Southern Asia","Tue, 11/18/2025 - 12:00",2025,November,9,0,7,,,,"Southern Asia","Vehicle accident / death linked to hazardous transport",Afghanistan,"On road with unspecified distance from Saravan toward Khash, Sistan and Baluchestan province, Iran","Pajhwok Afghan News, Hasht-e Subh Daily (8AM. Media), KabulNow","27.68072791, 61.999358","Afghanistan to Iran","https://perma.cc/QA2P-6F4H, https://perma.cc/6PBS-PZGS, https://perma.cc/QPU4-VDKJ","Southern Asia",3
2025.MMP1651,2025.MMP1651,Caribbean,"Sat, 10/04/2025 - 12:00",2025,October,2,1,3,,2,,"Latin America / Caribbean (P)",Drowning,Unknown,"Off the Coast of Shacks Beach, La Isabela, Puerto Rico","U.S. Coast Guard Southeast","18.5156574, -67.10126318","Dominican Republic to Puerto Rico","https://perma.cc/PT96-ADW2, https://perma.cc/2D3L-XUGE",Caribbean,5
2025.MMP1652,2025.MMP1652,"Central America","Mon, 10/20/2025 - 12:00",2025,October,,1,,,1,,"Caribbean (P)","Mixed or unknown",Cuba,"Close to Los Laureles 1 Neighborhood,Tapachula, Chiapas, Mexico","Cibercuba, Cubita Now","14.8851458, -92.24768595",,"https://perma.cc/ET2H-JXGF, https://perma.cc/KZG5-V4S8","Central America",3
2025.MMP1653,2025.MMP1653,Europe,"Fri, 11/28/2025 - 12:00",2025,November,1,0,,,1,,Unknown,"Vehicle accident / death linked to hazardous transport",Unknown,"Near Temporary Residenc Center Usivak in Blažuj, Sarajevo Canton, Bosnia and Herzegovina","Sarajevo Canton Ministry of the Interior, IOM Bosnia and Herzegovina","43.82684435, 18.21371018","Western Balkans",https://archive.ph/onTyh,"Southern Europe",5
2025.MMP0984,2025.MMP0984,"Western Africa","Wed, 08/27/2025 - 12:00",2025,August,71,63,16,,,,"Western Africa (P)",Drowning,Unknown,"Off the coast of Lemhaisrat village, Mheijerat,  Inchiri region, Mauritania - departure from Samé (Gambia) around a week earlier","IOM Mauritania, IOM Gambia, Gambian Ministry of Foreign Affairs, ACHPR, AFP via Sky News, InfoMigrants, Canarias 7","19.03563882, -18.25522624","Western Africa / Atlantic route to the Canary Islands","https://perma.cc/N95D-UB9K, https://perma.cc/W4EH-ZEGE, https://archive.ph/y7LzM, https://perma.cc/46H6-DMQZ, https://perma.cc/Z9UU-A6YQ",Uncategorized,5
2025.MMP1655,2025.MMP1655,"Eastern Africa","Thu, 11/06/2025 - 12:00",2025,November,1,0,0,1,0,0,"Eastern Africa","Mixed or unknown",Ethiopia,"Yoboki, Djibouti","IOM Djibouti Displacement Tracking Matrix","11.7170159, 41.8376779","Eastern Route to/from EHOA",,"Eastern Africa",4
2025.MMP1656,2025.MMP1656,"Eastern Africa","Mon, 11/10/2025 - 12:00",2025,November,1,0,0,0,1,0,"Eastern Africa",Violence,Ethiopia,"Tadjourah hospital, Djibouti","Tadjourah hospital","11.784288, 42.885762","Eastern Route to/from EHOA",,"Eastern Africa",5
2025.MMP1657,2025.MMP1657,"Eastern Africa","Mon, 11/17/2025 - 12:00",2025,November,1,0,0,1,0,1,"Eastern Africa",Violence,Ethiopia,"Yoboki, Djibouti","IOM Djibouti Displacement Tracking Matrix","11.511316, 42.102767","Eastern Route to/from EHOA",,"Eastern Africa",4
2025.MMP1658,2025.MMP1658,"Eastern Africa","Tue, 11/25/2025 - 12:00",2025,November,1,0,0,0,1,0,"Eastern Africa","Sickness / lack of access to adequate healthcare",Ethiopia,"Obock Regional Hospital, Djibouti","Obock Regional Hospital","11.962156, 43.289569","Eastern Route to/from EHOA",,"Eastern Africa",5
2025.MMP1659,2025.MMP1659,Mediterranean,"Thu, 12/04/2025 - 12:00",2025,December,,5,45,,,,"Western Africa (P)",Drowning,Unknown,"Unspecified location between Sfax, Tunisia and Lampedusa, Italy","IOM Italy","35.20820848, 11.80853104","Central Mediterranean",,Uncategorized,4
2025.MMP2340,2025.MMP2340,"Northern Africa","Thu, 09/25/2025 - 12:00",2025,September,,43,,,,3,Unknown,Drowning,Unknown,"Unspecified location in the Atlantic en route to Gran Canaria or Fuerteventura - departure from Boujdour, Western Sahara","Alarm Phone, Caminando Fronteras via Nuovi Desaparecidos","26.41646484, -14.84744147","Western Africa / Atlantic route to the Canary Islands","https://perma.cc/7X83-ZMCP, https://perma.cc/GZL2-MFNK, https://perma.cc/3839-BPN3",Uncategorized,4
2025.MMP2377,2025.MMP23771734,"Northern Africa","Mon, 10/13/2025 - 12:00",2025,October,,51,,3,,,"Northern Africa",Drowning,Morocco,"Around 80km off Agadir, Morocco - en route to Lanzarote, Canary Islands","Alarm Phone, Caminando Fronteras via Nuovi Desaparecidos","30.42957661, -9.684711713","Western Africa / Atlantic route to the Canary Islands","https://perma.cc/E8LJ-MT9C, https://perma.cc/3839-BPN3","Northern Africa",4
2025.MMP2377,2025.MMP23771735,"Northern Africa","Mon, 10/13/2025 - 12:00",2025,October,,5,,,,,"Sub-Saharan Africa (P)",Drowning,Unknown,"Around 80km off Agadir, Morocco - en route to Lanzarote, Canary Islands","Alarm Phone, Caminando Fronteras via Nuovi Desaparecidos","30.42957661, -9.684711713","Western Africa / Atlantic route to the Canary Islands","https://perma.cc/E8LJ-MT9C, https://perma.cc/3839-BPN3","Northern Africa",4
2025.MMP1083,2025.MMP10831736,"Northern Africa","Thu, 10/16/2025 - 12:00",2025,October,,4,55,1,4,,"Northern Africa",Drowning,Morocco,"Jumped into water from sinking boat 83 kilometers east from the coast of Lanzarote, Canary Islands, Spain.","IOM Spain, Fernando Clavijo (President of the Canary Islands) via Twitter, EFE","29.01526385, -12.61033338","Western Africa / Atlantic route to the Canary Islands","https://perma.cc/AE8D-KJPK, https://perma.cc/8C53-QPVD",Uncategorized,5
2025.MMP1083,2025.MMP10831737,"Northern Africa","Thu, 10/16/2025 - 12:00",2025,October,,1,,,1,,"Western Africa",Drowning,Mali,"Jumped into water from sinking boat 83 kilometers east from the coast of Lanzarote, Canary Islands, Spain.","IOM Spain, Fernando Clavijo (President of the Canary Islands) via Twitter, EFE","29.01526385, -12.61033338","Western Africa / Atlantic route to the Canary Islands","https://perma.cc/AE8D-KJPK, https://perma.cc/8C53-QPVD",Uncategorized,5
2025.MMP2421,2025.MMP2421,"Northern Africa","Mon, 11/03/2025 - 12:00",2025,November,4,0,207,,,,"Western Africa (P)",Violence,Unknown,"Unspecified location in the Atlantic between the Gambia and El Hierro, Spain","Guardia Civil Española","27.62518705, -17.98993724","Western Africa / Atlantic route to the Canary Islands",https://perma.cc/J92V-E6MN,Uncategorized,5
2025.MMP1662,2025.MMP16621739,"Western Africa","Thu, 11/13/2025 - 12:00",2025,November,7,0,227,,,,"Western Africa",Violence,Guinea,"Off the coast of Nouadhibou, Mauritania - departure from the Gambia on 1 Nov","IOM Mauritania, France24, Le denonciateur","20.8844498, -16.95003581","Western Africa / Atlantic route to the Canary Islands","https://perma.cc/95HB-YWR6, https://perma.cc/5L58-27RP",Uncategorized,4
2025.MMP1663,2025.MMP1663,Mediterranean,"Thu, 11/27/2025 - 12:00",2025,November,1,0,,,1,,"Northern Africa (P)",Drowning,Unknown,"Off the coast of Benzu, Ceuta, Spain","EuropaPress, CeutaTV","35.91679714, -5.37800823","Western Mediterranean","https://perma.cc/6S73-6Z3M, https://perma.cc/2P82-AUCX",Uncategorized,3
2025.MMP1664,2025.MMP1664,Mediterranean,"Wed, 12/03/2025 - 12:00",2025,December,1,0,,,1,,"Sub-Saharan Africa (P)",Drowning,Unknown,"Off the coast of Benzu, Ceuta, Spain","EFE, EuropaPress","35.91679714, -5.37800823","Western Mediterranean","https://perma.cc/2AG3-6L5Q, https://archive.ph/yUoiE",Uncategorized,3
2025.MMP1665,2025.MMP1665,Europe,"Mon, 11/24/2025 - 12:00",2025,November,2,0,,,2,,"Southern Asia","Harsh environmental conditions / lack of adequate shelter, food, water",Pakistan,"Beivars near Udine, Province of Udine, Italy","Societa Italiana di Medicina delle Migrazioni, Libero reporter, Kleine Zeitung","46.08665679, 13.26667879",,"https://www.instagram.com/reel/DRj6I7ZjJ2A/, https://perma.cc/A3X5-D5KT, https://perma.cc/A89M-4G77","Southern Europe",4
2025.MMP1666,2025.MMP1666,Europe,"Sat, 11/29/2025 - 12:00",2025,November,1,0,2,,1,,"Southern Asia","Harsh environmental conditions / lack of adequate shelter, food, water",Afghanistan,"Via Barcis, Pordenone, Udine, Province of Pordenone, Italy","Kleine Zeitung, Il Friuli Venezia Giulia","45.99788325, 12.63682664",,"https://perma.cc/KME2-ZJMM, https://perma.cc/BTK9-KUVE","Southern Europe",3
2025.MMP1667,2025.MMP1667,"South-eastern Asia","Tue, 09/23/2025 - 12:00",2025,September,1,0,,1,,,"South-eastern Asia (P)",Drowning,Unknown,"Unspecified area of Pong Nam Ron Canal near Moo 5, Khlong Yai, Pong Nam Ron district, Chanthaburi province, Thailand","Daily News","12.97955278, 102.485641",,https://perma.cc/MB8F-GT5U,"South-eastern Asia",5
2025.MMP1668,2025.MMP1668,Europe,"Sun, 10/05/2025 - 12:00",2025,October,1,0,9,,,,"Eastern Asia",Drowning,China,"Danube River in the village of Plavna, South Bačka district, Vojvodina province, Serbia","InfoMigrants, Reuters, AP News, Balkan Insight","45.33532435, 19.094469","Western Balkans","https://perma.cc/C8Z6-6ECP, https://perma.cc/PJL2-KK73, https://perma.cc/4Z7T-D7VF, https://perma.cc/JQ22-4H7F","Southern Europe",3
2025.MMP1669,2025.MMP1669,"South-eastern Asia","Sun, 11/30/2025 - 12:00",2025,November,1,0,,1,,,"South-eastern Asia",Drowning,Myanmar,"Unspecified area of Pong Nam Ron Canal near Moo 6, Khlong Yai, Pong Nam Ron district, Chanthaburi province, Thailand","Khaosod, Amarin TV, Matichon","12.94401258, 102.488656",,"https://perma.cc/83CV-7UUR, https://perma.cc/DA4Y-UGAG, https://perma.cc/2T8Z-8HUX, https://perma.cc/YBT8-ME5U","South-eastern Asia",5
2025.MMP1670,2025.MMP1670,"Southern Asia","Mon, 12/01/2025 - 12:00",2025,December,11,0,,,12,,"Southern Asia",Violence,Afghanistan,"On the Iranian side border (South Khorasan province, Iran) while crossing near Sheikh Abunasr Farahi crossing from Shib Koh, Farah province, Afghanistan","Hasht-e Subh Daily (8AM. Media), Khaama Press, Amu TV, Ariana News, TRT World","32.16413757, 60.872393","Afghanistan to Iran","https://perma.cc/4URA-45S2, https://perma.cc/BW3F-UJZ3, https://perma.cc/TFL4-MDA2, https://perma.cc/3RCV-957F, https://perma.cc/VG5K-9VQV","Southern Asia",3
2025.MMP1671,2025.MMP1671,"South-eastern Asia","Wed, 12/03/2025 - 12:00",2025,December,9,0,5,1,8,,"South-eastern Asia (P)","Vehicle accident / death linked to hazardous transport",Myanmar,"A canal behind/near Ratsamanchan Temple, Nong Krathum, Pak Tho district, Ratchaburi province, Thailand","MGR Online, Thairath, One News, Amarin News, Channel 7","13.42688134, 99.780606",,"https://perma.cc/76TQ-KERB, https://perma.cc/24H7-2LD7, https://perma.cc/3LRP-G7CJ, https://perma.cc/J64L-3UMQ, https://perma.cc/BC9W-UJUU","South-eastern Asia",3
2025.MMP1672,2025.MMP1672,"North America","Sat, 09/13/2025 - 12:00",2025,September,1,0,,,1,,"Central America","Mixed or unknown",Mexico,"Undetermined location in Maverick County, Texas, United States of America","El Tiempo Mx","28.78352124, -100.5296022","US-Mexico border crossing",https://perma.cc/H3TR-QHDY,"Northern America",1
2025.MMP1673,2025.MMP1673,"North America","Sat, 09/13/2025 - 12:00",2025,September,1,0,,,1,,"Central America","Mixed or unknown",Mexico,"Undetermined location in Maverick County, Texas, United States of America","El Tiempo Mx","28.78352124, -100.5296022","US-Mexico border crossing",https://perma.cc/H3TR-QHDY,"Northern America",1
2025.MMP1674,2025.MMP1674,"North America","Sat, 09/13/2025 - 12:00",2025,September,1,0,,,1,,"Central America","Mixed or unknown",Mexico,"Undetermined location in Uvalde County, Texas, United States of America","El Tiempo Mx","29.12980474, -100.0660133","US-Mexico border crossing",https://perma.cc/H3TR-QHDY,"Northern America",1
2025.MMP1675,2025.MMP1675,"North America","Sat, 09/13/2025 - 12:00",2025,September,1,0,,,1,,"Central America","Mixed or unknown",Mexico,"Undetermined location in Dimmit County,Texas, United States of America","El Tiempo Mx","28.23057563, -100.0743232","US-Mexico border crossing",https://perma.cc/H3TR-QHDY,"Northern America",1
2025.MMP1676,2025.MMP1676,"Central America","Fri, 11/07/2025 - 12:00",2025,November,1,0,,,1,,"South America",Violence,Colombia,"River close to Paso Canoas border crossing, Paso Canoas, Chiriqui Province, Panama","Noticias Caracol, El Universal Colombia, Infobae, El Pais, El Tiempo","8.541690456, -82.83744353",Darien,"https://archive.ph/5yI17, https://perma.cc/W549-AEAT, https://perma.cc/37PW-V3S6, https://perma.cc/5SWR-WCTX, https://perma.cc/M2YP-8SEF","Central America",3
2025.MMP1677,2025.MMP1677,"Central America","Wed, 11/26/2025 - 12:00",2025,November,1,0,,,1,,"Latin America / Caribbean (P)","Vehicle accident / death linked to hazardous transport",Unknown,"Railroad track behind Heriberto Jara Corona Highschool, Ciudad Mendoza, Veracruz, Mexico","La Nigua","18.80933251, -97.19524557",,https://perma.cc/J4N5-T4AC,"Central America",1
2025.MMP1678,2025.MMP1678,"North America","Fri, 11/28/2025 - 12:00",2025,November,1,0,2,1,,,"Latin America / Caribbean (P)","Accidental death",Unknown,"Otay border crossing, Otay Mesa, San Diego County, California, United States of America","Gobierno del Estado de Oaxaca, El Universal Oaxaca, El Heraldo, Univision Los Angeles, Zócalo","32.55053582, -116.934718","US-Mexico border crossing","https://perma.cc/8Z79-38ZT, https://perma.cc/F6PF-QVR6, https://archive.ph/2yrAd, https://perma.cc/B7MH-YDUP, https://perma.cc/3F3U-2L7X","Northern America",5
2025.MMP1679,2025.MMP1679,Mediterranean,"Tue, 12/02/2025 - 12:00",2025,December,1,0,,,,,Unknown,Drowning,Unknown,"Remains recovered from Souq Al Jum'a Mitiga beach, Tripoli, Libya","Libyan Red Crescent via IOM Libya","32.90082746, 13.31263515","Central Mediterranean",,Uncategorized,4
2025.MMP1680,2025.MMP16801757,Mediterranean,"Sat, 12/06/2025 - 12:00",2025,December,14,13,,,14,,"Northern Africa","Mixed or unknown",Egypt,"36 nautical miles southwest of Lerapetra, Crete, Greece - embarkation from Tobruk, Libya on 1 Dec (Libya-Crete Crossing)","Hellenic Coast Guard, IOM Greece, Egyptian embassy in Athens, Egypt's State Information Service","34.61788381, 26.29068527","Eastern Mediterranean","https://perma.cc/6ZGP-4UKL, https://perma.cc/CP43-3MFE, https://perma.cc/X5E6-JP85?type=standard, https://perma.cc/AJ7T-EQWN?type=standard, https://perma.cc/M8DY-4YPP",Uncategorized,5
2025.MMP1680,2025.MMP16801758,Mediterranean,"Sat, 12/06/2025 - 12:00",2025,December,3,2,2,,3,1,"Northern Africa (P)","Mixed or unknown",Unknown,"36 nautical miles southwest of Lerapetra, Crete, Greece - embarkation from Tobruk, Libya on 1 Dec (Libya-Crete Crossing)","Hellenic Coast Guard, IOM Greece, Egyptian embassy in Athens","34.61788381, 26.29068527","Eastern Mediterranean","https://perma.cc/6ZGP-4UKL, https://perma.cc/CP43-3MFE, https://perma.cc/X5E6-JP85?type=standard",Uncategorized,5
2025.MMP1681,2025.MMP1681,Mediterranean,"Sun, 12/07/2025 - 12:00",2025,December,1,0,37,,,1,"Southern Asia","Accidental death",Afghanistan,"Remains found at Svala beach, Samos, Greece","Hellenic Coast Guard via IOM Greece, EuroNews, UNHCR","37.80552048, 26.84704628","Eastern Mediterranean","https://perma.cc/5423-BM4F, https://perma.cc/DA3K-ZB9C",Uncategorized,5
2025.MMP1662,2025.MMP16621760,"Western Africa","Thu, 11/13/2025 - 12:00",2025,November,1,0,,,,,"Western Africa",Violence,Senegal,"Off the coast of Nouadhibou, Mauritania - departure from the Gambia on 1 Nov","IOM Mauritania, France24, Le denonciateur","20.8844498, -16.95003581","Western Africa / Atlantic route to the Canary Islands","https://perma.cc/95HB-YWR6, https://perma.cc/5L58-27RP",Uncategorized,4
2025.MMP1662,2025.MMP16621761,"Western Africa","Thu, 11/13/2025 - 12:00",2025,November,,25,,,,,"Western Africa (P)",Violence,Unknown,"Off the coast of Nouadhibou, Mauritania - departure from the Gambia on 1 Nov","IOM Mauritania, France24, Le denonciateur","20.8844498, -16.95003581","Western Africa / Atlantic route to the Canary Islands","https://perma.cc/95HB-YWR6, https://perma.cc/5L58-27RP",Uncategorized,4
2025.MMP1720,2025.MMP1720,"Western Africa","Mon, 11/17/2025 - 12:00",2025,November,,190,,10,174,6,"Western Africa (P)","Mixed or unknown",Mixed/Unknown,"Unspecified location off the coast of Jinack, the Gambia - departure on 17 November and missing ever since","IOM Gambia, IOM Spain, The Gambia Ministry of Information, Media and Broadcasting services","13.53921804, -16.52762845","Western Africa / Atlantic route to the Canary Islands",https://perma.cc/5JTU-HSTB,"Western Africa",5
2025.MMP1683,2025.MMP16831763,Europe,"Thu, 12/11/2025 - 12:00",2025,December,2,0,8,1,1,,"Eastern Asia",Drowning,China,"Sava river, Slavonski Brod, Croatia","Croatian Police Directorate Brod-Posavina, Slobodna Dalmacija, Vecernji, 24 Sata","45.15024643, 18.0194749","Western Balkans","https://perma.cc/4UMA-ZJLT, https://perma.cc/UUV2-5FZ9, https://perma.cc/DZY8-3MXP, https://perma.cc/4Q8X-56CN","Southern Europe",5
2025.MMP1683,2025.MMP16831764,Europe,"Thu, 12/11/2025 - 12:00",2025,December,1,0,,,1,,"Western Asia",Drowning,Türkiye,"Sava river, Slavonski Brod, Croatia","Croatian Police Directorate Brod-Posavina, Slobodna Dalmacija, Vecernji, 24 Sata","45.15024643, 18.0194749","Western Balkans","https://perma.cc/4UMA-ZJLT, https://perma.cc/UUV2-5FZ9, https://perma.cc/DZY8-3MXP, https://perma.cc/4Q8X-56CN","Southern Europe",5
2025.MMP1684,2025.MMP1684,"Southern Asia","Sun, 10/26/2025 - 12:00",2025,October,3,0,,,,,"Southern Asia","Vehicle accident / death linked to hazardous transport",Afghanistan,"An unknown location on Kabul-Kandahar highway towards Kabul (going to Kunduz), Afghanistan","Hasht-e Subh Daily (8AM. Media), IRAF News, Memar Press","32.84235672, 67.80432026",,"https://perma.cc/FSQ2-NPLN, https://perma.cc/F392-JB8R, https://perma.cc/ZJ2G-LUDW","Southern Asia",3
2025.MMP1685,2025.MMP1685,"South-eastern Asia","Sat, 11/01/2025 - 12:00",2025,November,1,0,,1,,,"South-eastern Asia","Vehicle accident / death linked to hazardous transport","Lao People's Democratic Republic","On Mittraphap Road (Highway 2), near CP Khon Kaen, Tha Phra, Mueang Khon Kaen district, Khon Kaen province, Thailand","Khon Kaen Samakkhi Uthit Rescue Foundation, Isaan News","16.2857807, 102.7855998",,"https://perma.cc/EQ2F-5XQ8, https://perma.cc/76Q9-K4QC","South-eastern Asia",4
2025.MMP1686,2025.MMP1686,"Southern Asia","Sat, 11/01/2025 - 12:00",2025,November,4,0,,1,,3,"Southern Asia","Harsh environmental conditions / lack of adequate shelter, food, water",Afghanistan,"Passed away after crossing border, in Anzargai returnee camp, Pukhta Pul district, Kandahar province, Afghanistan","KabulNow, IRAF News, The Kabul Tribune, Etilaatroz","31.22475848, 66.0574396",,"https://perma.cc/5A4Q-6Q2B, https://perma.cc/EP2D-JH9B, https://perma.cc/G589-6972, https://perma.cc/9DKK-DRYA","Southern Asia",3
2025.MMP1687,2025.MMP1687,"Southern Asia","Wed, 11/05/2025 - 12:00",2025,November,2,0,,1,1,2,"Southern Asia","Harsh environmental conditions / lack of adequate shelter, food, water",Afghanistan,"Anzargai returnee camp, Pukhta Pul district, Kandahar province, Afghanistan","The Kabul Tribune, IRAF News, Etilaatroz","31.22475848, 66.0574396",,"https://perma.cc/EP2D-JH9B, https://perma.cc/RQ4P-TZ9T, https://perma.cc/5MAA-DVQH","Southern Asia",3
2025.MMP1688,2025.MMP1688,"Southern Asia","Wed, 11/19/2025 - 12:00",2025,November,1,0,,,1,,"Southern Asia","Vehicle accident / death linked to hazardous transport",Afghanistan,"An unspecified road, occured near Kerman city, Kerman province, Iran","Afghanistan International, Hasht-e Subh Daily (8AM. Media), KabulNow","29.74404747, 57.59504375","Afghanistan to Iran","https://perma.cc/ZC38-3EEC, https://perma.cc/49NH-S7TY, https://perma.cc/59RY-95X3","Southern Asia",3
2025.MMP1689,2025.MMP1689,"South-eastern Asia","Sun, 11/30/2025 - 12:00",2025,November,12,0,,,,,"South-eastern Asia","Harsh environmental conditions / lack of adequate shelter, food, water",Myanmar,"An unknown building in Hat Yai district in Songkhla province, Thailand","Labour Rights Foundation (LRF)","7.017079231, 100.4652399",,"https://perma.cc/6VVC-CYK8, https://perma.cc/A6T3-VS4S, https://perma.cc/F7LX-LF73","South-eastern Asia",4
2025.MMP1690,2025.MMP1690,"Southern Asia","Wed, 12/10/2025 - 12:00",2025,December,5,0,7,,,,"Southern Asia","Vehicle accident / death linked to hazardous transport",Afghanistan,"An unknown location on Saravan-Khash highway, Sistan and Baluchestan province, Iran","IOM Iran, KabulNow, Afghanistan International, ISNA","27.8473082, 61.79858902","Afghanistan to Iran","https://perma.cc/AV4W-XFZY, https://perma.cc/AV4W-XFZY, https://perma.cc/K59S-7FTY","Southern Asia",3
2025.MMP1691,2025.MMP1691,"Northern Africa","Fri, 12/12/2025 - 12:00",2025,December,8,0,,1,7,,"Sub-Saharan Africa","Harsh environmental conditions / lack of adequate shelter, food, water",Unknown,"Unspecified location in mountains near Ras Asfour, Morocco near border with Algeria","Ariffino, Arab News","34.52736377, -1.839186221",,"https://perma.cc/8PRD-3MUR, https://perma.cc/XM9F-A9W3","Northern Africa",3
2025.MMP1691,2025.MMP16911773,"Northern Africa","Fri, 12/12/2025 - 12:00",2025,December,1,0,,1,,,"Western Africa","Harsh environmental conditions / lack of adequate shelter, food, water",Guinea,"Unspecified location in mountains near Ras Asfour, Morocco near border with Algeria","Ariffino, Arab News","34.52736377, -1.839186221",,"https://perma.cc/8PRD-3MUR, https://perma.cc/XM9F-A9W3","Northern Africa",3
2025.MMP1692,2025.MMP1692,"North America","Thu, 12/11/2025 - 12:00",2025,December,1,0,,,1,,"Central America",Violence,Mexico,"Near Rio Bravo, 5.66 west of Rio Grande City port of entry in Rio Grande City, Texas","U.S. Customs and Border Protection, Border Report","26.3607476, -98.89174499","US-Mexico border crossing","https://perma.cc/U59G-NV9W, https://perma.cc/528Y-9QMY","Northern America",5
2025.MMP2376,2025.MMP2376,"Northern Africa","Wed, 11/19/2025 - 12:00",2025,November,,10,227,,,,"Western Africa (P)","Harsh environmental conditions / lack of adequate shelter, food, water",Unknown,"Unspecified location between the Gambia and Western Sahara - departure from Bafaloto/Barra, the Gambia","Ebrima Migrant Situation via Nuovi Desaparecidos","21.85288118, -19.21101113","Western Africa / Atlantic route to the Canary Islands","https://www.facebook.com/aminata.drammeh.351/posts/pfbid025JAv8F85VuhGU7HtKZk17sCuqGemmwiP475rujPFUxQRiuN8uCSnYvMTxB2a7YWNl, https://perma.cc/3839-BPN3",Uncategorized,4
2025.MMP2378,2025.MMP2378,"Western Africa","Fri, 11/28/2025 - 12:00",2025,November,,1,,,1,,"Western Africa",Drowning,Mali,"Off Nouadhibou, Mauritania","IOM Mali Displacement Tracking Matrix","20.8582546, -17.66512695","Western Africa / Atlantic route to the Canary Islands",,Uncategorized,2
2025.MMP1654,2025.MMP1654,"Western Africa","Sat, 11/29/2025 - 12:00",2025,November,1,0,115,,,,"Western Africa","Accidental death",Unknown,"Off Felane, Senegal",Seneweb,"14.02252398, -16.47054259","Western Africa / Atlantic route to the Canary Islands",https://perma.cc/98RQ-R96T,"Western Africa",1
2025.MMP1695,2025.MMP1695,Mediterranean,"Sun, 12/14/2025 - 12:00",2025,December,1,0,,,1,,Unknown,Drowning,Unknown,"Remains washed up at San Lorenzo beach, Melilla, Spain","El Faro de Melilla, El Pais, Francisco Jose Clemente Martin","35.28829468, -2.937161458","Western Mediterranean","https://perma.cc/J8NZ-6CSJ, https://perma.cc/Z9LQ-YMF5, https://archive.vn/V1AUU",Uncategorized,3
2025.MMP1696,2025.MMP16961779,"Northern Africa","Fri, 12/12/2025 - 12:00",2025,December,8,0,,,5,,"Sub-Saharan Africa","Harsh environmental conditions / lack of adequate shelter, food, water",Unknown,"Unspecified location in mountains near Ras Asfour, Jeradah, Morocco near border with Algeria","AMDH, Morocco World News, InfoMigrants","34.5194409, -1.843687301",,"https://perma.cc/QEL7-P9XS, https://perma.cc/X5NC-SZ39, https://perma.cc/5RCV-76TT","Northern Africa",4
2025.MMP1696,2025.MMP16961780,"Northern Africa","Fri, 12/12/2025 - 12:00",2025,December,2,0,,1,1,,"Western Africa","Harsh environmental conditions / lack of adequate shelter, food, water",Guinea,"Unspecified location in mountains near Ras Asfour, Jeradah, Morocco near border with Algeria",,"34.5194409, -1.843687301",,,"Northern Africa",4
2025.MMP1696,2025.MMP16961781,"Northern Africa","Fri, 12/12/2025 - 12:00",2025,December,1,0,,1,,,"Western Africa","Harsh environmental conditions / lack of adequate shelter, food, water",Nigeria,"Unspecified location in mountains near Ras Asfour, Jeradah, Morocco near border with Algeria",,"34.5194409, -1.843687301",,,"Northern Africa",4
2025.MMP1696,2025.MMP16961782,"Northern Africa","Fri, 12/12/2025 - 12:00",2025,December,1,0,,,1,,"Middle Africa","Harsh environmental conditions / lack of adequate shelter, food, water",Cameroon,"Unspecified location in mountains near Ras Asfour, Jeradah, Morocco near border with Algeria","AMDH, InfoMigrants, HibaPress","34.5194409, -1.843687301",,"https://perma.cc/QEL7-P9XS, https://perma.cc/7T98-YLQL, https://perma.cc/QEL7-P9XS","Northern Africa",4
2025.MMP1696,2025.MMP16961783,"Northern Africa","Thu, 12/18/2025 - 12:00",2025,December,2,0,,,2,,"Sub-Saharan Africa","Harsh environmental conditions / lack of adequate shelter, food, water",Unknown,"Unspecified location in mountains near Ras Asfour, Jeradah, Morocco near border with Algeria","AMDH, InfoMigrants, HibaPress","34.5194409, -1.843687301",,"https://perma.cc/QEL7-P9XS, https://perma.cc/7T98-YLQL, https://perma.cc/QEL7-P9XS","Northern Africa",4
2025.MMP1697,2025.MMP16971784,Mediterranean,"Tue, 12/16/2025 - 12:00",2025,December,,4,76,3,,1,"Western Africa",Drowning,Nigeria,"Unspecified location off the coasts of Marsa Della/Al Zawiyah, Libya - departure from Zuwara 16 Nov 03:00","IOM Libya","32.97522255, 12.69518796","Central Mediterranean",,Uncategorized,4
2025.MMP1697,2025.MMP16971785,Mediterranean,"Tue, 12/16/2025 - 12:00",2025,December,,1,,1,,,"Western Africa",Drowning,"Sierra Leone","Unspecified location off the coasts of Marsa Della/Al Zawiyah, Libya - departure from Zuwara 16 Nov 03:00","IOM Libya","32.97522255, 12.69518796","Central Mediterranean",,Uncategorized,4
2025.MMP1698,2025.MMP1698,Mediterranean,"Mon, 12/29/2025 - 12:00",2025,December,1,0,40,1,,,Unknown,Drowning,Unknown,"Remains recovered off the coast of Samos, Greece","Hellenic Coast Guard via IOM Greece","37.749213, 27.05906073","Eastern Mediterranean",https://perma.cc/D6LS-867J,Uncategorized,5
2025.MMP1699,2025.MMP1699,Mediterranean,"Thu, 12/25/2025 - 12:00",2025,December,1,,38,,,1,"Northern Africa",Drowning,Sudan,"Off the coast of Farmakonisi, Leros, Greece","IOM Greece, AFP","37.29182128, 27.10436832","Eastern Mediterranean",https://perma.cc/E8HZ-J3E8,Uncategorized,4
2025.MMP1700,2025.MMP1700,Caribbean,"Sat, 12/27/2025 - 12:00",2025,December,1,0,32,,,,"South America",Drowning,"Venezuela (Bolivarian Republic of)","Off the coast of Chocosano, between Palmira and Playa Chiquita, Colon Province, Panama","Destino Panama, Panama America","9.554867882, -79.25109712",Darien,"https://perma.cc/P3UR-28EY, https://perma.cc/KKY6-UZD9",Uncategorized,3
2025.MMP1701,2025.MMP1701,Mediterranean,"Mon, 12/29/2025 - 12:00",2025,December,1,0,,,,,Unknown,Drowning,Unknown,"Remains washed ashore at Mallorca, between Cala Millor and Sa Coma, Balearic Islands, Spain","EuropaPress, Ultima Hora","39.57737743, 3.413430648","Western Mediterranean","https://perma.cc/G7XA-6DE5, https://perma.cc/W9UU-KC49",Uncategorized,3
2025.MMP1702,2025.MMP1702,Mediterranean,"Mon, 12/29/2025 - 12:00",2025,December,1,0,,,1,,"Sub-Saharan Africa",Drowning,Unknown,"Remains washed ashore at Calamocarro Beach, Ceuta, Spain","El Pueblo de Ceuta, Ceuta Actualidad, Press Tetouan","35.91251006, -5.356539101","Western Mediterranean","https://perma.cc/F23Y-ARPV, https://perma.cc/K3XJ-RHSM, https://perma.cc/9FPR-9TKE",Uncategorized,3
2025.MMP1703,2025.MMP1703,Mediterranean,"Tue, 12/30/2025 - 12:00",2025,December,1,0,,,1,,"Sub-Saharan Africa (P)",Drowning,Unknown,"Remains washed ashore at Sarchal Beach, Ceuta, Spain","El Faro de Ceuta, Ceuta al Dia","35.88869498, -5.293206376","Western Mediterranean","https://perma.cc/87VQ-9MZ2, https://perma.cc/ZEQ9-2667",Uncategorized,3
2025.MMP1704,2025.MMP1704,"Western Asia","Thu, 11/13/2025 - 12:00",2025,November,2,0,,,2,,"Eastern Africa (P)",Drowning,Unknown,"Bodies washed along the coast of Dhubab district / Taiz governorate, Yemen","IOM Yemen","12.93926697, 43.40979342","Eastern Route to/from EHOA",,Uncategorized,4
2025.MMP1705,2025.MMP1705,Mediterranean,"Tue, 11/18/2025 - 12:00",2025,November,1,0,,,,,Unknown,Drowning,Unknown,"Remains found on Fuente Caballos beach, Ceuta, Spain","El Pueblo de Ceuta","35.88584275, -5.311353964","Western Mediterranean",https://perma.cc/BEB9-T8YL,Uncategorized,1
2025.MMP1706,2025.MMP1706,"Western Asia","Sun, 12/28/2025 - 12:00",2025,December,,4,7,,,,"Western Asia",Drowning,"Syrian Arab Republic","In the Kabir River on the Syrian-Lebanese border between AShabruniyyah and Addabousiyah villages near Talkalakh, Homs, Syria","CNN, EuroNews, Baladi News","34.63642897, 36.13710155",,"https://perma.cc/77HN-F6FR, https://perma.cc/HA24-T5QC, https://perma.cc/NVM9-46QG",Uncategorized,3
2025.MMP1707,2025.MMP1707,"Central America","Tue, 12/30/2025 - 12:00",2025,December,1,0,,,1,,"Central America",Drowning,Mexico,"Rio Bravo at Av. Narciso Mendoza, Nuevo Laredo, Tamaulipas, Mexico","El manana, Informa Oriente","27.49854285, -99.51564889","US-Mexico border crossing","https://perma.cc/CM45-8355, https://perma.cc/S7MN-TLS4","Central America",3
2025.MMP1708,2025.MMP1708,"Southern Asia","Fri, 12/19/2025 - 12:00",2025,December,2,0,,,2,,"Southern Asia","Harsh environmental conditions / lack of adequate shelter, food, water",Pakistan,"Unspecified location near Turkish border in Khoy, West Azerbaijan province, Iran","Ambassador of Pakistan to Iran, Waliullah, 24 News, Jang, City 42, Independent Urdu","38.67679983, 44.47582","Iran to Türkiye","https://perma.cc/UX43-P8T4, https://perma.cc/3DKB-HT3C, https://perma.cc/9DCN-YK2U, https://perma.cc/3Z7C-3UMB, https://perma.cc/CUY9-NW9Z","Southern Asia",4
2025.MMP1709,2025.MMP1709,"Southern Asia","Thu, 12/18/2025 - 12:00",2025,December,47,0,,,46,1,"Southern Asia","Harsh environmental conditions / lack of adequate shelter, food, water",Afghanistan,"Close to the Iran-Afghanistan border, en route from Islam Qala towards Taybad, Razavi Khorasan province, Iran","IOM Afghanistan, Afghanistan International, AFP, Jomhor News, Hamasa News, The Afghan Digest, Hasht-e Subh Daily (8AM. Media), Amu TV, Khaama Press","34.69566095, 60.90831","Afghanistan to Iran","https://perma.cc/2UAG-AVLS, https://perma.cc/WGM6-ACMZ, https://perma.cc/29EU-5H2Y, https://perma.cc/ZD3M-9VR5, https://perma.cc/W2GP-85FG, https://perma.cc/ND3Q-XRKJ, https://perma.cc/L69W-7YBG","Southern Asia",4
2025.MMP1710,2025.MMP1710,"Southern Asia","Sun, 12/21/2025 - 12:00",2025,December,11,0,9,,,,"Southern Asia","Vehicle accident / death linked to hazardous transport",Afghanistan,"An unspecified distance on road towards Iranian border near Nokkundi, Balochistan, Pakistan","Memar Press, Jomhor News, VOA Dari, Khaama Press, Hasht-e Subh Daily (8AM. Media), News Guru, Daily Pakistan","28.82563525, 62.706553","Afghanistan to Iran","https://perma.cc/TX6A-FDZU, https://perma.cc/WD95-7234, https://perma.cc/XF2G-JV26, https://perma.cc/YYM5-X7CL, https://perma.cc/QN56-FT3D, https://perma.cc/NW3Y-9J96, https://perma.cc/T3C9-U6LB, https://perma.cc/2AYH-A3R8","Southern Asia",3
2025.MMP1711,2025.MMP1711,"Eastern Africa","Wed, 12/10/2025 - 12:00",2025,December,1,0,,,,,"Eastern Africa","Sickness / lack of access to adequate healthcare",Comoros,"Remains found on the islet of M'tsamboro, northwest of Mayotte","Le Journal De Mayotte, France Info (Mayotte .1)","-12.69718962, 45.06821777","Sea crossings to Mayotte","https://perma.cc/MGT6-M7HT, https://perma.cc/S4NY-TGP9","Eastern Africa",3
2025.MMP1712,2025.MMP1712,Mediterranean,"Fri, 12/12/2025 - 12:00",2025,December,1,0,60,,1,,Unknown,"Harsh environmental conditions / lack of adequate shelter, food, water",Unknown,"Declared dead in hospital in Buġibba, Malta following rescue off Sicily outside Maltese territorial waters - departure from Libya","Times of Malta, InfoMigrants, Alarm Phone","35.949129, 14.41104821","Central Mediterranean","https://perma.cc/U8NM-E8KH, https://perma.cc/676D-PPS6, https://perma.cc/2ACF-PTWU",Uncategorized,4
2025.MMP1713,2025.MMP1713,Mediterranean,"Tue, 12/30/2025 - 12:00",2025,December,2,0,,,,,Unknown,"Mixed or unknown",Unknown,"On board the merchant vessel MARIDIVE 703, in the overlapping Maltese-Tunisian SRR, around 34.390000, 11.874900 - after being at sea since 26 Dec","Alarm Phone, Consolidated Rescue Group","34.39, 11.8749","Central Mediterranean","https://archive.ph/cpKzr, https://perma.cc/5KC5-SBQJ, https://perma.cc/873E-S5ZZ?type=standard",Uncategorized,4
2025.MMP1714,2025.MMP1714,Mediterranean,"Sun, 06/29/2025 - 12:00",2025,June,1,0,,,1,,"Northern Africa","Accidental death",Morocco,"On the road between Nador and Beni Ansar, Morocco on the crossing to Melilla","Info Rif, Al Yakine, Al Akhbar 55","35.26144969, -2.938908213","Western Mediterranean","https://perma.cc/22XE-YLHV, https://perma.cc/DR2D-H67F, https://perma.cc/SGN7-ZDX4",Uncategorized,3
2025.MMP1715,2025.MMP1715,Mediterranean,"Fri, 12/19/2025 - 12:00",2025,December,1,0,,,,1,"Northern Africa (P)","Accidental death",Unknown,"Died in Hospital Hassani in Nador, Morocco after a truck accident on the road between Beni Ansar and Melilla port","Nador City, Info Rif","35.17615007, -2.935091393","Western Mediterranean","https://perma.cc/LZ6C-JRYE, https://perma.cc/5EBJ-8FP4",Uncategorized,3
2025.MMP1716,2025.MMP1716,Europe,"Sat, 12/27/2025 - 12:00",2025,December,1,0,,,1,,"Western Africa","Mixed or unknown","Sierra Leone","At the Temporary Reception Centre Lipa in Bihać, Bosnia and Herzegovina","IOM Bosnia and Herzegovina","44.70089074, 16.07374149","Western Balkans",,"Southern Europe",4
2025.MMP1717,2025.MMP1717,Caribbean,"Thu, 12/18/2025 - 12:00",2025,December,,2,,1,1,,Caribbean,"Mixed or unknown",Cuba,"Unspecified location in the Caribbean after departure from Pilon, Cuba towards Jamaica","Cuba Herald, Periodico Cubano","19.89364177, -77.29355744",,"https://perma.cc/29Y7-UUQB, https://www.instagram.com/p/DSf1i1ECf05/",Caribbean,3
2025.MMP1718,2025.MMP1718,"Western Asia","Sat, 11/15/2025 - 12:00",2025,November,1,0,,,1,,"Western Asia","Accidental death",Yemen,"Unspecified location on the Yemeni-Saudi border near Sa'dah, Yemen","Sama Aden, Crater Sky","17.44317701, 43.50021102","Eastern Route to/from EHOA","https://perma.cc/4Z2E-XKCV, https://perma.cc/2KFB-JJT8","Western Asia",3
2025.MMP1719,2025.MMP1719,Mediterranean,"Fri, 12/19/2025 - 12:00",2025,December,,116,1,,,,Unknown,Drowning,Unknown,"Unspecified location in Tunisian waters - departure from Zuwarah, Libya on 18 Dec 20:30","Sea Watch, Alarm Phone, Humanitarian partner","33.61821368, 11.82446356","Central Mediterranean","https://perma.cc/JAY6-2FFM, https://perma.cc/97ZH-6PL9",Uncategorized,4
2025.MMP1660,2025.MMP16601809,"Northern Africa","Sun, 11/30/2025 - 12:00",2025,November,1,0,121,,1,,"Western Africa","Harsh environmental conditions / lack of adequate shelter, food, water",Mali,"30km south of El Hierro, Canary Islands, Spain - departure from Jinack, the Gambia on 21-22 November","IOM Spain, EFE","27.36737748, -17.98551888","Western Africa / Atlantic route to the Canary Islands",https://perma.cc/JJ4K-PQVE,Uncategorized,4
2025.MMP1660,2025.MMP16601810,"Northern Africa","Sun, 11/30/2025 - 12:00",2025,November,1,0,,,1,,"Western Africa","Harsh environmental conditions / lack of adequate shelter, food, water",Guinea,"30km south of El Hierro, Canary Islands, Spain - departure from Jinack, the Gambia on 21-22 November","IOM Spain, EFE","27.36737748, -17.98551888","Western Africa / Atlantic route to the Canary Islands",https://perma.cc/JJ4K-PQVE,Uncategorized,4
2025.MMP1722,2025.MMP1722,"Southern Asia","Wed, 12/31/2025 - 12:00",2025,December,1,0,,,1,,"Southern Asia",Violence,Afghanistan,"An unknown location in a border area of Nimroz province, Afghanistan","KabulTime, Etilaatroz, The Khorasan Times","30.78504815, 61.755501","Afghanistan to Iran","https://perma.cc/6HMX-Y4V6, https://perma.cc/LX28-QXME, https://perma.cc/L99R-F3NE","Southern Asia",3
2025.MMP1723,2025.MMP1723,"Eastern Africa","Wed, 11/19/2025 - 12:00",2025,November,1,0,0,1,0,0,"Eastern Africa (P)","Sickness / lack of access to adequate healthcare",Ethiopia,"Sabian General Hospital, Dire Dawa, Ethiopia","IOM Ethiopia","9.61156, 41.83727","Eastern Route to/from EHOA",,"Eastern Africa",4
2025.MMP1724,2025.MMP1724,"Eastern Africa","Sun, 12/07/2025 - 12:00",2025,December,1,0,,,1,1,"Eastern Africa",Violence,Ethiopia,"Obock, Djibouti","IOM Djibouti Displacement Tracking Matrix","11.975985, 43.290316","Eastern Route to/from EHOA",,"Eastern Africa",4
2025.MMP1725,2025.MMP1725,"Eastern Africa","Wed, 12/31/2025 - 12:00",2025,December,1,0,,,1,,"Eastern Africa","Mixed or unknown",Unknown,"Obock, Djibouti","IOM Djibouti","12.0895, 43.358627","Eastern Route to/from EHOA",,"Eastern Africa",4
2025.MMP1726,2025.MMP1726,"Southern Asia","Tue, 07/01/2025 - 12:00",2025,July,1,0,,0,1,0,"Southern Asia",Violence,Afghanistan,"Tehran district, Tehran province, Iran","IOM Afghanistan","35.7218583, 51.3346954","Afghanistan to Iran",,"Southern Asia",4
2025.MMP1727,2025.MMP1727,"Southern Asia","Tue, 07/01/2025 - 12:00",2025,July,1,0,,0,1,0,"Southern Asia","Accidental death",Afghanistan,"Tehran district, Tehran province, Iran","IOM Afghanistan","35.7218583, 51.3346954","Afghanistan to Iran",,"Southern Asia",4
2025.MMP1728,2025.MMP1728,"Southern Asia","Tue, 07/01/2025 - 12:00",2025,July,1,0,,0,1,0,"Southern Asia","Sickness / lack of access to adequate healthcare",Afghanistan,"Tehran district, Tehran province, Iran","IOM Afghanistan","35.7218583, 51.3346954","Afghanistan to Iran",,"Southern Asia",4
2025.MMP1729,2025.MMP1729,"Southern Asia","Wed, 07/02/2025 - 12:00",2025,July,1,0,,0,1,0,"Southern Asia",Violence,Afghanistan,"Tehran district, Tehran province, Iran","IOM Afghanistan","35.7218583, 51.3346954","Afghanistan to Iran",,"Southern Asia",4
2025.MMP1730,2025.MMP1730,"Southern Asia","Wed, 07/02/2025 - 12:00",2025,July,1,0,,1,0,0,"Southern Asia","Sickness / lack of access to adequate healthcare",Afghanistan,"Tehran district, Tehran province, Iran","IOM Afghanistan","35.7218583, 51.3346954","Afghanistan to Iran",,"Southern Asia",4
2025.MMP1731,2025.MMP1731,"Southern Asia","Wed, 07/02/2025 - 12:00",2025,July,1,0,,0,1,0,"Southern Asia","Vehicle accident / death linked to hazardous transport",Afghanistan,"Tehran district, Tehran province, Iran","IOM Afghanistan","35.7218583, 51.3346954","Afghanistan to Iran",,"Southern Asia",4
2025.MMP1732,2025.MMP1732,"Southern Asia","Wed, 07/02/2025 - 12:00",2025,July,1,0,,0,1,0,"Southern Asia","Sickness / lack of access to adequate healthcare",Afghanistan,"Isfahan district, Esfahan province, Iran","IOM Afghanistan","32.6538966, 51.6659656","Afghanistan to Iran",,"Southern Asia",4
2025.MMP1733,2025.MMP1733,"Southern Asia","Thu, 07/03/2025 - 12:00",2025,July,1,0,,0,1,0,"Southern Asia","Sickness / lack of access to adequate healthcare",Afghanistan,"Tehran district, Tehran province, Iran","IOM Afghanistan","35.7218583, 51.3346954","Afghanistan to Iran",,"Southern Asia",4
2025.MMP1734,2025.MMP1734,"Southern Asia","Thu, 07/03/2025 - 12:00",2025,July,1,0,,0,1,0,"Southern Asia","Sickness / lack of access to adequate healthcare",Afghanistan,"Tehran district, Tehran province, Iran","IOM Afghanistan","35.7218583, 51.3346954","Afghanistan to Iran",,"Southern Asia",4
2025.MMP1735,2025.MMP1735,"Southern Asia","Thu, 07/03/2025 - 12:00",2025,July,1,0,,0,1,0,"Southern Asia","Sickness / lack of access to adequate healthcare",Afghanistan,"Tehran district, Tehran province, Iran","IOM Afghanistan","35.7218583, 51.3346954","Afghanistan to Iran",,"Southern Asia",4
2025.MMP1736,2025.MMP1736,"Southern Asia","Thu, 07/03/2025 - 12:00",2025,July,1,0,,0,1,0,"Southern Asia","Sickness / lack of access to adequate healthcare",Afghanistan,"Mashhad district, Razavi_Khorasan province, Iran","IOM Afghanistan","36.2972006, 59.60669","Afghanistan to Iran",,"Southern Asia",4
2025.MMP1737,2025.MMP1737,"Southern Asia","Fri, 07/04/2025 - 12:00",2025,July,1,0,,1,0,0,"Southern Asia","Sickness / lack of access to adequate healthcare",Afghanistan,"Tehran district, Tehran province, Iran","IOM Afghanistan","35.7218583, 51.3346954","Afghanistan to Iran",,"Southern Asia",4
2025.MMP1738,2025.MMP1738,"Southern Asia","Fri, 07/04/2025 - 12:00",2025,July,1,0,,0,1,0,"Southern Asia",Violence,Afghanistan,"Tehran district, Tehran province, Iran","IOM Afghanistan","35.7218583, 51.3346954","Afghanistan to Iran",,"Southern Asia",4
2025.MMP1739,2025.MMP1739,"Southern Asia","Fri, 07/04/2025 - 12:00",2025,July,1,0,,0,1,0,"Southern Asia","Sickness / lack of access to adequate healthcare",Afghanistan,"Tehran district, Tehran province, Iran","IOM Afghanistan","35.7218583, 51.3346954","Afghanistan to Iran",,"Southern Asia",4
2025.MMP1740,2025.MMP1740,"Southern Asia","Fri, 07/04/2025 - 12:00",2025,July,1,0,,1,0,0,"Southern Asia","Sickness / lack of access to adequate healthcare",Afghanistan,"Tehran district, Tehran province, Iran","IOM Afghanistan","35.7218583, 51.3346954","Afghanistan to Iran",,"Southern Asia",4
2025.MMP1741,2025.MMP1741,"Southern Asia","Sat, 07/05/2025 - 12:00",2025,July,1,0,,1,0,0,"Southern Asia","Sickness / lack of access to adequate healthcare",Afghanistan,"Bushehr district, Bushehr province, Iran","IOM Afghanistan","28.9144913, 50.8279019","Afghanistan to Iran",,"Southern Asia",4
2025.MMP1742,2025.MMP1742,"Southern Asia","Sun, 07/06/2025 - 12:00",2025,July,1,0,,0,1,0,"Southern Asia","Sickness / lack of access to adequate healthcare",Afghanistan,"Mash-had district, Razawi Khurasan province, Iran","IOM Afghanistan","36.2972006, 59.60669","Afghanistan to Iran",,"Southern Asia",4
2025.MMP1743,2025.MMP1743,"Southern Asia","Sun, 07/06/2025 - 12:00",2025,July,1,0,,1,0,0,"Southern Asia","Sickness / lack of access to adequate healthcare",Afghanistan,"Tehran district, Tehran province, Iran","IOM Afghanistan","35.7218583, 51.3346954","Afghanistan to Iran",,"Southern Asia",4
2025.MMP1744,2025.MMP1744,"Southern Asia","Sun, 07/06/2025 - 12:00",2025,July,1,0,,0,1,0,"Southern Asia","Sickness / lack of access to adequate healthcare",Afghanistan,"Shiraz district, Fars province, Iran","IOM Afghanistan","29.5926119, 52.5835646","Afghanistan to Iran",,"Southern Asia",4
2025.MMP1745,2025.MMP1745,"Southern Asia","Mon, 07/07/2025 - 12:00",2025,July,1,0,,0,1,0,"Southern Asia","Vehicle accident / death linked to hazardous transport",Afghanistan,"Bushehr district, Bushehr province, Iran","IOM Afghanistan","28.9144913, 50.8279019","Afghanistan to Iran",,"Southern Asia",4
2025.MMP1746,2025.MMP1746,"Southern Asia","Tue, 07/08/2025 - 12:00",2025,July,1,0,,1,0,0,"Southern Asia","Mixed or unknown",Afghanistan,"Tehran district, Tehran province, Iran","IOM Afghanistan","35.7218583, 51.3346954","Afghanistan to Iran",,"Southern Asia",4
2025.MMP1747,2025.MMP1747,"Southern Asia","Tue, 07/08/2025 - 12:00",2025,July,1,0,,0,1,0,"Southern Asia",Violence,Afghanistan,"Tehran district, Tehran province, Iran","IOM Afghanistan","35.7218583, 51.3346954","Afghanistan to Iran",,"Southern Asia",4
2025.MMP1748,2025.MMP1748,"Southern Asia","Tue, 07/08/2025 - 12:00",2025,July,1,0,,0,1,0,"Southern Asia","Vehicle accident / death linked to hazardous transport",Afghanistan,"Isfahan district, Esfahan province, Iran","IOM Afghanistan","32.6538966, 51.6659656","Afghanistan to Iran",,"Southern Asia",4
2025.MMP1749,2025.MMP1749,"Southern Asia","Thu, 07/10/2025 - 12:00",2025,July,1,0,,0,1,0,"Southern Asia","Accidental death",Afghanistan,"Tehran district, Tehran province, Iran","IOM Afghanistan","35.7218583, 51.3346954","Afghanistan to Iran",,"Southern Asia",4
2025.MMP1750,2025.MMP1750,"Southern Asia","Thu, 07/10/2025 - 12:00",2025,July,1,0,,0,1,0,"Southern Asia","Sickness / lack of access to adequate healthcare",Afghanistan,"Sheraz district, Fars province, Iran","IOM Afghanistan","29.5926119, 52.5835646","Afghanistan to Iran",,"Southern Asia",4
2025.MMP1751,2025.MMP1751,"Southern Asia","Thu, 07/10/2025 - 12:00",2025,July,1,0,,0,1,0,"Southern Asia","Sickness / lack of access to adequate healthcare",Afghanistan,"Chabahar district, Sistan_and_Baluchestan province, Iran","IOM Afghanistan","25.2927156, 60.6496102","Afghanistan to Iran",,"Southern Asia",4
2025.MMP1752,2025.MMP1752,"Southern Asia","Fri, 07/11/2025 - 12:00",2025,July,1,0,,0,1,0,"Southern Asia",Violence,Afghanistan,"Saravan district, Sistan_and_Baluchestan province, Iran","IOM Afghanistan","27.3688908, 62.3385305","Afghanistan to Iran",,"Southern Asia",4
2025.MMP1753,2025.MMP1753,"Southern Asia","Sat, 07/12/2025 - 12:00",2025,July,1,0,,0,1,0,"Southern Asia","Mixed or unknown",Afghanistan,"Qom district, Qom province, Iran","IOM Afghanistan","34.6415764, 50.8746035","Afghanistan to Iran",,"Southern Asia",4
2025.MMP1754,2025.MMP1754,"Southern Asia","Sat, 07/12/2025 - 12:00",2025,July,1,0,,1,0,0,"Southern Asia","Sickness / lack of access to adequate healthcare",Afghanistan,"Isfahan district, Esfahan province, Iran","IOM Afghanistan","32.6538966, 51.6659656","Afghanistan to Iran",,"Southern Asia",4
2025.MMP1755,2025.MMP1755,"Southern Asia","Sun, 07/13/2025 - 12:00",2025,July,1,0,,0,1,0,"Southern Asia",Violence,Afghanistan,"Tehran district, Tehran province, Iran","IOM Afghanistan","35.7218583, 51.3346954","Afghanistan to Iran",,"Southern Asia",4
2025.MMP1756,2025.MMP1756,"Southern Asia","Sun, 07/13/2025 - 12:00",2025,July,1,0,,0,1,0,"Southern Asia","Sickness / lack of access to adequate healthcare",Afghanistan,"Tehran district, Tehran province, Iran","IOM Afghanistan","35.7218583, 51.3346954","Afghanistan to Iran",,"Southern Asia",4
2025.MMP1757,2025.MMP1757,"Southern Asia","Sun, 07/13/2025 - 12:00",2025,July,1,0,,0,1,0,"Southern Asia",Violence,Afghanistan,"Tehran district, Tehran province, Iran","IOM Afghanistan","35.7218583, 51.3346954","Afghanistan to Iran",,"Southern Asia",4
2025.MMP1758,2025.MMP1758,"Southern Asia","Sun, 07/13/2025 - 12:00",2025,July,1,0,,0,1,0,"Southern Asia","Sickness / lack of access to adequate healthcare",Afghanistan,"Tehran district, Tehran province, Iran","IOM Afghanistan","35.7218583, 51.3346954","Afghanistan to Iran",,"Southern Asia",4
2025.MMP1759,2025.MMP1759,"Southern Asia","Sun, 07/13/2025 - 12:00",2025,July,1,0,,1,0,0,"Southern Asia","Sickness / lack of access to adequate healthcare",Afghanistan,"Shiraz district, Fars province, Iran","IOM Afghanistan","29.5926119, 52.5835646","Afghanistan to Iran",,"Southern Asia",4
2025.MMP1760,2025.MMP1760,"Southern Asia","Mon, 07/14/2025 - 12:00",2025,July,1,0,,0,1,0,"Southern Asia",Violence,Afghanistan,"Tehran district, Tehran province, Iran","IOM Afghanistan","35.7218583, 51.3346954","Afghanistan to Iran",,"Southern Asia",4
2025.MMP1761,2025.MMP1761,"Southern Asia","Mon, 07/14/2025 - 12:00",2025,July,1,0,,1,0,0,"Southern Asia","Sickness / lack of access to adequate healthcare",Afghanistan,"Tehran district, Tehran province, Iran","IOM Afghanistan","35.7218583, 51.3346954","Afghanistan to Iran",,"Southern Asia",4
2025.MMP1762,2025.MMP1762,"Southern Asia","Mon, 07/14/2025 - 12:00",2025,July,1,0,,0,1,0,"Southern Asia","Sickness / lack of access to adequate healthcare",Afghanistan,"Tehran district, Tehran province, Iran","IOM Afghanistan","35.7218583, 51.3346954","Afghanistan to Iran",,"Southern Asia",4
2025.MMP1763,2025.MMP1763,"Southern Asia","Mon, 07/14/2025 - 12:00",2025,July,1,0,,0,1,1,"Southern Asia","Vehicle accident / death linked to hazardous transport",Afghanistan,"Tehran district, Tehran province, Iran","IOM Afghanistan","35.7218583, 51.3346954","Afghanistan to Iran",,"Southern Asia",4
2025.MMP1764,2025.MMP1764,"Southern Asia","Mon, 07/14/2025 - 12:00",2025,July,1,0,,0,1,0,"Southern Asia","Sickness / lack of access to adequate healthcare",Afghanistan,"Tehran district, Tehran province, Iran","IOM Afghanistan","35.7218583, 51.3346954","Afghanistan to Iran",,"Southern Asia",4
2025.MMP1765,2025.MMP1765,"Southern Asia","Mon, 07/14/2025 - 12:00",2025,July,1,0,,0,1,0,"Southern Asia","Sickness / lack of access to adequate healthcare",Afghanistan,"Sirjan district, Kerman province, Iran","IOM Afghanistan","29.4457241, 55.6809021","Afghanistan to Iran",,"Southern Asia",4
2025.MMP1766,2025.MMP1766,"Southern Asia","Tue, 07/15/2025 - 12:00",2025,July,1,0,,0,1,0,"Southern Asia","Sickness / lack of access to adequate healthcare",Afghanistan,"Tehran district, Tehran province, Iran","IOM Afghanistan","35.7218583, 51.3346954","Afghanistan to Iran",,"Southern Asia",4
2025.MMP1767,2025.MMP1767,"Southern Asia","Tue, 07/15/2025 - 12:00",2025,July,1,0,,0,1,0,"Southern Asia","Mixed or unknown",Afghanistan,"Shahryar district, Tehran province, Iran","IOM Afghanistan","35.6529119, 51.0599647","Afghanistan to Iran",,"Southern Asia",4
2025.MMP1768,2025.MMP1768,"Southern Asia","Tue, 07/15/2025 - 12:00",2025,July,1,0,,0,1,0,"Southern Asia","Sickness / lack of access to adequate healthcare",Afghanistan,"Jiroft district, Kerman province, Iran","IOM Afghanistan","28.6791883, 57.7445277","Afghanistan to Iran",,"Southern Asia",4
2025.MMP1769,2025.MMP1769,"Southern Asia","Wed, 07/16/2025 - 12:00",2025,July,1,0,,0,1,0,"Southern Asia","Sickness / lack of access to adequate healthcare",Afghanistan,"Tehran district, Tehran province, Iran","IOM Afghanistan","35.7218583, 51.3346954","Afghanistan to Iran",,"Southern Asia",4
2025.MMP1770,2025.MMP1770,"Southern Asia","Wed, 07/16/2025 - 12:00",2025,July,1,0,,0,1,0,"Southern Asia","Sickness / lack of access to adequate healthcare",Afghanistan,"Tehran district, Tehran province, Iran","IOM Afghanistan","35.7218583, 51.3346954","Afghanistan to Iran",,"Southern Asia",4
2025.MMP1771,2025.MMP1771,"Southern Asia","Wed, 07/16/2025 - 12:00",2025,July,1,0,,0,1,0,"Southern Asia","Vehicle accident / death linked to hazardous transport",Afghanistan,"Minab district, Hormozgan province, Iran","IOM Afghanistan","27.1372211, 57.0675028","Afghanistan to Iran",,"Southern Asia",4
2025.MMP1772,2025.MMP1772,"Southern Asia","Thu, 07/17/2025 - 12:00",2025,July,1,0,,1,0,0,"Southern Asia","Sickness / lack of access to adequate healthcare",Afghanistan,"Tehran district, Tehran province, Iran","IOM Afghanistan","35.7218583, 51.3346954","Afghanistan to Iran",,"Southern Asia",4
2025.MMP1773,2025.MMP1773,"Southern Asia","Thu, 07/17/2025 - 12:00",2025,July,1,0,,1,0,0,"Southern Asia","Sickness / lack of access to adequate healthcare",Afghanistan,"Tehran district, Tehran province, Iran","IOM Afghanistan","35.7218583, 51.3346954","Afghanistan to Iran",,"Southern Asia",4
2025.MMP1774,2025.MMP1774,"Southern Asia","Thu, 07/17/2025 - 12:00",2025,July,1,0,,0,1,0,"Southern Asia","Sickness / lack of access to adequate healthcare",Afghanistan,"Kerman district, Kerman province, Iran","IOM Afghanistan","30.2839379, 57.0833628","Afghanistan to Iran",,"Southern Asia",4
2025.MMP1775,2025.MMP1775,"Southern Asia","Fri, 07/18/2025 - 12:00",2025,July,1,0,,0,1,0,"Southern Asia","Mixed or unknown",Afghanistan,"Tehran district, Tehran province, Iran","IOM Afghanistan","35.7218583, 51.3346954","Afghanistan to Iran",,"Southern Asia",4
2025.MMP1776,2025.MMP1776,"Southern Asia","Fri, 07/18/2025 - 12:00",2025,July,1,0,,0,1,0,"Southern Asia","Mixed or unknown",Afghanistan,"Tehran district, Tehran province, Iran","IOM Afghanistan","35.7218583, 51.3346954","Afghanistan to Iran",,"Southern Asia",4
2025.MMP1777,2025.MMP1777,"Southern Asia","Fri, 07/18/2025 - 12:00",2025,July,1,0,,0,1,0,"Southern Asia","Vehicle accident / death linked to hazardous transport",Afghanistan,"Sari district, Mazandaran province, Iran","IOM Afghanistan","36.5658729, 53.0586328","Afghanistan to Iran",,"Southern Asia",4
2025.MMP1778,2025.MMP1778,"Southern Asia","Sat, 07/19/2025 - 12:00",2025,July,1,0,,0,1,0,"Southern Asia","Sickness / lack of access to adequate healthcare",Afghanistan,"Shiraz district, Shiraz province, Iran","IOM Afghanistan","29.5926119, 52.5835646","Afghanistan to Iran",,"Southern Asia",4
2025.MMP1779,2025.MMP1779,"Southern Asia","Sat, 07/19/2025 - 12:00",2025,July,1,0,,0,1,0,"Southern Asia",Violence,Afghanistan,"Tehran district, Tehran province, Iran","IOM Afghanistan","35.7218583, 51.3346954","Afghanistan to Iran",,"Southern Asia",4
2025.MMP1780,2025.MMP1780,"Southern Asia","Sat, 07/19/2025 - 12:00",2025,July,1,0,,0,1,0,"Southern Asia","Accidental death",Afghanistan,"Shiraz district, Fars province, Iran","IOM Afghanistan","29.5926119, 52.5835646","Afghanistan to Iran",,"Southern Asia",4
2025.MMP1781,2025.MMP1781,"Southern Asia","Sun, 07/20/2025 - 12:00",2025,July,1,0,,1,0,0,"Southern Asia","Sickness / lack of access to adequate healthcare",Afghanistan,"Tehran district, Tehran province, Iran","IOM Afghanistan","35.7218583, 51.3346954","Afghanistan to Iran",,"Southern Asia",4
2025.MMP1782,2025.MMP1782,"Southern Asia","Sun, 07/20/2025 - 12:00",2025,July,1,0,,1,0,0,"Southern Asia","Sickness / lack of access to adequate healthcare",Afghanistan,"Bushehr district, Bushehr province, Iran","IOM Afghanistan","28.9144913, 50.8279019","Afghanistan to Iran",,"Southern Asia",4
2025.MMP1783,2025.MMP1783,"Southern Asia","Mon, 07/21/2025 - 12:00",2025,July,1,0,,0,1,1,"Southern Asia","Mixed or unknown",Afghanistan,"Tehran district, Tehran province, Iran","IOM Afghanistan","35.7218583, 51.3346954","Afghanistan to Iran",,"Southern Asia",4
2025.MMP1784,2025.MMP1784,"Southern Asia","Mon, 07/21/2025 - 12:00",2025,July,1,0,,0,1,0,"Southern Asia",Violence,Afghanistan,"Isfahan district, Esfahan province, Iran","IOM Afghanistan","32.6538966, 51.6659656","Afghanistan to Iran",,"Southern Asia",4
2025.MMP1785,2025.MMP1785,"Southern Asia","Tue, 07/22/2025 - 12:00",2025,July,1,0,,0,1,0,"Southern Asia",Violence,Afghanistan,"Tehran district, Tehran province, Iran","IOM Afghanistan","35.7218583, 51.3346954","Afghanistan to Iran",,"Southern Asia",4
2025.MMP1786,2025.MMP1786,"Southern Asia","Tue, 07/22/2025 - 12:00",2025,July,1,0,,0,1,0,"Southern Asia",Violence,Afghanistan,"Isfahan district, Esfahan province, Iran","IOM Afghanistan","32.6538966, 51.6659656","Afghanistan to Iran",,"Southern Asia",4
2025.MMP1787,2025.MMP1787,"Southern Asia","Wed, 07/23/2025 - 12:00",2025,July,1,0,,0,1,0,"Southern Asia","Vehicle accident / death linked to hazardous transport",Afghanistan,"Tehran district, Tehran province, Iran","IOM Afghanistan","35.7218583, 51.3346954","Afghanistan to Iran",,"Southern Asia",4
2025.MMP1788,2025.MMP1788,"Southern Asia","Wed, 07/23/2025 - 12:00",2025,July,1,0,,0,1,0,"Southern Asia","Sickness / lack of access to adequate healthcare",Afghanistan,"Zaranj district, Zero Point province, Iran","IOM Afghanistan","30.885846, 62.0282394","Afghanistan to Iran",,"Southern Asia",4
2025.MMP1789,2025.MMP1789,"Southern Asia","Thu, 07/24/2025 - 12:00",2025,July,1,0,,0,1,0,"Southern Asia","Mixed or unknown",Afghanistan,"Tehran district, Tehran province, Iran","IOM Afghanistan","35.7218583, 51.3346954","Afghanistan to Iran",,"Southern Asia",4
2025.MMP1790,2025.MMP1790,"Southern Asia","Thu, 07/24/2025 - 12:00",2025,July,1,0,,0,1,0,"Southern Asia","Sickness / lack of access to adequate healthcare",Afghanistan,"Yazd district, Yazd province, Iran","IOM Afghanistan","31.8974232, 54.3568562","Afghanistan to Iran",,"Southern Asia",4
2025.MMP1791,2025.MMP1791,"Southern Asia","Fri, 07/25/2025 - 12:00",2025,July,1,0,,1,0,0,"Southern Asia","Mixed or unknown",Afghanistan,"Tehran district, Tehran province, Iran","IOM Afghanistan","35.7218583, 51.3346954","Afghanistan to Iran",,"Southern Asia",4
2025.MMP1792,2025.MMP1792,"Southern Asia","Fri, 07/25/2025 - 12:00",2025,July,1,0,,0,1,1,"Southern Asia","Vehicle accident / death linked to hazardous transport",Afghanistan,"Qazwin district, Qazwin province, Iran","IOM Afghanistan","36.2795045, 50.0045669","Afghanistan to Iran",,"Southern Asia",4
2025.MMP1793,2025.MMP1793,"Southern Asia","Sat, 07/26/2025 - 12:00",2025,July,1,0,,0,1,0,"Southern Asia","Accidental death",Afghanistan,"Bushehr district, Bushehr province, Iran","IOM Afghanistan","28.9144913, 50.8279019","Afghanistan to Iran",,"Southern Asia",4
2025.MMP1794,2025.MMP1794,"Southern Asia","Sun, 07/27/2025 - 12:00",2025,July,1,0,,0,1,0,"Southern Asia","Sickness / lack of access to adequate healthcare",Afghanistan,"Tehran district, Tehran province, Iran","IOM Afghanistan","35.7218583, 51.3346954","Afghanistan to Iran",,"Southern Asia",4
2025.MMP1795,2025.MMP1795,"Southern Asia","Sun, 07/27/2025 - 12:00",2025,July,1,0,,1,0,0,"Southern Asia","Sickness / lack of access to adequate healthcare",Afghanistan,"Kashan  district, Esfahan province, Iran","IOM Afghanistan","33.9910347, 51.4235414","Afghanistan to Iran",,"Southern Asia",4
2025.MMP1796,2025.MMP1796,"Southern Asia","Sun, 07/27/2025 - 12:00",2025,July,1,0,,1,0,0,"Southern Asia","Sickness / lack of access to adequate healthcare",Afghanistan,"Zabol district, Sistan_and_Baluchestan province, Iran","IOM Afghanistan","31.0301788, 61.4900813","Afghanistan to Iran",,"Southern Asia",4
2025.MMP1797,2025.MMP1797,"Southern Asia","Mon, 07/28/2025 - 12:00",2025,July,1,0,,0,1,0,"Southern Asia","Sickness / lack of access to adequate healthcare",Afghanistan,"Tehran district, Tehran province, Iran","IOM Afghanistan","35.7218583, 51.3346954","Afghanistan to Iran",,"Southern Asia",4
2025.MMP1798,2025.MMP1798,"Southern Asia","Mon, 07/28/2025 - 12:00",2025,July,1,0,,0,1,0,"Southern Asia","Sickness / lack of access to adequate healthcare",Afghanistan,"Tehran district, Tehran province, Iran","IOM Afghanistan","35.7218583, 51.3346954","Afghanistan to Iran",,"Southern Asia",4
2025.MMP1799,2025.MMP1799,"Southern Asia","Mon, 07/28/2025 - 12:00",2025,July,1,0,,0,1,0,"Southern Asia","Sickness / lack of access to adequate healthcare",Afghanistan,"Isfahan district, Esfahan province, Iran","IOM Afghanistan","32.6538966, 51.6659656","Afghanistan to Iran",,"Southern Asia",4
2025.MMP1800,2025.MMP1800,"Southern Asia","Tue, 07/29/2025 - 12:00",2025,July,1,0,,0,1,0,"Southern Asia","Sickness / lack of access to adequate healthcare",Afghanistan,"Mashhad district, Razawi Khurasan province, Iran","IOM Afghanistan","36.2972006, 59.60669","Afghanistan to Iran",,"Southern Asia",4
2025.MMP1801,2025.MMP1801,"Southern Asia","Wed, 07/30/2025 - 12:00",2025,July,1,0,,0,1,0,"Southern Asia",Violence,Afghanistan,"Tiran-o-Korun district, Esfahan province, Iran","IOM Afghanistan","32.74411, 51.095836","Afghanistan to Iran",,"Southern Asia",4
2025.MMP1802,2025.MMP1802,"Southern Asia","Thu, 07/31/2025 - 12:00",2025,July,1,0,,0,1,0,"Southern Asia","Sickness / lack of access to adequate healthcare",Afghanistan,"Hassan Abad district, Tehran province, Iran","IOM Afghanistan","35.6864457, 51.4101854","Afghanistan to Iran",,"Southern Asia",4
2025.MMP1803,2025.MMP1803,"Southern Asia","Thu, 07/31/2025 - 12:00",2025,July,1,0,,0,1,0,"Southern Asia","Sickness / lack of access to adequate healthcare",Afghanistan,"Tehran district, Tehran province, Iran","IOM Afghanistan","35.7218583, 51.3346954","Afghanistan to Iran",,"Southern Asia",4
2025.MMP1804,2025.MMP1804,"Southern Asia","Thu, 07/31/2025 - 12:00",2025,July,1,0,,0,1,0,"Southern Asia","Vehicle accident / death linked to hazardous transport",Afghanistan,"Shiraz district, Fars province, Iran","IOM Afghanistan","29.5926119, 52.5835646","Afghanistan to Iran",,"Southern Asia",4
2025.MMP1805,2025.MMP1805,"Southern Asia","Fri, 08/01/2025 - 12:00",2025,August,1,0,,0,1,0,"Southern Asia","Vehicle accident / death linked to hazardous transport",Afghanistan,"Tehran district, Tehran province, Iran","IOM Afghanistan","35.7218583, 51.3346954","Afghanistan to Iran",,"Southern Asia",4
2025.MMP1806,2025.MMP1806,"Southern Asia","Fri, 08/01/2025 - 12:00",2025,August,1,0,,0,1,0,"Southern Asia",Violence,Afghanistan,"Urmia district, West_Azerbaijan province, Iran","IOM Afghanistan","37.5498061, 45.0786282","Iran to Türkiye",,"Southern Asia",4
2025.MMP1807,2025.MMP1807,"Southern Asia","Sat, 08/02/2025 - 12:00",2025,August,1,0,,0,1,0,"Southern Asia","Vehicle accident / death linked to hazardous transport",Afghanistan,"Mashad district, Razawi Khurasan province, Iran","IOM Afghanistan","36.2972006, 59.60669","Afghanistan to Iran",,"Southern Asia",4
2025.MMP1808,2025.MMP1808,"Southern Asia","Sat, 08/02/2025 - 12:00",2025,August,1,0,,0,1,0,"Southern Asia",Violence,Afghanistan,"Urmia district, West_Azerbaijan province, Iran","IOM Afghanistan","37.5498061, 45.0786282","Iran to Türkiye",,"Southern Asia",4
2025.MMP1809,2025.MMP1809,"Southern Asia","Sun, 08/03/2025 - 12:00",2025,August,1,0,,0,1,0,"Southern Asia","Vehicle accident / death linked to hazardous transport",Afghanistan,"Tehran district, Tehran province, Iran","IOM Afghanistan","35.7218583, 51.3346954","Afghanistan to Iran",,"Southern Asia",4
2025.MMP1810,2025.MMP1810,"Southern Asia","Sun, 08/03/2025 - 12:00",2025,August,1,0,,0,1,0,"Southern Asia",Violence,Afghanistan,"tehran district, Tehran province, Iran","IOM Afghanistan","35.7218583, 51.3346954","Afghanistan to Iran",,"Southern Asia",4
2025.MMP1811,2025.MMP1811,"Southern Asia","Sun, 08/03/2025 - 12:00",2025,August,1,0,,0,1,0,"Southern Asia",Violence,Afghanistan,"Taybad district, Mashhad province, Iran","IOM Afghanistan","36.2972006, 59.60669","Afghanistan to Iran",,"Southern Asia",4
2025.MMP1812,2025.MMP1812,"Southern Asia","Sun, 08/03/2025 - 12:00",2025,August,1,0,,0,1,0,"Southern Asia",Violence,Afghanistan,"Taybad district, Mashhad province, Iran","IOM Afghanistan","36.2972006, 59.60669","Afghanistan to Iran",,"Southern Asia",4
2025.MMP1813,2025.MMP1813,"Southern Asia","Sun, 08/03/2025 - 12:00",2025,August,1,0,,0,1,0,"Southern Asia","Sickness / lack of access to adequate healthcare",Afghanistan,"Bushehr district, Bushehr province, Iran","IOM Afghanistan","28.9144913, 50.8279019","Afghanistan to Iran",,"Southern Asia",4
2025.MMP1814,2025.MMP1814,"Southern Asia","Mon, 08/04/2025 - 12:00",2025,August,1,0,,0,1,0,"Southern Asia","Sickness / lack of access to adequate healthcare",Afghanistan,"Esfahan district, Esfahan province, Iran","IOM Afghanistan","32.6538966, 51.6659656","Afghanistan to Iran",,"Southern Asia",4
2025.MMP1815,2025.MMP1815,"Southern Asia","Mon, 08/04/2025 - 12:00",2025,August,1,0,,0,1,0,"Southern Asia","Sickness / lack of access to adequate healthcare",Afghanistan,"Esfahan district, Esfahan province, Iran","IOM Afghanistan","32.6538966, 51.6659656","Afghanistan to Iran",,"Southern Asia",4
2025.MMP1816,2025.MMP1816,"Southern Asia","Mon, 08/04/2025 - 12:00",2025,August,1,0,,1,0,0,"Southern Asia","Sickness / lack of access to adequate healthcare",Afghanistan,"Tehran district, Tehran province, Iran","IOM Afghanistan","35.7218583, 51.3346954","Afghanistan to Iran",,"Southern Asia",4
2025.MMP1817,2025.MMP1817,"Southern Asia","Tue, 08/05/2025 - 12:00",2025,August,1,0,,0,1,1,"Southern Asia","Vehicle accident / death linked to hazardous transport",Afghanistan,"tehran district, Tehran province, Iran","IOM Afghanistan","35.7218583, 51.3346954","Afghanistan to Iran",,"Southern Asia",4
2025.MMP1818,2025.MMP1818,"Southern Asia","Tue, 08/05/2025 - 12:00",2025,August,1,0,,0,1,0,"Southern Asia","Accidental death",Afghanistan,"Tehran district, Tehran province, Iran","IOM Afghanistan","35.7218583, 51.3346954","Afghanistan to Iran",,"Southern Asia",4
2025.MMP1819,2025.MMP1819,"Southern Asia","Tue, 08/05/2025 - 12:00",2025,August,1,0,,0,1,0,"Southern Asia",Drowning,Afghanistan,"Tehran district, Tehran province, Iran","IOM Afghanistan","35.7218583, 51.3346954","Afghanistan to Iran",,"Southern Asia",4
2025.MMP1820,2025.MMP1820,"Southern Asia","Tue, 08/05/2025 - 12:00",2025,August,1,0,,0,1,0,"Southern Asia","Mixed or unknown",Afghanistan,"Ahwaz district, Ahwaz province, Iran","IOM Afghanistan","31.3183272, 48.6706187","Afghanistan to Iran",,"Southern Asia",4
2025.MMP1821,2025.MMP1821,"Southern Asia","Tue, 08/05/2025 - 12:00",2025,August,1,0,,0,1,1,"Southern Asia","Accidental death",Afghanistan,"Isfahan district, Esfahan province, Iran","IOM Afghanistan","32.6538966, 51.6659656","Afghanistan to Iran",,"Southern Asia",4
2025.MMP1822,2025.MMP1822,"Southern Asia","Wed, 08/06/2025 - 12:00",2025,August,1,0,,0,1,0,"Southern Asia","Sickness / lack of access to adequate healthcare",Afghanistan,"Tehran district, Tehran province, Iran","IOM Afghanistan","35.7218583, 51.3346954","Afghanistan to Iran",,"Southern Asia",4
2025.MMP1823,2025.MMP1823,"Southern Asia","Wed, 08/06/2025 - 12:00",2025,August,1,0,,0,1,0,"Southern Asia","Vehicle accident / death linked to hazardous transport",Afghanistan,"Tehran district, Tehran province, Iran","IOM Afghanistan","35.7218583, 51.3346954","Afghanistan to Iran",,"Southern Asia",4
2025.MMP1824,2025.MMP1824,"Southern Asia","Thu, 08/07/2025 - 12:00",2025,August,1,0,,1,0,0,"Southern Asia","Sickness / lack of access to adequate healthcare",Afghanistan,"Tehran district, Tehran province, Iran","IOM Afghanistan","35.7218583, 51.3346954","Afghanistan to Iran",,"Southern Asia",4
2025.MMP1825,2025.MMP1825,"Southern Asia","Thu, 08/07/2025 - 12:00",2025,August,1,0,,1,0,0,"Southern Asia",Violence,Afghanistan,"Tehran district, Tehran province, Iran","IOM Afghanistan","35.7218583, 51.3346954","Afghanistan to Iran",,"Southern Asia",4
2025.MMP1826,2025.MMP1826,"Southern Asia","Thu, 08/07/2025 - 12:00",2025,August,1,0,,0,1,1,"Southern Asia",Violence,Afghanistan,"Tehran district, Tehran province, Iran","IOM Afghanistan","35.7218583, 51.3346954","Afghanistan to Iran",,"Southern Asia",4
2025.MMP1827,2025.MMP1827,"Southern Asia","Thu, 08/07/2025 - 12:00",2025,August,1,0,,1,0,1,"Southern Asia",Violence,Afghanistan,"Tehran district, Tehran province, Iran","IOM Afghanistan","35.7218583, 51.3346954","Afghanistan to Iran",,"Southern Asia",4
2025.MMP1828,2025.MMP1828,"Southern Asia","Thu, 08/07/2025 - 12:00",2025,August,1,0,,0,1,1,"Southern Asia",Violence,Afghanistan,"Tehran district, Tehran province, Iran","IOM Afghanistan","35.7218583, 51.3346954","Afghanistan to Iran",,"Southern Asia",4
2025.MMP1829,2025.MMP1829,"Southern Asia","Fri, 08/08/2025 - 12:00",2025,August,1,0,,0,1,1,"Southern Asia","Mixed or unknown",Afghanistan,"Karaj district, Alborz province, Iran","IOM Afghanistan","35.8438581, 50.9714995","Afghanistan to Iran",,"Southern Asia",4
2025.MMP1830,2025.MMP1830,"Southern Asia","Sat, 08/09/2025 - 12:00",2025,August,1,0,,0,1,0,"Southern Asia","Sickness / lack of access to adequate healthcare",Afghanistan,"Mashhad district, Khurasan  province, Iran","IOM Afghanistan","36.2972006, 59.60669","Afghanistan to Iran",,"Southern Asia",4
2025.MMP1831,2025.MMP1831,"Southern Asia","Sat, 08/09/2025 - 12:00",2025,August,1,0,,0,1,0,"Southern Asia","Sickness / lack of access to adequate healthcare",Afghanistan,"Isfahan district, Esfahan province, Iran","IOM Afghanistan","32.6538966, 51.6659656","Afghanistan to Iran",,"Southern Asia",4
2025.MMP1832,2025.MMP1832,"Southern Asia","Sun, 08/10/2025 - 12:00",2025,August,1,0,,0,1,0,"Southern Asia","Accidental death",Afghanistan,"Lawasim district, Tehran province, Iran","IOM Afghanistan","35.5501285, 51.5150077","Afghanistan to Iran",,"Southern Asia",4
2025.MMP1833,2025.MMP1833,"Southern Asia","Sun, 08/10/2025 - 12:00",2025,August,1,0,,0,1,0,"Southern Asia","Accidental death",Afghanistan,"Lawasim district, Tehran province, Iran","IOM Afghanistan","35.5501285, 51.5150077","Afghanistan to Iran",,"Southern Asia",4
2025.MMP1834,2025.MMP1834,"Southern Asia","Sun, 08/10/2025 - 12:00",2025,August,1,0,,0,1,0,"Southern Asia","Vehicle accident / death linked to hazardous transport",Afghanistan,"Isfahan district, Esfahan province, Iran","IOM Afghanistan","32.6538966, 51.6659656","Afghanistan to Iran",,"Southern Asia",4
2025.MMP1835,2025.MMP1835,"Southern Asia","Mon, 08/11/2025 - 12:00",2025,August,1,0,,0,1,0,"Southern Asia","Sickness / lack of access to adequate healthcare",Afghanistan,"Tehran district, Tehran province, Iran","IOM Afghanistan","35.7218583, 51.3346954","Afghanistan to Iran",,"Southern Asia",4
2025.MMP1836,2025.MMP1836,"Southern Asia","Mon, 08/11/2025 - 12:00",2025,August,1,0,,1,0,1,"Southern Asia","Sickness / lack of access to adequate healthcare",Afghanistan,"Yazd district, Yazd province, Iran","IOM Afghanistan","31.8974232, 54.3568562","Afghanistan to Iran",,"Southern Asia",4
2025.MMP1837,2025.MMP1837,"Southern Asia","Tue, 08/12/2025 - 12:00",2025,August,1,0,,0,1,1,"Southern Asia","Vehicle accident / death linked to hazardous transport",Afghanistan,"Qazwin district, Qazwin province, Iran","IOM Afghanistan","36.2795045, 50.0045669","Afghanistan to Iran",,"Southern Asia",4
2025.MMP1838,2025.MMP1838,"Southern Asia","Tue, 08/12/2025 - 12:00",2025,August,1,0,,0,1,0,"Southern Asia",Violence,Afghanistan,"Tehran district, Tehran province, Iran","IOM Afghanistan","35.7218583, 51.3346954","Afghanistan to Iran",,"Southern Asia",4
2025.MMP1839,2025.MMP1839,"Southern Asia","Tue, 08/12/2025 - 12:00",2025,August,1,0,,0,1,0,"Southern Asia","Sickness / lack of access to adequate healthcare",Afghanistan,"Bandar-Abbas district, Hormozgan province, Iran","IOM Afghanistan","27.1962543, 56.2883647","Afghanistan to Iran",,"Southern Asia",4
2025.MMP1840,2025.MMP1840,"Southern Asia","Wed, 08/13/2025 - 12:00",2025,August,1,0,,0,1,1,"Southern Asia","Sickness / lack of access to adequate healthcare",Afghanistan,"Tehran district, Tehran province, Iran","IOM Afghanistan","35.7218583, 51.3346954","Afghanistan to Iran",,"Southern Asia",4
2025.MMP1841,2025.MMP1841,"Southern Asia","Wed, 08/13/2025 - 12:00",2025,August,1,0,,0,1,0,"Southern Asia",Violence,Afghanistan,"Saravan district, Sistan_and_Baluchestan province, Iran","IOM Afghanistan","27.3688908, 62.3385305","Afghanistan to Iran",,"Southern Asia",4
2025.MMP1842,2025.MMP1842,"Southern Asia","Thu, 08/14/2025 - 12:00",2025,August,1,0,,0,1,0,"Southern Asia","Sickness / lack of access to adequate healthcare",Afghanistan,"Karaj district, Alborz province, Iran","IOM Afghanistan","35.8438581, 50.9714995","Afghanistan to Iran",,"Southern Asia",4
2025.MMP1843,2025.MMP1843,"Southern Asia","Thu, 08/14/2025 - 12:00",2025,August,1,0,,0,1,0,"Southern Asia","Sickness / lack of access to adequate healthcare",Afghanistan,"Karizak district, Tehran province, Iran","IOM Afghanistan","35.3499909, 51.844772","Afghanistan to Iran",,"Southern Asia",4
2025.MMP1844,2025.MMP1844,"Southern Asia","Thu, 08/14/2025 - 12:00",2025,August,1,0,,0,1,0,"Southern Asia","Sickness / lack of access to adequate healthcare",Afghanistan,"Waramen district, Tehran province, Iran","IOM Afghanistan","35.5501285, 51.5150077","Afghanistan to Iran",,"Southern Asia",4
2025.MMP1845,2025.MMP1845,"Southern Asia","Thu, 08/14/2025 - 12:00",2025,August,1,0,,0,1,0,"Southern Asia","Sickness / lack of access to adequate healthcare",Afghanistan,"Zaranj district, Zero Point province, Iran","IOM Afghanistan","30.885846, 62.0282394","Afghanistan to Iran",,"Southern Asia",4
2025.MMP1846,2025.MMP1846,"Southern Asia","Fri, 08/15/2025 - 12:00",2025,August,1,0,,0,1,0,"Southern Asia","Sickness / lack of access to adequate healthcare",Afghanistan,"Shiraz district, Fars province, Iran","IOM Afghanistan","29.5926119, 52.5835646","Afghanistan to Iran",,"Southern Asia",4
2025.MMP1847,2025.MMP1847,"Southern Asia","Sat, 08/16/2025 - 12:00",2025,August,1,0,,0,1,1,"Southern Asia","Vehicle accident / death linked to hazardous transport",Afghanistan,"Tehran district, Tehran province, Iran","IOM Afghanistan","35.7218583, 51.3346954","Afghanistan to Iran",,"Southern Asia",4
2025.MMP1848,2025.MMP1848,"Southern Asia","Sat, 08/16/2025 - 12:00",2025,August,1,0,,0,1,0,"Southern Asia",Violence,Afghanistan,"Saravan district, Sistan_and_Baluchestan province, Iran","IOM Afghanistan","27.3688908, 62.3385305","Afghanistan to Iran",,"Southern Asia",4
2025.MMP1849,2025.MMP1849,"Southern Asia","Sun, 08/17/2025 - 12:00",2025,August,1,0,,1,0,0,"Southern Asia","Sickness / lack of access to adequate healthcare",Afghanistan,"Tehran district, Tehran province, Iran","IOM Afghanistan","35.7218583, 51.3346954","Afghanistan to Iran",,"Southern Asia",4
2025.MMP1850,2025.MMP1850,"Southern Asia","Sun, 08/17/2025 - 12:00",2025,August,1,0,,0,1,0,"Southern Asia","Mixed or unknown",Afghanistan,"Tehran district, Tehran province, Iran","IOM Afghanistan","35.7218583, 51.3346954","Afghanistan to Iran",,"Southern Asia",4
2025.MMP1851,2025.MMP1851,"Southern Asia","Sun, 08/17/2025 - 12:00",2025,August,1,0,,0,1,0,"Southern Asia","Accidental death",Afghanistan,"Tehran district, Tehran province, Iran","IOM Afghanistan","35.7218583, 51.3346954","Afghanistan to Iran",,"Southern Asia",4
2025.MMP1852,2025.MMP1852,"Southern Asia","Sun, 08/17/2025 - 12:00",2025,August,1,0,,0,1,0,"Southern Asia","Accidental death",Afghanistan,"Bandar-Abbas district, Hormozgan province, Iran","IOM Afghanistan","27.1962543, 56.2883647","Afghanistan to Iran",,"Southern Asia",4
2025.MMP1853,2025.MMP1853,"Southern Asia","Mon, 08/18/2025 - 12:00",2025,August,1,0,,0,1,0,"Southern Asia","Sickness / lack of access to adequate healthcare",Afghanistan,"Tehran district, Tehran province, Iran","IOM Afghanistan","35.7218583, 51.3346954","Afghanistan to Iran",,"Southern Asia",4
2025.MMP1854,2025.MMP1854,"Southern Asia","Mon, 08/18/2025 - 12:00",2025,August,1,0,,0,1,0,"Southern Asia","Sickness / lack of access to adequate healthcare",Afghanistan,"Abbas abad district, Mazandaran province, Iran","IOM Afghanistan","36.722697, 51.1032604","Afghanistan to Iran",,"Southern Asia",4
2025.MMP1855,2025.MMP1855,"Southern Asia","Tue, 08/19/2025 - 12:00",2025,August,1,0,,0,1,0,"Southern Asia","Sickness / lack of access to adequate healthcare",Afghanistan,"Shiraz district, Fars province, Iran","IOM Afghanistan","29.5926119, 52.5835646","Afghanistan to Iran",,"Southern Asia",4
2025.MMP1856,2025.MMP1856,"Southern Asia","Wed, 08/20/2025 - 12:00",2025,August,1,0,,0,1,0,"Southern Asia","Accidental death",Afghanistan,"Kerman district, Kerman province, Iran","IOM Afghanistan","30.2839379, 57.0833628","Afghanistan to Iran",,"Southern Asia",4
2025.MMP1857,2025.MMP1857,"Southern Asia","Thu, 08/21/2025 - 12:00",2025,August,1,0,,1,0,0,"Southern Asia","Sickness / lack of access to adequate healthcare",Afghanistan,"Zaman Abad district, Tehran province, Iran","IOM Afghanistan","35.548781, 51.517636","Afghanistan to Iran",,"Southern Asia",4
2025.MMP1858,2025.MMP1858,"Southern Asia","Thu, 08/21/2025 - 12:00",2025,August,1,0,,0,1,1,"Southern Asia","Vehicle accident / death linked to hazardous transport",Afghanistan,"Kashan  district, Esfahan province, Iran","IOM Afghanistan","33.9910347, 51.4235414","Afghanistan to Iran",,"Southern Asia",4
2025.MMP1859,2025.MMP1859,"Southern Asia","Thu, 08/21/2025 - 12:00",2025,August,1,0,,0,1,0,"Southern Asia",Drowning,Afghanistan,"Baft district, Kerman province, Iran","IOM Afghanistan","29.2349823, 56.5989321","Afghanistan to Iran",,"Southern Asia",4
2025.MMP1860,2025.MMP1860,"Southern Asia","Fri, 08/22/2025 - 12:00",2025,August,1,0,,0,1,1,"Southern Asia","Sickness / lack of access to adequate healthcare",Afghanistan,"Tehran district, Tehran province, Iran","IOM Afghanistan","35.7218583, 51.3346954","Afghanistan to Iran",,"Southern Asia",4
2025.MMP1861,2025.MMP1861,"Southern Asia","Fri, 08/22/2025 - 12:00",2025,August,1,0,,0,1,0,"Southern Asia","Sickness / lack of access to adequate healthcare",Afghanistan,"Kerman district, Kerman province, Iran","IOM Afghanistan","30.2839379, 57.0833628","Afghanistan to Iran",,"Southern Asia",4
2025.MMP1862,2025.MMP1862,"Southern Asia","Sat, 08/23/2025 - 12:00",2025,August,1,0,,0,1,0,"Southern Asia",Violence,Afghanistan,"Zabol district, Sistan_and_Baluchestan province, Iran","IOM Afghanistan","31.0301788, 61.4900813","Afghanistan to Iran",,"Southern Asia",4
2025.MMP1863,2025.MMP1863,"Southern Asia","Sun, 08/24/2025 - 12:00",2025,August,1,0,,1,0,0,"Southern Asia","Sickness / lack of access to adequate healthcare",Afghanistan,"Zahedan district, Sistan_and_Baluchestan province, Iran","IOM Afghanistan","29.4893049, 60.8639982","Afghanistan to Iran",,"Southern Asia",4
2025.MMP1864,2025.MMP1864,"Southern Asia","Mon, 08/25/2025 - 12:00",2025,August,1,0,,0,1,0,"Southern Asia","Sickness / lack of access to adequate healthcare",Afghanistan,"Tehran district, Tehran province, Iran","IOM Afghanistan","35.7218583, 51.3346954","Afghanistan to Iran",,"Southern Asia",4
2025.MMP1865,2025.MMP1865,"Southern Asia","Mon, 08/25/2025 - 12:00",2025,August,1,0,,0,1,0,"Southern Asia","Sickness / lack of access to adequate healthcare",Afghanistan,"Isfahan district, Esfahan province, Iran","IOM Afghanistan","32.6538966, 51.6659656","Afghanistan to Iran",,"Southern Asia",4
2025.MMP1866,2025.MMP1866,"Southern Asia","Tue, 08/26/2025 - 12:00",2025,August,1,0,,0,1,0,"Southern Asia","Vehicle accident / death linked to hazardous transport",Afghanistan,"Bushehr district, Bushehr province, Iran","IOM Afghanistan","28.9144913, 50.8279019","Afghanistan to Iran",,"Southern Asia",4
2025.MMP1867,2025.MMP1867,"Southern Asia","Wed, 08/27/2025 - 12:00",2025,August,1,0,,1,0,0,"Southern Asia","Sickness / lack of access to adequate healthcare",Afghanistan,"Mashhad district, Razawi Khurasan province, Iran","IOM Afghanistan","36.2972006, 59.60669","Afghanistan to Iran",,"Southern Asia",4
2025.MMP1868,2025.MMP1868,"Southern Asia","Wed, 08/27/2025 - 12:00",2025,August,1,0,,1,0,0,"Southern Asia","Sickness / lack of access to adequate healthcare",Afghanistan,"Isfahan district, Esfahan province, Iran","IOM Afghanistan","32.6538966, 51.6659656","Afghanistan to Iran",,"Southern Asia",4
2025.MMP1869,2025.MMP1869,"Southern Asia","Thu, 08/28/2025 - 12:00",2025,August,1,0,,1,0,0,"Southern Asia","Sickness / lack of access to adequate healthcare",Afghanistan,"Tehran district, Tehran province, Iran","IOM Afghanistan","35.7218583, 51.3346954","Afghanistan to Iran",,"Southern Asia",4
2025.MMP1870,2025.MMP1870,"Southern Asia","Thu, 08/28/2025 - 12:00",2025,August,1,0,,0,1,0,"Southern Asia","Sickness / lack of access to adequate healthcare",Afghanistan,"Tehran district, Tehran province, Iran","IOM Afghanistan","35.7218583, 51.3346954","Afghanistan to Iran",,"Southern Asia",4
2025.MMP1871,2025.MMP1871,"Southern Asia","Thu, 08/28/2025 - 12:00",2025,August,1,0,,0,1,0,"Southern Asia","Accidental death",Afghanistan,"Amol district, Mazandaran province, Iran","IOM Afghanistan","36.4706318, 52.3466278","Afghanistan to Iran",,"Southern Asia",4
2025.MMP1872,2025.MMP1872,"Southern Asia","Thu, 08/28/2025 - 12:00",2025,August,1,0,,1,0,0,"Southern Asia","Sickness / lack of access to adequate healthcare",Afghanistan,"Tehran district, Tehran province, Iran","IOM Afghanistan","35.7218583, 51.3346954","Afghanistan to Iran",,"Southern Asia",4
2025.MMP1873,2025.MMP1873,"Southern Asia","Thu, 08/28/2025 - 12:00",2025,August,1,0,,0,1,0,"Southern Asia",Violence,Afghanistan,"Urmia district, West_Azerbaijan province, Iran","IOM Afghanistan","37.5498061, 45.0786282","Iran to Türkiye",,"Southern Asia",4
2025.MMP1874,2025.MMP1874,"Southern Asia","Fri, 08/29/2025 - 12:00",2025,August,1,0,,1,0,0,"Southern Asia","Sickness / lack of access to adequate healthcare",Afghanistan,"Hashimi district, Tehran province, Iran","IOM Afghanistan","35.5501285, 51.5150077","Afghanistan to Iran",,"Southern Asia",4
2025.MMP1875,2025.MMP1875,"Southern Asia","Fri, 08/29/2025 - 12:00",2025,August,1,0,,0,1,0,"Southern Asia","Sickness / lack of access to adequate healthcare",Afghanistan,"Shah Rod district, Semnan province, Iran","IOM Afghanistan","35.2255585, 54.4342138","Afghanistan to Iran",,"Southern Asia",4
2025.MMP1876,2025.MMP1876,"Southern Asia","Fri, 08/29/2025 - 12:00",2025,August,1,0,,0,1,0,"Southern Asia","Sickness / lack of access to adequate healthcare",Afghanistan,"Kahnuj district, Kerman province, Iran","IOM Afghanistan","27.9407704, 57.6995447","Afghanistan to Iran",,"Southern Asia",4
2025.MMP1877,2025.MMP1877,"Southern Asia","Sat, 08/30/2025 - 12:00",2025,August,1,0,,0,1,0,"Southern Asia","Sickness / lack of access to adequate healthcare",Afghanistan,"Zahedan district, Sistan_and_Baluchestan province, Iran","IOM Afghanistan","29.4893049, 60.8639982","Afghanistan to Iran",,"Southern Asia",4
2025.MMP1878,2025.MMP1878,"Southern Asia","Sun, 08/31/2025 - 12:00",2025,August,1,0,,0,1,0,"Southern Asia","Sickness / lack of access to adequate healthcare",Afghanistan,"Tajir Abad district, Khorasan province, Iran","IOM Afghanistan","35.1020253, 59.1041758","Afghanistan to Iran",,"Southern Asia",4
2025.MMP1879,2025.MMP1879,"Southern Asia","Sun, 08/31/2025 - 12:00",2025,August,1,0,,0,1,0,"Southern Asia","Sickness / lack of access to adequate healthcare",Afghanistan,"shariati district, Karaj province, Iran","IOM Afghanistan","35.8121494, 50.8944939","Afghanistan to Iran",,"Southern Asia",4
2025.MMP1880,2025.MMP1880,"Southern Asia","Mon, 09/01/2025 - 12:00",2025,September,1,0,,1,0,0,"Southern Asia","Sickness / lack of access to adequate healthcare",Afghanistan,"Enqelab district, Tehran province, Iran","IOM Afghanistan","35.6984953, 51.3981554","Afghanistan to Iran",,"Southern Asia",4
2025.MMP1881,2025.MMP1881,"Southern Asia","Mon, 09/01/2025 - 12:00",2025,September,1,0,,0,1,0,"Southern Asia","Sickness / lack of access to adequate healthcare",Afghanistan,"Manzil Abad district, Khorasan province, Iran","IOM Afghanistan","35.5436935, 51.0599395","Afghanistan to Iran",,"Southern Asia",4
2025.MMP1882,2025.MMP1882,"Southern Asia","Mon, 09/01/2025 - 12:00",2025,September,1,0,,0,1,0,"Southern Asia","Sickness / lack of access to adequate healthcare",Afghanistan,"Azadi district, Tehran province, Iran","IOM Afghanistan","35.7002774, 51.3653786","Afghanistan to Iran",,"Southern Asia",4
2025.MMP1883,2025.MMP1883,"Southern Asia","Mon, 09/01/2025 - 12:00",2025,September,1,0,,0,1,0,"Southern Asia","Sickness / lack of access to adequate healthcare",Afghanistan,"Kahnuj district, Kerman province, Iran","IOM Afghanistan","27.9407704, 57.6995447","Afghanistan to Iran",,"Southern Asia",4
2025.MMP1884,2025.MMP1884,"Southern Asia","Tue, 09/02/2025 - 12:00",2025,September,1,0,,0,1,0,"Southern Asia","Vehicle accident / death linked to hazardous transport",Afghanistan,"Shahrod district, Semnan province, Iran","IOM Afghanistan","36.4182558, 54.9691735","Afghanistan to Iran",,"Southern Asia",4
2025.MMP1885,2025.MMP1885,"Southern Asia","Tue, 09/02/2025 - 12:00",2025,September,1,0,,1,0,0,"Southern Asia","Vehicle accident / death linked to hazardous transport",Afghanistan,"Shahrod district, Semnan province, Iran","IOM Afghanistan","36.4182558, 54.9691735","Afghanistan to Iran",,"Southern Asia",4
2025.MMP1886,2025.MMP1886,"Southern Asia","Tue, 09/02/2025 - 12:00",2025,September,1,0,,0,1,0,"Southern Asia","Vehicle accident / death linked to hazardous transport",Afghanistan,"Shahrod district, Semnan province, Iran","IOM Afghanistan","36.4182558, 54.9691735","Afghanistan to Iran",,"Southern Asia",4
2025.MMP1887,2025.MMP1887,"Southern Asia","Tue, 09/02/2025 - 12:00",2025,September,1,0,,0,1,0,"Southern Asia","Vehicle accident / death linked to hazardous transport",Afghanistan,"Shahrod district, Semnan province, Iran","IOM Afghanistan","36.4182558, 54.9691735","Afghanistan to Iran",,"Southern Asia",4
2025.MMP1888,2025.MMP1888,"Southern Asia","Tue, 09/02/2025 - 12:00",2025,September,1,0,,0,1,0,"Southern Asia","Mixed or unknown",Afghanistan,"Ahvaz district, Khuzestan province, Iran","IOM Afghanistan","31.3183272, 48.6706187","Afghanistan to Iran",,"Southern Asia",4
2025.MMP1889,2025.MMP1889,"Southern Asia","Fri, 09/05/2025 - 12:00",2025,September,1,0,,0,1,0,"Southern Asia","Vehicle accident / death linked to hazardous transport",Afghanistan,"Chalus district, Mazandaran province, Iran","IOM Afghanistan","36.6547961, 51.4212718","Afghanistan to Iran",,"Southern Asia",4
2025.MMP1890,2025.MMP1890,"Southern Asia","Sat, 09/06/2025 - 12:00",2025,September,1,0,,0,1,0,"Southern Asia",Violence,Afghanistan,"Salmas district, West_Azerbaijan province, Iran","IOM Afghanistan","38.199008, 44.7666352","Iran to Türkiye",,"Southern Asia",4
2025.MMP1891,2025.MMP1891,"Southern Asia","Sun, 09/07/2025 - 12:00",2025,September,1,0,,0,1,0,"Southern Asia",Violence,Afghanistan,"Zabol district, Sistan_and_Baluchestan province, Iran","IOM Afghanistan","31.0301788, 61.4900813","Afghanistan to Iran",,"Southern Asia",4
2025.MMP1892,2025.MMP1892,"Southern Asia","Mon, 09/08/2025 - 12:00",2025,September,1,0,,0,1,1,"Southern Asia","Vehicle accident / death linked to hazardous transport",Afghanistan,"Noor district, Mazandaran province, Iran","IOM Afghanistan","36.5763485, 52.0133073","Afghanistan to Iran",,"Southern Asia",4
2025.MMP1893,2025.MMP1893,"Southern Asia","Mon, 09/08/2025 - 12:00",2025,September,1,0,,0,1,0,"Southern Asia",Violence,Afghanistan,"Tehran district, Tehran province, Iran","IOM Afghanistan","35.7218583, 51.3346954","Afghanistan to Iran",,"Southern Asia",4
2025.MMP1894,2025.MMP1894,"Southern Asia","Mon, 09/08/2025 - 12:00",2025,September,1,0,,0,1,0,"Southern Asia","Sickness / lack of access to adequate healthcare",Afghanistan,"Bandar-Abbas district, Hormozgan province, Iran","IOM Afghanistan","27.1962543, 56.2883647","Afghanistan to Iran",,"Southern Asia",4
2025.MMP1895,2025.MMP1895,"Southern Asia","Tue, 09/09/2025 - 12:00",2025,September,1,0,,0,1,0,"Southern Asia","Sickness / lack of access to adequate healthcare",Afghanistan,"Tehran district, Tehran province, Iran","IOM Afghanistan","35.7218583, 51.3346954","Afghanistan to Iran",,"Southern Asia",4
2025.MMP1896,2025.MMP1896,"Southern Asia","Tue, 09/09/2025 - 12:00",2025,September,1,0,,0,1,0,"Southern Asia","Accidental death",Afghanistan,"Tehran district, Tehran province, Iran","IOM Afghanistan","35.7218583, 51.3346954","Afghanistan to Iran",,"Southern Asia",4
2025.MMP1897,2025.MMP1897,"Southern Asia","Tue, 09/09/2025 - 12:00",2025,September,1,0,,0,1,0,"Southern Asia",Violence,Afghanistan,"Tehran district, Tehran province, Iran","IOM Afghanistan","35.7218583, 51.3346954","Afghanistan to Iran",,"Southern Asia",4
2025.MMP1898,2025.MMP1898,"Southern Asia","Tue, 09/09/2025 - 12:00",2025,September,1,0,,0,1,0,"Southern Asia","Accidental death",Afghanistan,"Minab district, Hormozgan province, Iran","IOM Afghanistan","27.1372211, 57.0675028","Afghanistan to Iran",,"Southern Asia",4
2025.MMP1899,2025.MMP1899,"Southern Asia","Wed, 09/10/2025 - 12:00",2025,September,1,0,,1,0,0,"Southern Asia","Sickness / lack of access to adequate healthcare",Afghanistan,"Tehran district, Tehran province, Iran","IOM Afghanistan","35.7218583, 51.3346954","Afghanistan to Iran",,"Southern Asia",4
2025.MMP1900,2025.MMP1900,"Southern Asia","Wed, 09/10/2025 - 12:00",2025,September,1,0,,0,1,0,"Southern Asia","Sickness / lack of access to adequate healthcare",Afghanistan,"Shiraz district, Fars province, Iran","IOM Afghanistan","29.5926119, 52.5835646","Afghanistan to Iran",,"Southern Asia",4
2025.MMP1901,2025.MMP1901,"Southern Asia","Thu, 09/11/2025 - 12:00",2025,September,1,0,,0,1,0,"Southern Asia","Vehicle accident / death linked to hazardous transport",Afghanistan,"Tehran district, Tehran province, Iran","IOM Afghanistan","35.7218583, 51.3346954","Afghanistan to Iran",,"Southern Asia",4
2025.MMP1902,2025.MMP1902,"Southern Asia","Thu, 09/11/2025 - 12:00",2025,September,1,0,,0,1,0,"Southern Asia","Vehicle accident / death linked to hazardous transport",Afghanistan,"Tehran district, Tehran province, Iran","IOM Afghanistan","35.7218583, 51.3346954","Afghanistan to Iran",,"Southern Asia",4
2025.MMP1903,2025.MMP1903,"Southern Asia","Thu, 09/11/2025 - 12:00",2025,September,1,0,,0,1,0,"Southern Asia","Accidental death",Afghanistan,"Mazandaran district, Mazandaran province, Iran","IOM Afghanistan","36.3993691, 52.1912307","Afghanistan to Iran",,"Southern Asia",4
2025.MMP1904,2025.MMP1904,"Southern Asia","Thu, 09/11/2025 - 12:00",2025,September,1,0,,0,1,0,"Southern Asia","Vehicle accident / death linked to hazardous transport",Afghanistan,"Khoy district, Azerbaijan Gharbi province, Iran","IOM Afghanistan","38.545452, 44.9590281","Iran to Türkiye",,"Southern Asia",4
2025.MMP1905,2025.MMP1905,"Southern Asia","Thu, 09/11/2025 - 12:00",2025,September,1,0,,0,1,0,"Southern Asia","Vehicle accident / death linked to hazardous transport",Afghanistan,"Khoy district, Azerbaijan Gharbi province, Iran","IOM Afghanistan","38.545452, 44.9590281","Iran to Türkiye",,"Southern Asia",4
2025.MMP1906,2025.MMP1906,"Southern Asia","Thu, 09/11/2025 - 12:00",2025,September,1,0,,0,1,0,"Southern Asia","Vehicle accident / death linked to hazardous transport",Afghanistan,"Khoy district, Azerbaijan Gharbi province, Iran","IOM Afghanistan","38.545452, 44.9590281","Iran to Türkiye",,"Southern Asia",4
2025.MMP1907,2025.MMP1907,"Southern Asia","Thu, 09/11/2025 - 12:00",2025,September,1,0,,0,1,0,"Southern Asia","Vehicle accident / death linked to hazardous transport",Afghanistan,"Khoy district, Azerbaijan Gharbi province, Iran","IOM Afghanistan","38.545452, 44.9590281","Iran to Türkiye",,"Southern Asia",4
2025.MMP1908,2025.MMP1908,"Southern Asia","Thu, 09/11/2025 - 12:00",2025,September,1,0,,0,1,0,"Southern Asia","Vehicle accident / death linked to hazardous transport",Afghanistan,"Pak Dasht district, Tehran province, Iran","IOM Afghanistan","35.4668913, 51.6860625","Afghanistan to Iran",,"Southern Asia",4
2025.MMP1909,2025.MMP1909,"Southern Asia","Thu, 09/11/2025 - 12:00",2025,September,1,0,,0,1,0,"Southern Asia",Violence,Afghanistan,"Zabol district, Sistan_and_Baluchestan province, Iran","IOM Afghanistan","31.0301788, 61.4900813","Afghanistan to Iran",,"Southern Asia",4
2025.MMP1910,2025.MMP1910,"Southern Asia","Fri, 09/12/2025 - 12:00",2025,September,1,0,,0,1,0,"Southern Asia","Mixed or unknown",Afghanistan,"Karaj district, Alborz province, Iran","IOM Afghanistan","35.8438581, 50.9714995","Afghanistan to Iran",,"Southern Asia",4
2025.MMP1911,2025.MMP1911,"Southern Asia","Fri, 09/12/2025 - 12:00",2025,September,1,0,,0,1,1,"Southern Asia","Accidental death",Afghanistan,"Bushehr district, Bushehr province, Iran","IOM Afghanistan","28.9144913, 50.8279019","Afghanistan to Iran",,"Southern Asia",4
2025.MMP1912,2025.MMP1912,"Southern Asia","Sat, 09/13/2025 - 12:00",2025,September,1,0,,0,1,0,"Southern Asia","Sickness / lack of access to adequate healthcare",Afghanistan,"Shiraz district, Fars province, Iran","IOM Afghanistan","29.5926119, 52.5835646","Afghanistan to Iran",,"Southern Asia",4
2025.MMP1913,2025.MMP1913,"Southern Asia","Sun, 09/14/2025 - 12:00",2025,September,1,0,,0,1,1,"Southern Asia","Accidental death",Afghanistan,"Mashhad district, Khorasan province, Iran","IOM Afghanistan","36.2972006, 59.60669","Afghanistan to Iran",,"Southern Asia",4
2025.MMP1914,2025.MMP1914,"Southern Asia","Sun, 09/14/2025 - 12:00",2025,September,1,0,,0,1,0,"Southern Asia",Drowning,Afghanistan,"Mashhad district, Khorasan province, Iran","IOM Afghanistan","36.2972006, 59.60669","Afghanistan to Iran",,"Southern Asia",4
2025.MMP1915,2025.MMP1915,"Southern Asia","Sun, 09/14/2025 - 12:00",2025,September,1,0,,0,1,0,"Southern Asia","Sickness / lack of access to adequate healthcare",Afghanistan,"Bandar-Abbas district, Hormozgan province, Iran","IOM Afghanistan","27.1962543, 56.2883647","Afghanistan to Iran",,"Southern Asia",4
2025.MMP1916,2025.MMP1916,"Southern Asia","Mon, 09/15/2025 - 12:00",2025,September,1,0,,0,1,0,"Southern Asia","Vehicle accident / death linked to hazardous transport",Afghanistan,"Tehran district, Tehran province, Iran","IOM Afghanistan","35.7218583, 51.3346954","Afghanistan to Iran",,"Southern Asia",4
2025.MMP1917,2025.MMP1917,"Southern Asia","Mon, 09/15/2025 - 12:00",2025,September,1,0,,0,1,0,"Southern Asia","Vehicle accident / death linked to hazardous transport",Afghanistan,"Bandar-Lengeh district, Hormozgan province, Iran","IOM Afghanistan","26.5671553, 54.8935305","Afghanistan to Iran",,"Southern Asia",4
2025.MMP1918,2025.MMP1918,"Southern Asia","Tue, 09/16/2025 - 12:00",2025,September,1,0,,0,1,0,"Southern Asia","Sickness / lack of access to adequate healthcare",Afghanistan,"Garmsar district, Semnan province, Iran","IOM Afghanistan","35.2207116, 52.3390856","Afghanistan to Iran",,"Southern Asia",4
2025.MMP1919,2025.MMP1919,"Southern Asia","Tue, 09/16/2025 - 12:00",2025,September,1,0,,0,1,0,"Southern Asia","Sickness / lack of access to adequate healthcare",Afghanistan,"Tehran district, Tehran province, Iran","IOM Afghanistan","35.7218583, 51.3346954","Afghanistan to Iran",,"Southern Asia",4
2025.MMP1920,2025.MMP1920,"Southern Asia","Tue, 09/16/2025 - 12:00",2025,September,1,0,,0,1,0,"Southern Asia","Sickness / lack of access to adequate healthcare",Afghanistan,"Kerman district, Kerman province, Iran","IOM Afghanistan","30.2839379, 57.0833628","Afghanistan to Iran",,"Southern Asia",4
2025.MMP1921,2025.MMP1921,"Southern Asia","Wed, 09/17/2025 - 12:00",2025,September,1,0,,0,1,0,"Southern Asia",Violence,Afghanistan,"Shariayar district, Tehran province, Iran","IOM Afghanistan","35.6096201, 51.0331933","Afghanistan to Iran",,"Southern Asia",4
2025.MMP1922,2025.MMP1922,"Southern Asia","Wed, 09/17/2025 - 12:00",2025,September,1,0,,1,0,0,"Southern Asia","Sickness / lack of access to adequate healthcare",Afghanistan,"Parsyan district, Qazwin province, Iran","IOM Afghanistan","36.0881317, 49.8547266","Afghanistan to Iran",,"Southern Asia",4
2025.MMP1923,2025.MMP1923,"Southern Asia","Wed, 09/17/2025 - 12:00",2025,September,1,0,,0,1,0,"Southern Asia","Sickness / lack of access to adequate healthcare",Afghanistan,"Islam Shahr district, Tehran province, Iran","IOM Afghanistan","35.5512022, 51.2304547","Afghanistan to Iran",,"Southern Asia",4
2025.MMP1924,2025.MMP1924,"Southern Asia","Wed, 09/17/2025 - 12:00",2025,September,1,0,,1,0,0,"Southern Asia","Sickness / lack of access to adequate healthcare",Afghanistan,"Karaj district, Alborz province, Iran","IOM Afghanistan","35.8438581, 50.9714995","Afghanistan to Iran",,"Southern Asia",4
2025.MMP1925,2025.MMP1925,"Southern Asia","Wed, 09/17/2025 - 12:00",2025,September,1,0,,0,1,0,"Southern Asia","Accidental death",Afghanistan,"tehran district, Tehran province, Iran","IOM Afghanistan","35.7218583, 51.3346954","Afghanistan to Iran",,"Southern Asia",4
2025.MMP1926,2025.MMP1926,"Southern Asia","Wed, 09/17/2025 - 12:00",2025,September,1,0,,0,1,0,"Southern Asia","Vehicle accident / death linked to hazardous transport",Afghanistan,"tehran district, Tehran province, Iran","IOM Afghanistan","35.7218583, 51.3346954","Afghanistan to Iran",,"Southern Asia",4
2025.MMP1927,2025.MMP1927,"Southern Asia","Wed, 09/17/2025 - 12:00",2025,September,1,0,,0,1,0,"Southern Asia","Sickness / lack of access to adequate healthcare",Afghanistan,"Tehran district, Tehran province, Iran","IOM Afghanistan","35.7218583, 51.3346954","Afghanistan to Iran",,"Southern Asia",4
2025.MMP1928,2025.MMP1928,"Southern Asia","Thu, 09/18/2025 - 12:00",2025,September,1,0,,0,1,0,"Southern Asia","Sickness / lack of access to adequate healthcare",Afghanistan,"Amir Abad district, Tehran province, Iran","IOM Afghanistan","35.7390966, 51.3915969","Afghanistan to Iran",,"Southern Asia",4
2025.MMP1929,2025.MMP1929,"Southern Asia","Thu, 09/18/2025 - 12:00",2025,September,1,0,,0,1,1,"Southern Asia",Violence,Afghanistan,"Amir Abad district, Tehran province, Iran","IOM Afghanistan","35.7390966, 51.3915969","Afghanistan to Iran",,"Southern Asia",4
2025.MMP1930,2025.MMP1930,"Southern Asia","Thu, 09/18/2025 - 12:00",2025,September,1,0,,0,1,0,"Southern Asia","Accidental death",Afghanistan,"Kashan  district, Esfahan province, Iran","IOM Afghanistan","33.9910347, 51.4235414","Afghanistan to Iran",,"Southern Asia",4
2025.MMP1931,2025.MMP1931,"Southern Asia","Thu, 09/18/2025 - 12:00",2025,September,1,0,,0,1,0,"Southern Asia","Harsh environmental conditions / lack of adequate shelter, food, water",Afghanistan,"Saravan district, Sistan_and_Baluchestan province, Iran","IOM Afghanistan","27.3688908, 62.3385305","Afghanistan to Iran",,"Southern Asia",4
2025.MMP1932,2025.MMP1932,"Southern Asia","Fri, 09/19/2025 - 12:00",2025,September,1,0,,1,0,0,"Southern Asia","Sickness / lack of access to adequate healthcare",Afghanistan,"Malat district, Tehran province, Iran","IOM Afghanistan","35.5501285, 51.5150077","Afghanistan to Iran",,"Southern Asia",4
2025.MMP1933,2025.MMP1933,"Southern Asia","Fri, 09/19/2025 - 12:00",2025,September,1,0,,1,0,0,"Southern Asia","Sickness / lack of access to adequate healthcare",Afghanistan,"tehran district, Tehran province, Iran","IOM Afghanistan","35.7218583, 51.3346954","Afghanistan to Iran",,"Southern Asia",4
2025.MMP1934,2025.MMP1934,"Southern Asia","Sat, 09/20/2025 - 12:00",2025,September,1,0,,1,0,0,"Southern Asia","Sickness / lack of access to adequate healthcare",Afghanistan,"Shiraz district, Fars province, Iran","IOM Afghanistan","29.5926119, 52.5835646","Afghanistan to Iran",,"Southern Asia",4
2025.MMP1935,2025.MMP1935,"Southern Asia","Sun, 09/21/2025 - 12:00",2025,September,1,0,,0,1,0,"Southern Asia","Sickness / lack of access to adequate healthcare",Afghanistan,"tehran district, Tehran province, Iran","IOM Afghanistan","35.7218583, 51.3346954","Afghanistan to Iran",,"Southern Asia",4
2025.MMP1936,2025.MMP1936,"Southern Asia","Sun, 09/21/2025 - 12:00",2025,September,1,0,,0,1,0,"Southern Asia","Sickness / lack of access to adequate healthcare",Afghanistan,"tehran district, Tehran province, Iran","IOM Afghanistan","35.7218583, 51.3346954","Afghanistan to Iran",,"Southern Asia",4
2025.MMP1937,2025.MMP1937,"Southern Asia","Sun, 09/21/2025 - 12:00",2025,September,1,0,,1,0,0,"Southern Asia","Sickness / lack of access to adequate healthcare",Afghanistan,"Sirjan district, Kerman province, Iran","IOM Afghanistan","29.4457241, 55.6809021","Afghanistan to Iran",,"Southern Asia",4
2025.MMP1938,2025.MMP1938,"Southern Asia","Mon, 09/22/2025 - 12:00",2025,September,1,0,,0,1,0,"Southern Asia","Sickness / lack of access to adequate healthcare",Afghanistan,"tehran district, Tehran province, Iran","IOM Afghanistan","35.7218583, 51.3346954","Afghanistan to Iran",,"Southern Asia",4
2025.MMP1939,2025.MMP1939,"Southern Asia","Mon, 09/22/2025 - 12:00",2025,September,1,0,,0,1,0,"Southern Asia","Accidental death",Afghanistan,"tehran district, Tehran province, Iran","IOM Afghanistan","35.7218583, 51.3346954","Afghanistan to Iran",,"Southern Asia",4
2025.MMP1940,2025.MMP1940,"Southern Asia","Mon, 09/22/2025 - 12:00",2025,September,1,0,,0,1,0,"Southern Asia","Sickness / lack of access to adequate healthcare",Afghanistan,"Mashad district, Razawi Khurasan province, Iran","IOM Afghanistan","36.2972006, 59.60669","Afghanistan to Iran",,"Southern Asia",4
2025.MMP1941,2025.MMP1941,"Southern Asia","Mon, 09/22/2025 - 12:00",2025,September,1,0,,0,1,0,"Southern Asia","Vehicle accident / death linked to hazardous transport",Afghanistan,"Kerman district, Kerman province, Iran","IOM Afghanistan","30.2839379, 57.0833628","Afghanistan to Iran",,"Southern Asia",4
2025.MMP1942,2025.MMP1942,"Southern Asia","Tue, 09/23/2025 - 12:00",2025,September,1,0,,0,1,0,"Southern Asia","Sickness / lack of access to adequate healthcare",Afghanistan,"Tehran district, Tehran province, Iran","IOM Afghanistan","35.7218583, 51.3346954","Afghanistan to Iran",,"Southern Asia",4
2025.MMP1943,2025.MMP1943,"Southern Asia","Tue, 09/23/2025 - 12:00",2025,September,1,0,,0,1,1,"Southern Asia","Sickness / lack of access to adequate healthcare",Afghanistan,"Tehran district, Tehran province, Iran","IOM Afghanistan","35.7218583, 51.3346954","Afghanistan to Iran",,"Southern Asia",4
2025.MMP1944,2025.MMP1944,"Southern Asia","Tue, 09/23/2025 - 12:00",2025,September,1,0,,0,1,1,"Southern Asia","Sickness / lack of access to adequate healthcare",Afghanistan,"Yazd district, Yazd province, Iran","IOM Afghanistan","31.8974232, 54.3568562","Afghanistan to Iran",,"Southern Asia",4
2025.MMP1945,2025.MMP1945,"Southern Asia","Tue, 09/23/2025 - 12:00",2025,September,1,0,,0,1,0,"Southern Asia","Vehicle accident / death linked to hazardous transport",Afghanistan,"Bushehr district, Bushehr province, Iran","IOM Afghanistan","28.9144913, 50.8279019","Afghanistan to Iran",,"Southern Asia",4
2025.MMP1946,2025.MMP1946,"Southern Asia","Wed, 09/24/2025 - 12:00",2025,September,1,0,,0,1,0,"Southern Asia","Accidental death",Afghanistan,"Tehran district, Tehran province, Iran","IOM Afghanistan","35.7218583, 51.3346954","Afghanistan to Iran",,"Southern Asia",4
2025.MMP1947,2025.MMP1947,"Southern Asia","Wed, 09/24/2025 - 12:00",2025,September,1,0,,0,1,0,"Southern Asia","Vehicle accident / death linked to hazardous transport",Afghanistan,"Shiraz district, Fars province, Iran","IOM Afghanistan","29.5926119, 52.5835646","Afghanistan to Iran",,"Southern Asia",4
2025.MMP1948,2025.MMP1948,"Southern Asia","Thu, 09/25/2025 - 12:00",2025,September,1,0,,1,0,0,"Southern Asia","Sickness / lack of access to adequate healthcare",Afghanistan,"Tehran district, Tehran province, Iran","IOM Afghanistan","35.7218583, 51.3346954","Afghanistan to Iran",,"Southern Asia",4
2025.MMP1949,2025.MMP1949,"Southern Asia","Thu, 09/25/2025 - 12:00",2025,September,1,0,,0,1,1,"Southern Asia",Violence,Afghanistan,"Mash-had district, Razawi Khurasan province, Iran","IOM Afghanistan","36.2972006, 59.60669","Afghanistan to Iran",,"Southern Asia",4
2025.MMP1950,2025.MMP1950,"Southern Asia","Thu, 09/25/2025 - 12:00",2025,September,1,0,,0,1,0,"Southern Asia",Violence,Afghanistan,"Saravan district, Sistan_and_Baluchestan province, Iran","IOM Afghanistan","27.3688908, 62.3385305","Afghanistan to Iran",,"Southern Asia",4
2025.MMP1951,2025.MMP1951,"Southern Asia","Fri, 09/26/2025 - 12:00",2025,September,1,0,,0,1,0,"Southern Asia","Vehicle accident / death linked to hazardous transport",Afghanistan,"Bandar-Abbas district, Hormozgan province, Iran","IOM Afghanistan","27.1962543, 56.2883647","Afghanistan to Iran",,"Southern Asia",4
2025.MMP1952,2025.MMP1952,"Southern Asia","Sat, 09/27/2025 - 12:00",2025,September,1,0,,0,1,0,"Southern Asia","Sickness / lack of access to adequate healthcare",Afghanistan,"Iranshahr district, Sistan_and_Baluchestan province, Iran","IOM Afghanistan","27.2030006, 60.6853176","Afghanistan to Iran",,"Southern Asia",4
2025.MMP1953,2025.MMP1953,"Southern Asia","Sun, 09/28/2025 - 12:00",2025,September,1,0,,0,1,0,"Southern Asia",Violence,Afghanistan,"Maku district, West_Azerbaijan province, Iran","IOM Afghanistan","39.2916244, 44.4646533","Iran to Türkiye",,"Southern Asia",4
2025.MMP1954,2025.MMP1954,"Southern Asia","Mon, 09/29/2025 - 12:00",2025,September,1,0,,0,1,0,"Southern Asia","Accidental death",Afghanistan,"shar Yar  district, Tehran province, Iran","IOM Afghanistan","35.7601565, 51.4348257","Afghanistan to Iran",,"Southern Asia",4
2025.MMP1955,2025.MMP1955,"Southern Asia","Mon, 09/29/2025 - 12:00",2025,September,1,0,,0,1,0,"Southern Asia","Accidental death",Afghanistan,"Bushehr district, Bushehr province, Iran","IOM Afghanistan","28.9144913, 50.8279019","Afghanistan to Iran",,"Southern Asia",4
2025.MMP1956,2025.MMP1956,"Southern Asia","Tue, 09/30/2025 - 12:00",2025,September,1,0,,0,1,0,"Southern Asia",Violence,Afghanistan,"shar Yar  district, Tehran province, Iran","IOM Afghanistan","35.7601565, 51.4348257","Afghanistan to Iran",,"Southern Asia",4
2025.MMP1957,2025.MMP1957,"Southern Asia","Tue, 09/30/2025 - 12:00",2025,September,1,0,,0,1,0,"Southern Asia","Sickness / lack of access to adequate healthcare",Afghanistan,"shar Yar  district, Tehran province, Iran","IOM Afghanistan","35.7601565, 51.4348257","Afghanistan to Iran",,"Southern Asia",4
2025.MMP1958,2025.MMP1958,"Southern Asia","Tue, 09/30/2025 - 12:00",2025,September,1,0,,0,1,0,"Southern Asia","Accidental death",Afghanistan,"shar Yar  district, Esfahan province, Iran","IOM Afghanistan","33.3249654, 53.3906074","Afghanistan to Iran",,"Southern Asia",4
2025.MMP1959,2025.MMP1959,"Southern Asia","Tue, 09/30/2025 - 12:00",2025,September,1,0,,0,1,0,"Southern Asia","Sickness / lack of access to adequate healthcare",Afghanistan,"Maku district, West_Azerbaijan province, Iran","IOM Afghanistan","39.2916244, 44.4646533","Iran to Türkiye",,"Southern Asia",4
2025.MMP1960,2025.MMP1960,"Southern Asia","Wed, 10/01/2025 - 12:00",2025,October,1,0,,0,1,0,"Southern Asia","Sickness / lack of access to adequate healthcare",Afghanistan,"Karaj district, Alborz province, Iran","IOM Afghanistan","35.8438581, 50.9714995","Afghanistan to Iran",,"Southern Asia",4
2025.MMP1961,2025.MMP1961,"Southern Asia","Wed, 10/01/2025 - 12:00",2025,October,1,0,,0,1,0,"Southern Asia","Harsh environmental conditions / lack of adequate shelter, food, water",Afghanistan,"Saravan district, Sistan_and_Baluchestan province, Iran","IOM Afghanistan","27.3688908, 62.3385305","Afghanistan to Iran",,"Southern Asia",4
2025.MMP1962,2025.MMP1962,"Southern Asia","Wed, 10/01/2025 - 12:00",2025,October,1,0,,0,1,0,"Southern Asia","Sickness / lack of access to adequate healthcare",Afghanistan,"Qom district, Qom province, Iran","IOM Afghanistan","34.6415764, 50.8746035","Afghanistan to Iran",,"Southern Asia",4
2025.MMP1963,2025.MMP1963,"Southern Asia","Thu, 10/02/2025 - 12:00",2025,October,1,0,,0,1,0,"Southern Asia","Harsh environmental conditions / lack of adequate shelter, food, water",Afghanistan,"Saravan district, Sistan_and_Baluchestan province, Iran","IOM Afghanistan","27.3688908, 62.3385305","Afghanistan to Iran",,"Southern Asia",4
2025.MMP1964,2025.MMP1964,"Southern Asia","Thu, 10/02/2025 - 12:00",2025,October,1,0,,0,1,1,"Southern Asia","Sickness / lack of access to adequate healthcare",Afghanistan,"Shiraz district, Fars province, Iran","IOM Afghanistan","29.5926119, 52.5835646","Afghanistan to Iran",,"Southern Asia",4
2025.MMP1965,2025.MMP1965,"Southern Asia","Thu, 10/02/2025 - 12:00",2025,October,1,0,,0,1,0,"Southern Asia","Sickness / lack of access to adequate healthcare",Afghanistan,"Shiraz district, Fars province, Iran","IOM Afghanistan","29.5926119, 52.5835646","Afghanistan to Iran",,"Southern Asia",4
2025.MMP1966,2025.MMP1966,"Southern Asia","Fri, 10/03/2025 - 12:00",2025,October,1,0,,0,1,0,"Southern Asia","Sickness / lack of access to adequate healthcare",Afghanistan,"Tehran district, Tehran province, Iran","IOM Afghanistan","35.7218583, 51.3346954","Afghanistan to Iran",,"Southern Asia",4
2025.MMP1967,2025.MMP1967,"Southern Asia","Fri, 10/03/2025 - 12:00",2025,October,1,0,,0,1,0,"Southern Asia","Harsh environmental conditions / lack of adequate shelter, food, water",Afghanistan,"Saravan district, Sistan_and_Baluchestan province, Iran","IOM Afghanistan","27.3688908, 62.3385305","Afghanistan to Iran",,"Southern Asia",4
2025.MMP1968,2025.MMP1968,"Southern Asia","Fri, 10/03/2025 - 12:00",2025,October,1,0,,0,1,0,"Southern Asia",Violence,Afghanistan,"Saravan district, Sistan_and_Baluchestan province, Iran","IOM Afghanistan","27.3688908, 62.3385305","Afghanistan to Iran",,"Southern Asia",4
2025.MMP1969,2025.MMP1969,"Southern Asia","Sat, 10/04/2025 - 12:00",2025,October,1,0,,0,1,0,"Southern Asia","Accidental death",Afghanistan,"Karaj district, Alborz province, Iran","IOM Afghanistan","35.8438581, 50.9714995","Afghanistan to Iran",,"Southern Asia",4
2025.MMP1970,2025.MMP1970,"Southern Asia","Sat, 10/04/2025 - 12:00",2025,October,1,0,,0,1,1,"Southern Asia","Accidental death",Afghanistan,"Karaj district, Alborz province, Iran","IOM Afghanistan","35.8438581, 50.9714995","Afghanistan to Iran",,"Southern Asia",4
2025.MMP1971,2025.MMP1971,"Southern Asia","Sat, 10/04/2025 - 12:00",2025,October,1,0,,0,1,0,"Southern Asia","Sickness / lack of access to adequate healthcare",Afghanistan,"Mashhad district, Mashhad province, Iran","IOM Afghanistan","36.2972006, 59.60669","Afghanistan to Iran",,"Southern Asia",4
2025.MMP1972,2025.MMP1972,"Southern Asia","Sat, 10/04/2025 - 12:00",2025,October,1,0,,0,1,0,"Southern Asia","Harsh environmental conditions / lack of adequate shelter, food, water",Afghanistan,"Saravan district, Sistan_and_Baluchestan province, Iran","IOM Afghanistan","27.3688908, 62.3385305","Afghanistan to Iran",,"Southern Asia",4
2025.MMP1973,2025.MMP1973,"Southern Asia","Sat, 10/04/2025 - 12:00",2025,October,1,0,,0,1,0,"Southern Asia",Violence,Afghanistan,"Shiraz district, Fars province, Iran","IOM Afghanistan","29.5926119, 52.5835646","Afghanistan to Iran",,"Southern Asia",4
2025.MMP1974,2025.MMP1974,"Southern Asia","Sat, 10/04/2025 - 12:00",2025,October,1,0,,1,0,1,"Southern Asia","Sickness / lack of access to adequate healthcare",Afghanistan,"Tehran district, Tehran province, Iran","IOM Afghanistan","35.7218583, 51.3346954","Afghanistan to Iran",,"Southern Asia",4
2025.MMP1975,2025.MMP1975,"Southern Asia","Sun, 10/05/2025 - 12:00",2025,October,1,0,,0,1,0,"Southern Asia","Sickness / lack of access to adequate healthcare",Afghanistan,"Shiraz district, Fars province, Iran","IOM Afghanistan","29.5926119, 52.5835646","Afghanistan to Iran",,"Southern Asia",4
2025.MMP1976,2025.MMP1976,"Southern Asia","Sun, 10/05/2025 - 12:00",2025,October,1,0,,0,1,0,"Southern Asia","Sickness / lack of access to adequate healthcare",Afghanistan,"Shiraz district, Fars province, Iran","IOM Afghanistan","29.5926119, 52.5835646","Afghanistan to Iran",,"Southern Asia",4
2025.MMP1977,2025.MMP1977,"Southern Asia","Sun, 10/05/2025 - 12:00",2025,October,1,0,,0,1,0,"Southern Asia",Violence,Afghanistan,"Shiraz district, Fars province, Iran","IOM Afghanistan","29.5926119, 52.5835646","Afghanistan to Iran",,"Southern Asia",4
2025.MMP1978,2025.MMP1978,"Southern Asia","Sun, 10/05/2025 - 12:00",2025,October,1,0,,0,1,1,"Southern Asia",Violence,Afghanistan,"Saravan district, Sistan_and_Baluchestan province, Iran","IOM Afghanistan","27.3688908, 62.3385305","Afghanistan to Iran",,"Southern Asia",4
2025.MMP1979,2025.MMP1979,"Southern Asia","Mon, 10/06/2025 - 12:00",2025,October,1,0,,0,1,0,"Southern Asia","Sickness / lack of access to adequate healthcare",Afghanistan,"Mazandaran district, Mazandaran province, Iran","IOM Afghanistan","36.3993691, 52.1912307","Afghanistan to Iran",,"Southern Asia",4
2025.MMP1980,2025.MMP1980,"Southern Asia","Mon, 10/06/2025 - 12:00",2025,October,1,0,,0,1,0,"Southern Asia","Sickness / lack of access to adequate healthcare",Afghanistan,"Saravan district, Sistan_and_Baluchestan province, Iran","IOM Afghanistan","27.3688908, 62.3385305","Afghanistan to Iran",,"Southern Asia",4
2025.MMP1981,2025.MMP1981,"Southern Asia","Mon, 10/06/2025 - 12:00",2025,October,1,0,,0,1,0,"Southern Asia",Violence,Afghanistan,"Urmia district, West_Azerbaijan province, Iran","IOM Afghanistan","37.5498061, 45.0786282","Iran to Türkiye",,"Southern Asia",4
2025.MMP1982,2025.MMP1982,"Southern Asia","Tue, 10/07/2025 - 12:00",2025,October,1,0,,0,1,0,"Southern Asia","Vehicle accident / death linked to hazardous transport",Afghanistan,"Gul Payagan district, Esfahan province, Iran","IOM Afghanistan","32.8868511, 50.0659452","Afghanistan to Iran",,"Southern Asia",4
2025.MMP1983,2025.MMP1983,"Southern Asia","Tue, 10/07/2025 - 12:00",2025,October,1,0,,0,1,1,"Southern Asia","Mixed or unknown",Afghanistan,"Shahryar district, Tehran province, Iran","IOM Afghanistan","35.6529119, 51.0599647","Afghanistan to Iran",,"Southern Asia",4
2025.MMP1984,2025.MMP1984,"Southern Asia","Tue, 10/07/2025 - 12:00",2025,October,1,0,,1,0,0,"Southern Asia","Sickness / lack of access to adequate healthcare",Afghanistan,"Varamin district, Tehran province, Iran","IOM Afghanistan","35.3252407, 51.6471987","Afghanistan to Iran",,"Southern Asia",4
2025.MMP1985,2025.MMP1985,"Southern Asia","Tue, 10/07/2025 - 12:00",2025,October,1,0,,1,0,0,"Southern Asia","Sickness / lack of access to adequate healthcare",Afghanistan,"Yazd district, Yazd province, Iran","IOM Afghanistan","31.8974232, 54.3568562","Afghanistan to Iran",,"Southern Asia",4
2025.MMP1986,2025.MMP1986,"Southern Asia","Tue, 10/07/2025 - 12:00",2025,October,1,0,,0,1,0,"Southern Asia","Sickness / lack of access to adequate healthcare",Afghanistan,"Shahreza district, Esfahan province, Iran","IOM Afghanistan","32.0121291, 51.8595312","Afghanistan to Iran",,"Southern Asia",4
2025.MMP1987,2025.MMP1987,"Southern Asia","Tue, 10/07/2025 - 12:00",2025,October,1,0,,0,1,0,"Southern Asia","Vehicle accident / death linked to hazardous transport",Afghanistan,"Iranshahr district, Sistan_and_Baluchestan province, Iran","IOM Afghanistan","27.2030006, 60.6853176","Afghanistan to Iran",,"Southern Asia",4
2025.MMP1988,2025.MMP1988,"Southern Asia","Tue, 10/07/2025 - 12:00",2025,October,1,0,,0,1,0,"Southern Asia",Violence,Afghanistan,"Saravan district, Sistan_and_Baluchestan province, Iran","IOM Afghanistan","27.3688908, 62.3385305","Afghanistan to Iran",,"Southern Asia",4
2025.MMP1989,2025.MMP1989,"Southern Asia","Tue, 10/07/2025 - 12:00",2025,October,1,0,,0,1,1,"Southern Asia","Sickness / lack of access to adequate healthcare",Afghanistan,"Isfahan district, Esfahan province, Iran","IOM Afghanistan","32.6538966, 51.6659656","Afghanistan to Iran",,"Southern Asia",4
2025.MMP1990,2025.MMP1990,"Southern Asia","Tue, 10/07/2025 - 12:00",2025,October,1,0,,0,1,0,"Southern Asia",Violence,Afghanistan,"Saravan district, Sistan_and_Baluchestan province, Iran","IOM Afghanistan","27.3688908, 62.3385305","Afghanistan to Iran",,"Southern Asia",4
2025.MMP1991,2025.MMP1991,"Southern Asia","Wed, 10/08/2025 - 12:00",2025,October,1,0,,0,1,0,"Southern Asia","Accidental death",Afghanistan,"Tehran district, Tehran province, Iran","IOM Afghanistan","35.7218583, 51.3346954","Afghanistan to Iran",,"Southern Asia",4
2025.MMP1992,2025.MMP1992,"Southern Asia","Wed, 10/08/2025 - 12:00",2025,October,1,0,,0,1,0,"Southern Asia","Sickness / lack of access to adequate healthcare",Afghanistan,"Tehran district, Tehran province, Iran","IOM Afghanistan","35.7218583, 51.3346954","Afghanistan to Iran",,"Southern Asia",4
2025.MMP1993,2025.MMP1993,"Southern Asia","Wed, 10/08/2025 - 12:00",2025,October,1,0,,0,1,1,"Southern Asia",Violence,Afghanistan,"Shiraz district, Fars province, Iran","IOM Afghanistan","29.5926119, 52.5835646","Afghanistan to Iran",,"Southern Asia",4
2025.MMP1994,2025.MMP1994,"Southern Asia","Wed, 10/08/2025 - 12:00",2025,October,1,0,,0,1,1,"Southern Asia","Accidental death",Afghanistan,"Bandar-Abbas district, Hormozgan province, Iran","IOM Afghanistan","27.1962543, 56.2883647","Afghanistan to Iran",,"Southern Asia",4
2025.MMP1995,2025.MMP1995,"Southern Asia","Wed, 10/08/2025 - 12:00",2025,October,1,0,,0,1,0,"Southern Asia","Sickness / lack of access to adequate healthcare",Afghanistan,"Shiraz district, Fars province, Iran","IOM Afghanistan","29.5926119, 52.5835646","Afghanistan to Iran",,"Southern Asia",4
2025.MMP1996,2025.MMP1996,"Southern Asia","Thu, 10/09/2025 - 12:00",2025,October,1,0,,0,1,0,"Southern Asia","Sickness / lack of access to adequate healthcare",Afghanistan,"Shiraz district, Fars province, Iran","IOM Afghanistan","29.5926119, 52.5835646","Afghanistan to Iran",,"Southern Asia",4
2025.MMP1997,2025.MMP1997,"Southern Asia","Fri, 10/10/2025 - 12:00",2025,October,1,0,,0,1,0,"Southern Asia","Accidental death",Afghanistan,"Tehran district, Tehran province, Iran","IOM Afghanistan","35.7218583, 51.3346954","Afghanistan to Iran",,"Southern Asia",4
2025.MMP1998,2025.MMP1998,"Southern Asia","Fri, 10/10/2025 - 12:00",2025,October,1,0,,0,1,0,"Southern Asia","Accidental death",Afghanistan,"Tehran district, Tehran province, Iran","IOM Afghanistan","35.7218583, 51.3346954","Afghanistan to Iran",,"Southern Asia",4
2025.MMP1999,2025.MMP1999,"Southern Asia","Fri, 10/10/2025 - 12:00",2025,October,1,0,,0,1,0,"Southern Asia","Accidental death",Afghanistan,"Tehran district, Tehran province, Iran","IOM Afghanistan","35.7218583, 51.3346954","Afghanistan to Iran",,"Southern Asia",4
2025.MMP2000,2025.MMP2000,"Southern Asia","Fri, 10/10/2025 - 12:00",2025,October,1,0,,0,1,0,"Southern Asia","Sickness / lack of access to adequate healthcare",Afghanistan,"Shiraz district, Fars province, Iran","IOM Afghanistan","29.5926119, 52.5835646","Afghanistan to Iran",,"Southern Asia",4
2025.MMP2001,2025.MMP2001,"Southern Asia","Fri, 10/10/2025 - 12:00",2025,October,1,0,,0,1,0,"Southern Asia","Vehicle accident / death linked to hazardous transport",Afghanistan,"Iranshahr district, Sistan_and_Baluchestan province, Iran","IOM Afghanistan","27.2030006, 60.6853176","Afghanistan to Iran",,"Southern Asia",4
2025.MMP2002,2025.MMP2002,"Southern Asia","Sat, 10/11/2025 - 12:00",2025,October,1,0,,0,1,0,"Southern Asia",Violence,Afghanistan,"Saravan district, Sistan_and_Baluchestan province, Iran","IOM Afghanistan","27.3688908, 62.3385305","Afghanistan to Iran",,"Southern Asia",4
2025.MMP2003,2025.MMP2003,"Southern Asia","Sat, 10/11/2025 - 12:00",2025,October,1,0,,0,1,0,"Southern Asia","Sickness / lack of access to adequate healthcare",Afghanistan,"Bandar-Abbas district, Hormozgan province, Iran","IOM Afghanistan","27.1962543, 56.2883647","Afghanistan to Iran",,"Southern Asia",4
2025.MMP2004,2025.MMP2004,"Southern Asia","Sat, 10/11/2025 - 12:00",2025,October,1,0,,0,1,0,"Southern Asia","Vehicle accident / death linked to hazardous transport",Afghanistan,"Kerman district, Kerman province, Iran","IOM Afghanistan","30.2839379, 57.0833628","Afghanistan to Iran",,"Southern Asia",4
2025.MMP2005,2025.MMP2005,"Southern Asia","Sun, 10/12/2025 - 12:00",2025,October,1,0,,0,1,0,"Southern Asia","Accidental death",Afghanistan,"Tehran district, Tehran province, Iran","IOM Afghanistan","35.7218583, 51.3346954","Afghanistan to Iran",,"Southern Asia",4
2025.MMP2006,2025.MMP2006,"Southern Asia","Sun, 10/12/2025 - 12:00",2025,October,1,0,,0,1,0,"Southern Asia","Accidental death",Afghanistan,"Tehran district, Tehran province, Iran","IOM Afghanistan","35.7218583, 51.3346954","Afghanistan to Iran",,"Southern Asia",4
2025.MMP2007,2025.MMP2007,"Southern Asia","Sun, 10/12/2025 - 12:00",2025,October,1,0,,0,1,0,"Southern Asia","Sickness / lack of access to adequate healthcare",Afghanistan,"Shiraz district, Fars province, Iran","IOM Afghanistan","29.5926119, 52.5835646","Afghanistan to Iran",,"Southern Asia",4
2025.MMP2008,2025.MMP2008,"Southern Asia","Sun, 10/12/2025 - 12:00",2025,October,1,0,,0,1,0,"Southern Asia",Violence,Afghanistan,"Zabol district, Sistan_and_Baluchestan province, Iran","IOM Afghanistan","31.0301788, 61.4900813","Afghanistan to Iran",,"Southern Asia",4
2025.MMP2009,2025.MMP2009,"Southern Asia","Sun, 10/12/2025 - 12:00",2025,October,1,0,,0,0,0,"Southern Asia","Vehicle accident / death linked to hazardous transport",Afghanistan,"Shiraz district, Fars province, Iran","IOM Afghanistan","29.5926119, 52.5835646","Afghanistan to Iran",,"Southern Asia",4
2025.MMP2010,2025.MMP2010,"Southern Asia","Sun, 10/12/2025 - 12:00",2025,October,1,0,,0,1,0,"Southern Asia",Violence,Afghanistan,"Saravan district, Sistan_and_Baluchestan province, Iran","IOM Afghanistan","27.3688908, 62.3385305","Afghanistan to Iran",,"Southern Asia",4
2025.MMP2011,2025.MMP2011,"Southern Asia","Sun, 10/12/2025 - 12:00",2025,October,1,0,,0,1,1,"Southern Asia",Violence,Afghanistan,"Saravan district, Sistan_and_Baluchestan province, Iran","IOM Afghanistan","27.3688908, 62.3385305","Afghanistan to Iran",,"Southern Asia",4
2025.MMP2012,2025.MMP2012,"Southern Asia","Sun, 10/12/2025 - 12:00",2025,October,1,0,,0,1,0,"Southern Asia",Violence,Afghanistan,"Saravan district, Sistan_and_Baluchestan province, Iran","IOM Afghanistan","27.3688908, 62.3385305","Afghanistan to Iran",,"Southern Asia",4
2025.MMP2013,2025.MMP2013,"Southern Asia","Mon, 10/13/2025 - 12:00",2025,October,1,0,,0,1,0,"Southern Asia",Violence,Afghanistan,"Tehran district, Tehran province, Iran","IOM Afghanistan","35.7218583, 51.3346954","Afghanistan to Iran",,"Southern Asia",4
2025.MMP2014,2025.MMP2014,"Southern Asia","Mon, 10/13/2025 - 12:00",2025,October,1,0,,0,1,0,"Southern Asia",Violence,Afghanistan,"Saravan district, Sistan_and_Baluchestan province, Iran","IOM Afghanistan","27.3688908, 62.3385305","Afghanistan to Iran",,"Southern Asia",4
2025.MMP2015,2025.MMP2015,"Southern Asia","Mon, 10/13/2025 - 12:00",2025,October,1,0,,0,1,0,"Southern Asia","Sickness / lack of access to adequate healthcare",Afghanistan,"Isfahan district, Esfahan province, Iran","IOM Afghanistan","32.6538966, 51.6659656","Afghanistan to Iran",,"Southern Asia",4
2025.MMP2016,2025.MMP2016,"Southern Asia","Mon, 10/13/2025 - 12:00",2025,October,1,0,,0,0,0,"Southern Asia","Sickness / lack of access to adequate healthcare",Afghanistan,"Shiraz district, Fars province, Iran","IOM Afghanistan","29.5926119, 52.5835646","Afghanistan to Iran",,"Southern Asia",4
2025.MMP2017,2025.MMP2017,"Southern Asia","Mon, 10/13/2025 - 12:00",2025,October,1,0,,0,1,0,"Southern Asia","Accidental death",Afghanistan,"Manujan district, Kerman province, Iran","IOM Afghanistan","27.3991899, 57.4967829","Afghanistan to Iran",,"Southern Asia",4
2025.MMP2018,2025.MMP2018,"Southern Asia","Tue, 10/14/2025 - 12:00",2025,October,1,0,,0,1,0,"Southern Asia","Accidental death",Afghanistan,"Barak Abad district, Qom province, Iran","IOM Afghanistan","34.7243628, 50.4603026","Afghanistan to Iran",,"Southern Asia",4
2025.MMP2019,2025.MMP2019,"Southern Asia","Tue, 10/14/2025 - 12:00",2025,October,1,0,,0,1,0,"Southern Asia","Sickness / lack of access to adequate healthcare",Afghanistan,"Kangan district, Bushehr province, Iran","IOM Afghanistan","27.84614, 52.062896","Afghanistan to Iran",,"Southern Asia",4
2025.MMP2020,2025.MMP2020,"Southern Asia","Tue, 10/14/2025 - 12:00",2025,October,1,0,,0,1,0,"Southern Asia","Sickness / lack of access to adequate healthcare",Afghanistan,"Zabol district, Sistan_and_Baluchestan province, Iran","IOM Afghanistan","31.0301788, 61.4900813","Afghanistan to Iran",,"Southern Asia",4
2025.MMP2021,2025.MMP2021,"Southern Asia","Tue, 10/14/2025 - 12:00",2025,October,1,0,,0,1,0,"Southern Asia","Sickness / lack of access to adequate healthcare",Afghanistan,"Tehran district, Tehran province, Iran","IOM Afghanistan","35.7218583, 51.3346954","Afghanistan to Iran",,"Southern Asia",4
2025.MMP2022,2025.MMP2022,"Southern Asia","Tue, 10/14/2025 - 12:00",2025,October,1,0,,0,1,0,"Southern Asia",Violence,Afghanistan,"Karaj district, Alborz province, Iran","IOM Afghanistan","35.8438581, 50.9714995","Afghanistan to Iran",,"Southern Asia",4
2025.MMP2023,2025.MMP2023,"Southern Asia","Wed, 10/15/2025 - 12:00",2025,October,1,0,,0,1,0,"Southern Asia","Harsh environmental conditions / lack of adequate shelter, food, water",Afghanistan,"Khash district, Sistan_and_Baluchestan province, Iran","IOM Afghanistan","28.2200233, 61.2114862","Afghanistan to Iran",,"Southern Asia",4
2025.MMP2024,2025.MMP2024,"Southern Asia","Wed, 10/15/2025 - 12:00",2025,October,1,0,,0,1,0,"Southern Asia","Mixed or unknown",Afghanistan,"Isfahan district, Esfahan province, Iran","IOM Afghanistan","32.6538966, 51.6659656","Afghanistan to Iran",,"Southern Asia",4
2025.MMP2025,2025.MMP2025,"Southern Asia","Thu, 10/16/2025 - 12:00",2025,October,1,0,,0,1,0,"Southern Asia",Violence,Afghanistan,"Zehak district, Sistan_and_Baluchestan province, Iran","IOM Afghanistan","30.891437, 61.6791954","Afghanistan to Iran",,"Southern Asia",4
2025.MMP2026,2025.MMP2026,"Southern Asia","Thu, 10/16/2025 - 12:00",2025,October,1,0,,0,1,0,"Southern Asia","Vehicle accident / death linked to hazardous transport",Afghanistan,"Kerman district, Kerman province, Iran","IOM Afghanistan","30.2839379, 57.0833628","Afghanistan to Iran",,"Southern Asia",4
2025.MMP2027,2025.MMP2027,"Southern Asia","Thu, 10/16/2025 - 12:00",2025,October,1,0,,0,1,0,"Southern Asia",Violence,Afghanistan,"saravan district, Sistan_and_Baluchestan province, Iran","IOM Afghanistan","27.3688908, 62.3385305","Afghanistan to Iran",,"Southern Asia",4
2025.MMP2028,2025.MMP2028,"Southern Asia","Thu, 10/16/2025 - 12:00",2025,October,1,0,,0,1,0,"Southern Asia","Vehicle accident / death linked to hazardous transport",Afghanistan,"Kerman district, Kerman province, Iran","IOM Afghanistan","30.2839379, 57.0833628","Afghanistan to Iran",,"Southern Asia",4
2025.MMP2029,2025.MMP2029,"Southern Asia","Thu, 10/16/2025 - 12:00",2025,October,1,0,,0,1,0,"Southern Asia","Vehicle accident / death linked to hazardous transport",Afghanistan,"Shiraz district, Fars province, Iran","IOM Afghanistan","29.5926119, 52.5835646","Afghanistan to Iran",,"Southern Asia",4
2025.MMP2030,2025.MMP2030,"Southern Asia","Fri, 10/17/2025 - 12:00",2025,October,1,0,,1,0,0,"Southern Asia","Sickness / lack of access to adequate healthcare",Afghanistan,"Tehran district, Tehran province, Iran","IOM Afghanistan","35.7218583, 51.3346954","Afghanistan to Iran",,"Southern Asia",4
2025.MMP2031,2025.MMP2031,"Southern Asia","Fri, 10/17/2025 - 12:00",2025,October,1,0,,0,1,0,"Southern Asia","Sickness / lack of access to adequate healthcare",Afghanistan,"Tehran district, Tehran province, Iran","IOM Afghanistan","35.7218583, 51.3346954","Afghanistan to Iran",,"Southern Asia",4
2025.MMP2032,2025.MMP2032,"Southern Asia","Fri, 10/17/2025 - 12:00",2025,October,1,0,,0,1,0,"Southern Asia","Sickness / lack of access to adequate healthcare",Afghanistan,"Shiraz district, Fars province, Iran","IOM Afghanistan","29.5926119, 52.5835646","Afghanistan to Iran",,"Southern Asia",4
2025.MMP2033,2025.MMP2033,"Southern Asia","Fri, 10/17/2025 - 12:00",2025,October,1,0,,0,1,0,"Southern Asia","Vehicle accident / death linked to hazardous transport",Afghanistan,"Shiraz district, Fars province, Iran","IOM Afghanistan","29.5926119, 52.5835646","Afghanistan to Iran",,"Southern Asia",4
2025.MMP2034,2025.MMP2034,"Southern Asia","Sat, 10/18/2025 - 12:00",2025,October,1,0,,0,1,0,"Southern Asia",Violence,Afghanistan,"Tehran district, Tehran province, Iran","IOM Afghanistan","35.7218583, 51.3346954","Afghanistan to Iran",,"Southern Asia",4
2025.MMP2035,2025.MMP2035,"Southern Asia","Sat, 10/18/2025 - 12:00",2025,October,1,0,,0,1,0,"Southern Asia","Sickness / lack of access to adequate healthcare",Afghanistan,"Najaf Abad district, Esfahan province, Iran","IOM Afghanistan","32.6372218, 51.3572517","Afghanistan to Iran",,"Southern Asia",4
2025.MMP2036,2025.MMP2036,"Southern Asia","Sat, 10/18/2025 - 12:00",2025,October,1,0,,1,0,0,"Southern Asia","Sickness / lack of access to adequate healthcare",Afghanistan,"Kerman district, Kerman province, Iran","IOM Afghanistan","30.2839379, 57.0833628","Afghanistan to Iran",,"Southern Asia",4
2025.MMP2037,2025.MMP2037,"Southern Asia","Sat, 10/18/2025 - 12:00",2025,October,1,0,,0,1,0,"Southern Asia",Violence,Afghanistan,"Saravan district, Sistan_and_Baluchestan province, Iran","IOM Afghanistan","27.3688908, 62.3385305","Afghanistan to Iran",,"Southern Asia",4
2025.MMP2038,2025.MMP2038,"Southern Asia","Sat, 10/18/2025 - 12:00",2025,October,1,0,,0,1,0,"Southern Asia",Violence,Afghanistan,"Saravan district, Sistan_and_Baluchestan province, Iran","IOM Afghanistan","27.3688908, 62.3385305","Afghanistan to Iran",,"Southern Asia",4
2025.MMP2039,2025.MMP2039,"Southern Asia","Sat, 10/18/2025 - 12:00",2025,October,1,0,,0,1,0,"Southern Asia",Violence,Afghanistan,"Zabol district, Sistan_and_Baluchestan province, Iran","IOM Afghanistan","31.0301788, 61.4900813","Afghanistan to Iran",,"Southern Asia",4
2025.MMP2040,2025.MMP2040,"Southern Asia","Sun, 10/19/2025 - 12:00",2025,October,1,0,,0,1,0,"Southern Asia","Vehicle accident / death linked to hazardous transport",Afghanistan,"Tehran district, Tehran province, Iran","IOM Afghanistan","35.7218583, 51.3346954","Afghanistan to Iran",,"Southern Asia",4
2025.MMP2041,2025.MMP2041,"Southern Asia","Sun, 10/19/2025 - 12:00",2025,October,1,0,,0,1,0,"Southern Asia",Violence,Afghanistan,"Shiraz district, Fars province, Iran","IOM Afghanistan","29.5926119, 52.5835646","Afghanistan to Iran",,"Southern Asia",4
2025.MMP2042,2025.MMP2042,"Southern Asia","Sun, 10/19/2025 - 12:00",2025,October,1,0,,0,1,0,"Southern Asia","Sickness / lack of access to adequate healthcare",Afghanistan,"Shiraz district, Fars province, Iran","IOM Afghanistan","29.5926119, 52.5835646","Afghanistan to Iran",,"Southern Asia",4
2025.MMP2043,2025.MMP2043,"Southern Asia","Sun, 10/19/2025 - 12:00",2025,October,1,0,,0,1,0,"Southern Asia",Violence,Afghanistan,"Saravan district, Sistan_and_Baluchestan province, Iran","IOM Afghanistan","27.3688908, 62.3385305","Afghanistan to Iran",,"Southern Asia",4
2025.MMP2044,2025.MMP2044,"Southern Asia","Mon, 10/20/2025 - 12:00",2025,October,1,0,,0,1,0,"Southern Asia","Mixed or unknown",Afghanistan,"Tehran district, Tehran province, Iran","IOM Afghanistan","35.7218583, 51.3346954","Afghanistan to Iran",,"Southern Asia",4
2025.MMP2045,2025.MMP2045,"Southern Asia","Mon, 10/20/2025 - 12:00",2025,October,1,0,,1,0,0,"Southern Asia","Sickness / lack of access to adequate healthcare",Afghanistan,"Tehran district, Tehran province, Iran","IOM Afghanistan","35.7218583, 51.3346954","Afghanistan to Iran",,"Southern Asia",4
2025.MMP2046,2025.MMP2046,"Southern Asia","Mon, 10/20/2025 - 12:00",2025,October,1,0,,0,1,0,"Southern Asia",Violence,Afghanistan,"Zabol district, Sistan_and_Baluchestan province, Iran","IOM Afghanistan","31.0301788, 61.4900813","Afghanistan to Iran",,"Southern Asia",4
2025.MMP2047,2025.MMP2047,"Southern Asia","Tue, 10/21/2025 - 12:00",2025,October,1,0,,0,1,0,"Southern Asia",Violence,Afghanistan,"West Azerbaijan province, Iran","IOM Afghanistan","37.7595, 45","Iran to Türkiye",,"Southern Asia",4
2025.MMP2048,2025.MMP2048,"Southern Asia","Tue, 10/21/2025 - 12:00",2025,October,1,0,,1,0,0,"Southern Asia","Sickness / lack of access to adequate healthcare",Afghanistan,"Tehran district, Tehran province, Iran","IOM Afghanistan","35.7218583, 51.3346954","Afghanistan to Iran",,"Southern Asia",4
2025.MMP2049,2025.MMP2049,"Southern Asia","Tue, 10/21/2025 - 12:00",2025,October,1,0,,0,1,0,"Southern Asia","Sickness / lack of access to adequate healthcare",Afghanistan,"Bandar-Abbas district, Hormozgan province, Iran","IOM Afghanistan","27.1962543, 56.2883647","Afghanistan to Iran",,"Southern Asia",4
2025.MMP2050,2025.MMP2050,"Southern Asia","Tue, 10/21/2025 - 12:00",2025,October,1,0,,0,1,0,"Southern Asia","Vehicle accident / death linked to hazardous transport",Afghanistan,"Zahedan district, Zahedan province, Iran","IOM Afghanistan","29.4893049, 60.8639982","Afghanistan to Iran",,"Southern Asia",4
2025.MMP2051,2025.MMP2051,"Southern Asia","Wed, 10/22/2025 - 12:00",2025,October,1,0,,0,1,0,"Southern Asia","Sickness / lack of access to adequate healthcare",Afghanistan,"Tehran district, Tehran province, Iran","IOM Afghanistan","35.7218583, 51.3346954","Afghanistan to Iran",,"Southern Asia",4
2025.MMP2052,2025.MMP2052,"Southern Asia","Wed, 10/22/2025 - 12:00",2025,October,1,0,,0,1,0,"Southern Asia","Sickness / lack of access to adequate healthcare",Afghanistan,"Shiraz district, Fars province, Iran","IOM Afghanistan","29.5926119, 52.5835646","Afghanistan to Iran",,"Southern Asia",4
2025.MMP2053,2025.MMP2053,"Southern Asia","Wed, 10/22/2025 - 12:00",2025,October,1,0,,0,1,0,"Southern Asia","Vehicle accident / death linked to hazardous transport",Afghanistan,"Zabol district, Sistan_and_Baluchestan province, Iran","IOM Afghanistan","31.0301788, 61.4900813","Afghanistan to Iran",,"Southern Asia",4
2025.MMP2054,2025.MMP2054,"Southern Asia","Wed, 10/22/2025 - 12:00",2025,October,1,0,,0,1,0,"Southern Asia","Vehicle accident / death linked to hazardous transport",Afghanistan,"Kerman district, Kerman province, Iran","IOM Afghanistan","30.2839379, 57.0833628","Afghanistan to Iran",,"Southern Asia",4
2025.MMP2055,2025.MMP2055,"Southern Asia","Wed, 10/22/2025 - 12:00",2025,October,1,0,,0,1,0,"Southern Asia",Violence,Afghanistan,"Kerman district, Kerman province, Iran","IOM Afghanistan","30.2839379, 57.0833628","Afghanistan to Iran",,"Southern Asia",4
2025.MMP2056,2025.MMP2056,"Southern Asia","Thu, 10/23/2025 - 12:00",2025,October,1,0,,0,1,0,"Southern Asia",Drowning,Afghanistan,"Shiraz district, Fars province, Iran","IOM Afghanistan","29.5926119, 52.5835646","Afghanistan to Iran",,"Southern Asia",4
2025.MMP2057,2025.MMP2057,"Southern Asia","Thu, 10/23/2025 - 12:00",2025,October,1,0,,0,1,0,"Southern Asia","Vehicle accident / death linked to hazardous transport",Afghanistan,"Zahedan district, Sistan_and_Baluchestan province, Iran","IOM Afghanistan","29.4893049, 60.8639982","Afghanistan to Iran",,"Southern Asia",4
2025.MMP2058,2025.MMP2058,"Southern Asia","Thu, 10/23/2025 - 12:00",2025,October,1,0,,0,1,0,"Southern Asia","Vehicle accident / death linked to hazardous transport",Afghanistan,"Kerman district, Kerman province, Iran","IOM Afghanistan","30.2839379, 57.0833628","Afghanistan to Iran",,"Southern Asia",4
2025.MMP2059,2025.MMP2059,"Southern Asia","Thu, 10/23/2025 - 12:00",2025,October,1,0,,0,1,0,"Southern Asia","Vehicle accident / death linked to hazardous transport",Afghanistan,"Kerman district, Kerman province, Iran","IOM Afghanistan","30.2839379, 57.0833628","Afghanistan to Iran",,"Southern Asia",4
2025.MMP2060,2025.MMP2060,"Southern Asia","Thu, 10/23/2025 - 12:00",2025,October,1,0,,0,1,0,"Southern Asia",Violence,Afghanistan,"Saravan district, Sistan_and_Baluchestan province, Iran","IOM Afghanistan","27.3688908, 62.3385305","Afghanistan to Iran",,"Southern Asia",4
2025.MMP2061,2025.MMP2061,"Southern Asia","Fri, 10/24/2025 - 12:00",2025,October,1,0,,0,1,0,"Southern Asia",Violence,Afghanistan,"Ardestan district, Esfahan province, Iran","IOM Afghanistan","33.3794487, 52.3698733","Afghanistan to Iran",,"Southern Asia",4
2025.MMP2062,2025.MMP2062,"Southern Asia","Fri, 10/24/2025 - 12:00",2025,October,1,0,,0,1,0,"Southern Asia","Vehicle accident / death linked to hazardous transport",Afghanistan,"Minab district, Hormozgan province, Iran","IOM Afghanistan","27.1372211, 57.0675028","Afghanistan to Iran",,"Southern Asia",4
2025.MMP2063,2025.MMP2063,"Southern Asia","Fri, 10/24/2025 - 12:00",2025,October,1,0,,0,1,0,"Southern Asia",Violence,Afghanistan,"Ajabshir district, East_Azerbaijan province, Iran","IOM Afghanistan","37.4769102, 45.8947255","Iran to Türkiye",,"Southern Asia",4
2025.MMP2064,2025.MMP2064,"Southern Asia","Fri, 10/24/2025 - 12:00",2025,October,1,0,,0,1,0,"Southern Asia","Sickness / lack of access to adequate healthcare",Afghanistan,"Chaldoran district, West_Azerbaijan province, Iran","IOM Afghanistan","39.0656085, 44.3814745","Iran to Türkiye",,"Southern Asia",4
2025.MMP2065,2025.MMP2065,"Southern Asia","Fri, 10/24/2025 - 12:00",2025,October,1,0,,0,1,0,"Southern Asia","Sickness / lack of access to adequate healthcare",Afghanistan,"Khash district, Sistan_and_Baluchestan province, Iran","IOM Afghanistan","28.2200233, 61.2114862","Afghanistan to Iran",,"Southern Asia",4
2025.MMP2066,2025.MMP2066,"Southern Asia","Fri, 10/24/2025 - 12:00",2025,October,1,0,,0,1,0,"Southern Asia","Sickness / lack of access to adequate healthcare",Afghanistan,"Chabahar district, Sistan_and_Baluchestan province, Iran","IOM Afghanistan","25.2927156, 60.6496102","Afghanistan to Iran",,"Southern Asia",4
2025.MMP2067,2025.MMP2067,"Southern Asia","Sat, 10/25/2025 - 12:00",2025,October,1,0,,0,1,0,"Southern Asia",Drowning,Afghanistan,"Mazandaran district, Mazandaran province, Iran","IOM Afghanistan","36.3993691, 52.1912307","Afghanistan to Iran",,"Southern Asia",4
2025.MMP2068,2025.MMP2068,"Southern Asia","Sat, 10/25/2025 - 12:00",2025,October,1,0,,0,1,0,"Southern Asia","Sickness / lack of access to adequate healthcare",Afghanistan,"Tehran district, Tehran province, Iran","IOM Afghanistan","35.7218583, 51.3346954","Afghanistan to Iran",,"Southern Asia",4
2025.MMP2069,2025.MMP2069,"Southern Asia","Sat, 10/25/2025 - 12:00",2025,October,1,0,,0,1,0,"Southern Asia",Violence,Afghanistan,"Zabol district, Sistan_and_Baluchestan province, Iran","IOM Afghanistan","31.0301788, 61.4900813","Afghanistan to Iran",,"Southern Asia",4
2025.MMP2070,2025.MMP2070,"Southern Asia","Sat, 10/25/2025 - 12:00",2025,October,1,0,,0,1,0,"Southern Asia","Vehicle accident / death linked to hazardous transport",Afghanistan,"Bandar-Lengeh district, Hormozgan province, Iran","IOM Afghanistan","26.5671553, 54.8935305","Afghanistan to Iran",,"Southern Asia",4
2025.MMP2071,2025.MMP2071,"Southern Asia","Sun, 10/26/2025 - 12:00",2025,October,1,0,,0,1,0,"Southern Asia","Accidental death",Afghanistan,"Tehran district, Tehran province, Iran","IOM Afghanistan","35.7218583, 51.3346954","Afghanistan to Iran",,"Southern Asia",4
2025.MMP2072,2025.MMP2072,"Southern Asia","Sun, 10/26/2025 - 12:00",2025,October,1,0,,0,1,0,"Southern Asia","Vehicle accident / death linked to hazardous transport",Afghanistan,"Tehran district, Tehran province, Iran","IOM Afghanistan","35.7218583, 51.3346954","Afghanistan to Iran",,"Southern Asia",4
2025.MMP2073,2025.MMP2073,"Southern Asia","Sun, 10/26/2025 - 12:00",2025,October,1,0,,0,1,0,"Southern Asia",Violence,Afghanistan,"Saravan district, Sistan_and_Baluchestan province, Iran","IOM Afghanistan","27.3688908, 62.3385305","Afghanistan to Iran",,"Southern Asia",4
2025.MMP2074,2025.MMP2074,"Southern Asia","Sun, 10/26/2025 - 12:00",2025,October,1,0,,0,1,0,"Southern Asia","Vehicle accident / death linked to hazardous transport",Afghanistan,"Kerman district, Kerman province, Iran","IOM Afghanistan","30.2839379, 57.0833628","Afghanistan to Iran",,"Southern Asia",4
2025.MMP2075,2025.MMP2075,"Southern Asia","Sun, 10/26/2025 - 12:00",2025,October,1,0,,0,1,0,"Southern Asia",Violence,Afghanistan,"Saravan district, Sistan_and_Baluchestan province, Iran","IOM Afghanistan","27.3688908, 62.3385305","Afghanistan to Iran",,"Southern Asia",4
2025.MMP2076,2025.MMP2076,"Southern Asia","Mon, 10/27/2025 - 12:00",2025,October,1,0,,0,1,0,"Southern Asia","Vehicle accident / death linked to hazardous transport",Afghanistan,"Tehran district, Tehran province, Iran","IOM Afghanistan","35.7218583, 51.3346954","Afghanistan to Iran",,"Southern Asia",4
2025.MMP2077,2025.MMP2077,"Southern Asia","Mon, 10/27/2025 - 12:00",2025,October,1,0,,0,1,0,"Southern Asia",Violence,Afghanistan,"Tehran district, Tehran province, Iran","IOM Afghanistan","35.7218583, 51.3346954","Afghanistan to Iran",,"Southern Asia",4
2025.MMP2078,2025.MMP2078,"Southern Asia","Mon, 10/27/2025 - 12:00",2025,October,1,0,,0,1,0,"Southern Asia","Vehicle accident / death linked to hazardous transport",Afghanistan,"Charbahar district, Esfahan province, Iran","IOM Afghanistan","33.3249654, 53.3906074","Afghanistan to Iran",,"Southern Asia",4
2025.MMP2079,2025.MMP2079,"Southern Asia","Mon, 10/27/2025 - 12:00",2025,October,1,0,,0,1,0,"Southern Asia",Violence,Afghanistan,"Bushehr district, Bushehr province, Iran","IOM Afghanistan","28.9144913, 50.8279019","Afghanistan to Iran",,"Southern Asia",4
2025.MMP2080,2025.MMP2080,"Southern Asia","Mon, 10/27/2025 - 12:00",2025,October,1,0,,0,1,0,"Southern Asia",Violence,Afghanistan,"Maku district, West_Azerbaijan province, Iran","IOM Afghanistan","39.2916244, 44.4646533","Iran to Türkiye",,"Southern Asia",4
2025.MMP2081,2025.MMP2081,"Southern Asia","Mon, 10/27/2025 - 12:00",2025,October,1,0,,1,0,0,"Southern Asia","Sickness / lack of access to adequate healthcare",Afghanistan,"Kerman district, Kerman province, Iran","IOM Afghanistan","30.2839379, 57.0833628","Afghanistan to Iran",,"Southern Asia",4
2025.MMP2082,2025.MMP2082,"Southern Asia","Tue, 10/28/2025 - 12:00",2025,October,1,0,,0,1,0,"Southern Asia","Accidental death",Afghanistan,"Tehran district, Tehran province, Iran","IOM Afghanistan","35.7218583, 51.3346954","Afghanistan to Iran",,"Southern Asia",4
2025.MMP2083,2025.MMP2083,"Southern Asia","Tue, 10/28/2025 - 12:00",2025,October,1,0,,0,1,0,"Southern Asia","Sickness / lack of access to adequate healthcare",Afghanistan,"Tehran district, Tehran province, Iran","IOM Afghanistan","35.7218583, 51.3346954","Afghanistan to Iran",,"Southern Asia",4
2025.MMP2084,2025.MMP2084,"Southern Asia","Tue, 10/28/2025 - 12:00",2025,October,1,0,,0,1,0,"Southern Asia","Sickness / lack of access to adequate healthcare",Afghanistan,"Tehran district, Tehran province, Iran","IOM Afghanistan","35.7218583, 51.3346954","Afghanistan to Iran",,"Southern Asia",4
2025.MMP2085,2025.MMP2085,"Southern Asia","Tue, 10/28/2025 - 12:00",2025,October,1,0,,0,1,0,"Southern Asia","Sickness / lack of access to adequate healthcare",Afghanistan,"Tehran district, Tehran province, Iran","IOM Afghanistan","35.7218583, 51.3346954","Afghanistan to Iran",,"Southern Asia",4
2025.MMP2086,2025.MMP2086,"Southern Asia","Tue, 10/28/2025 - 12:00",2025,October,1,0,,0,1,0,"Southern Asia","Sickness / lack of access to adequate healthcare",Afghanistan,"Tehran district, Tehran province, Iran","IOM Afghanistan","35.7218583, 51.3346954","Afghanistan to Iran",,"Southern Asia",4
2025.MMP2087,2025.MMP2087,"Southern Asia","Tue, 10/28/2025 - 12:00",2025,October,1,0,,0,1,0,"Southern Asia","Vehicle accident / death linked to hazardous transport",Afghanistan,"Gonbad-e-Kavus district, Golestan province, Iran","IOM Afghanistan","37.2523295, 55.1671199","Afghanistan to Iran",,"Southern Asia",4
2025.MMP2088,2025.MMP2088,"Southern Asia","Tue, 10/28/2025 - 12:00",2025,October,1,0,,0,1,0,"Southern Asia",Violence,Afghanistan,"Saravan district, Sistan_and_Baluchestan province, Iran","IOM Afghanistan","27.3688908, 62.3385305","Afghanistan to Iran",,"Southern Asia",4
2025.MMP2089,2025.MMP2089,"Southern Asia","Tue, 10/28/2025 - 12:00",2025,October,1,0,,0,1,0,"Southern Asia",Violence,Afghanistan,"Saravan district, Sistan_and_Baluchestan province, Iran","IOM Afghanistan","27.3688908, 62.3385305","Afghanistan to Iran",,"Southern Asia",4
2025.MMP2090,2025.MMP2090,"Southern Asia","Tue, 10/28/2025 - 12:00",2025,October,1,0,,0,1,0,"Southern Asia",Violence,Afghanistan,"Saravan district, Sistan_and_Baluchestan province, Iran","IOM Afghanistan","27.3688908, 62.3385305","Afghanistan to Iran",,"Southern Asia",4
2025.MMP2091,2025.MMP2091,"Southern Asia","Tue, 10/28/2025 - 12:00",2025,October,1,0,,0,1,0,"Southern Asia",Violence,Afghanistan,"Saravan district, Sistan_and_Baluchestan province, Iran","IOM Afghanistan","27.3688908, 62.3385305","Afghanistan to Iran",,"Southern Asia",4
2025.MMP2092,2025.MMP2092,"Southern Asia","Tue, 10/28/2025 - 12:00",2025,October,1,0,,0,1,0,"Southern Asia","Sickness / lack of access to adequate healthcare",Afghanistan,"Kahnuj district, Kerman province, Iran","IOM Afghanistan","27.9407704, 57.6995447","Afghanistan to Iran",,"Southern Asia",4
2025.MMP2093,2025.MMP2093,"Southern Asia","Tue, 10/28/2025 - 12:00",2025,October,1,0,,0,1,0,"Southern Asia","Vehicle accident / death linked to hazardous transport",Afghanistan,"Bandar-Abbas district, Hormozgan province, Iran","IOM Afghanistan","27.1962543, 56.2883647","Afghanistan to Iran",,"Southern Asia",4
2025.MMP2094,2025.MMP2094,"Southern Asia","Wed, 10/29/2025 - 12:00",2025,October,1,0,,0,1,0,"Southern Asia","Sickness / lack of access to adequate healthcare",Afghanistan,"Isfahan district, Esfahan province, Iran","IOM Afghanistan","32.6538966, 51.6659656","Afghanistan to Iran",,"Southern Asia",4
2025.MMP2095,2025.MMP2095,"Southern Asia","Wed, 10/29/2025 - 12:00",2025,October,1,0,,0,1,1,"Southern Asia","Sickness / lack of access to adequate healthcare",Afghanistan,"Shiraz district, Fars province, Iran","IOM Afghanistan","29.5926119, 52.5835646","Afghanistan to Iran",,"Southern Asia",4
2025.MMP2096,2025.MMP2096,"Southern Asia","Thu, 10/30/2025 - 12:00",2025,October,1,0,,0,1,0,"Southern Asia","Harsh environmental conditions / lack of adequate shelter, food, water",Afghanistan,"Saravan district, Sistan_and_Baluchestan province, Iran","IOM Afghanistan","27.3688908, 62.3385305","Afghanistan to Iran",,"Southern Asia",4
2025.MMP2097,2025.MMP2097,"Southern Asia","Thu, 10/30/2025 - 12:00",2025,October,1,0,,0,1,0,"Southern Asia","Sickness / lack of access to adequate healthcare",Afghanistan,"Shiraz district, Fars province, Iran","IOM Afghanistan","29.5926119, 52.5835646","Afghanistan to Iran",,"Southern Asia",4
2025.MMP2098,2025.MMP2098,"Southern Asia","Thu, 10/30/2025 - 12:00",2025,October,1,0,,1,0,0,"Southern Asia","Sickness / lack of access to adequate healthcare",Afghanistan,"Selseleh district, Lorestan province, Iran","IOM Afghanistan","33.8326543, 48.1995591","Afghanistan to Iran",,"Southern Asia",4
2025.MMP2099,2025.MMP2099,"Southern Asia","Thu, 10/30/2025 - 12:00",2025,October,1,0,,0,1,0,"Southern Asia",Violence,Afghanistan,"Bandar-Abbas district, Hormozgan province, Iran","IOM Afghanistan","27.1962543, 56.2883647","Afghanistan to Iran",,"Southern Asia",4
2025.MMP2100,2025.MMP2100,"Southern Asia","Thu, 10/30/2025 - 12:00",2025,October,1,0,,0,1,0,"Southern Asia","Sickness / lack of access to adequate healthcare",Afghanistan,"Shiraz district, Fars province, Iran","IOM Afghanistan","29.5926119, 52.5835646","Afghanistan to Iran",,"Southern Asia",4
2025.MMP2101,2025.MMP2101,"Southern Asia","Thu, 10/30/2025 - 12:00",2025,October,1,0,,0,1,0,"Southern Asia","Harsh environmental conditions / lack of adequate shelter, food, water",Afghanistan,"Saravan district, Sistan_and_Baluchestan province, Iran","IOM Afghanistan","27.3688908, 62.3385305","Afghanistan to Iran",,"Southern Asia",4
2025.MMP2102,2025.MMP2102,"Southern Asia","Thu, 10/30/2025 - 12:00",2025,October,1,0,,0,1,0,"Southern Asia","Vehicle accident / death linked to hazardous transport",Afghanistan,"Saravan district, Sistan_and_Baluchestan province, Iran","IOM Afghanistan","27.3688908, 62.3385305","Afghanistan to Iran",,"Southern Asia",4
2025.MMP2103,2025.MMP2103,"Southern Asia","Fri, 10/31/2025 - 12:00",2025,October,1,0,,0,1,0,"Southern Asia","Harsh environmental conditions / lack of adequate shelter, food, water",Afghanistan,"Saravan district, Sistan_and_Baluchestan province, Iran","IOM Afghanistan","27.3688908, 62.3385305","Afghanistan to Iran",,"Southern Asia",4
2025.MMP2104,2025.MMP2104,"Southern Asia","Fri, 10/31/2025 - 12:00",2025,October,1,0,,0,1,0,"Southern Asia",Violence,Afghanistan,"Saravan district, Sistan_and_Baluchestan province, Iran","IOM Afghanistan","27.3688908, 62.3385305","Afghanistan to Iran",,"Southern Asia",4
2025.MMP2105,2025.MMP2105,"Southern Asia","Fri, 10/31/2025 - 12:00",2025,October,1,0,,0,1,1,"Southern Asia",Violence,Afghanistan,"Saravan district, Sistan_and_Baluchestan province, Iran","IOM Afghanistan","27.3688908, 62.3385305","Afghanistan to Iran",,"Southern Asia",4
2025.MMP2106,2025.MMP2106,"Southern Asia","Sat, 11/01/2025 - 12:00",2025,November,1,0,,0,1,1,"Southern Asia","Vehicle accident / death linked to hazardous transport",Afghanistan,"Tehran district, Tehran province, Iran","IOM Afghanistan","35.7218583, 51.3346954","Afghanistan to Iran",,"Southern Asia",4
2025.MMP2107,2025.MMP2107,"Southern Asia","Sat, 11/01/2025 - 12:00",2025,November,1,0,,0,1,0,"Southern Asia",Violence,Afghanistan,"Fereydunshahr district, Esfahan province, Iran","IOM Afghanistan","32.9405853, 50.1260032","Afghanistan to Iran",,"Southern Asia",4
2025.MMP2108,2025.MMP2108,"Southern Asia","Sat, 11/01/2025 - 12:00",2025,November,1,0,,0,1,0,"Southern Asia","Sickness / lack of access to adequate healthcare",Afghanistan,"Bam district, Kerman province, Iran","IOM Afghanistan","29.0963146, 58.3560859","Afghanistan to Iran",,"Southern Asia",4
2025.MMP2109,2025.MMP2109,"Southern Asia","Sat, 11/01/2025 - 12:00",2025,November,1,0,,0,1,0,"Southern Asia","Vehicle accident / death linked to hazardous transport",Afghanistan,"Saravan district, Sistan_and_Baluchestan province, Iran","IOM Afghanistan","27.3688908, 62.3385305","Afghanistan to Iran",,"Southern Asia",4
2025.MMP2110,2025.MMP2110,"Southern Asia","Sat, 11/01/2025 - 12:00",2025,November,1,0,,0,1,0,"Southern Asia",Violence,Afghanistan,"Zahedan district, Sistan_and_Baluchestan province, Iran","IOM Afghanistan","29.4893049, 60.8639982","Afghanistan to Iran",,"Southern Asia",4
2025.MMP2111,2025.MMP2111,"Southern Asia","Sun, 11/02/2025 - 12:00",2025,November,1,0,,0,1,0,"Southern Asia","Sickness / lack of access to adequate healthcare",Afghanistan,"Tehran district, Tehran province, Iran","IOM Afghanistan","35.7218583, 51.3346954","Afghanistan to Iran",,"Southern Asia",4
2025.MMP2112,2025.MMP2112,"Southern Asia","Sun, 11/02/2025 - 12:00",2025,November,1,0,,0,1,0,"Southern Asia","Accidental death",Afghanistan,"Tehran district, Tehran province, Iran","IOM Afghanistan","35.7218583, 51.3346954","Afghanistan to Iran",,"Southern Asia",4
2025.MMP2113,2025.MMP2113,"Southern Asia","Sun, 11/02/2025 - 12:00",2025,November,1,0,,0,1,0,"Southern Asia","Sickness / lack of access to adequate healthcare",Afghanistan,"Tehran district, Tehran province, Iran","IOM Afghanistan","35.7218583, 51.3346954","Afghanistan to Iran",,"Southern Asia",4
2025.MMP2114,2025.MMP2114,"Southern Asia","Sun, 11/02/2025 - 12:00",2025,November,1,0,,1,0,0,"Southern Asia","Vehicle accident / death linked to hazardous transport",Afghanistan,"Shiraz district, Fars province, Iran","IOM Afghanistan","29.5926119, 52.5835646","Afghanistan to Iran",,"Southern Asia",4
2025.MMP2115,2025.MMP2115,"Southern Asia","Sun, 11/02/2025 - 12:00",2025,November,1,0,,0,1,1,"Southern Asia","Vehicle accident / death linked to hazardous transport",Afghanistan,"Iranshahr district, Sistan_and_Baluchestan province, Iran","IOM Afghanistan","27.2030006, 60.6853176","Afghanistan to Iran",,"Southern Asia",4
2025.MMP2116,2025.MMP2116,"Southern Asia","Mon, 11/03/2025 - 12:00",2025,November,1,0,,0,1,0,"Southern Asia","Accidental death",Afghanistan,"Tehran district, Tehran province, Iran","IOM Afghanistan","35.7218583, 51.3346954","Afghanistan to Iran",,"Southern Asia",4
2025.MMP2117,2025.MMP2117,"Southern Asia","Mon, 11/03/2025 - 12:00",2025,November,1,0,,0,1,0,"Southern Asia","Accidental death",Afghanistan,"Tehran district, Tehran province, Iran","IOM Afghanistan","35.7218583, 51.3346954","Afghanistan to Iran",,"Southern Asia",4
2025.MMP2118,2025.MMP2118,"Southern Asia","Mon, 11/03/2025 - 12:00",2025,November,1,0,,0,1,0,"Southern Asia","Harsh environmental conditions / lack of adequate shelter, food, water",Afghanistan,"Bam district, Kerman province, Iran","IOM Afghanistan","29.0963146, 58.3560859","Afghanistan to Iran",,"Southern Asia",4
2025.MMP2119,2025.MMP2119,"Southern Asia","Mon, 11/03/2025 - 12:00",2025,November,1,0,,0,1,0,"Southern Asia","Sickness / lack of access to adequate healthcare",Afghanistan,"Shiraz district, Fars province, Iran","IOM Afghanistan","29.5926119, 52.5835646","Afghanistan to Iran",,"Southern Asia",4
2025.MMP2120,2025.MMP2120,"Southern Asia","Mon, 11/03/2025 - 12:00",2025,November,1,0,,0,1,0,"Southern Asia","Vehicle accident / death linked to hazardous transport",Afghanistan,"Shiraz district, Fars province, Iran","IOM Afghanistan","29.5926119, 52.5835646","Afghanistan to Iran",,"Southern Asia",4
2025.MMP2121,2025.MMP2121,"Southern Asia","Tue, 11/04/2025 - 12:00",2025,November,1,0,,0,1,0,"Southern Asia","Sickness / lack of access to adequate healthcare",Afghanistan,"Sirjan district, Kerman province, Iran","IOM Afghanistan","29.4457241, 55.6809021","Afghanistan to Iran",,"Southern Asia",4
2025.MMP2122,2025.MMP2122,"Southern Asia","Tue, 11/04/2025 - 12:00",2025,November,1,0,,0,1,0,"Southern Asia","Sickness / lack of access to adequate healthcare",Afghanistan,"Bushehr district, Bushehr province, Iran","IOM Afghanistan","28.9144913, 50.8279019","Afghanistan to Iran",,"Southern Asia",4
2025.MMP2123,2025.MMP2123,"Southern Asia","Tue, 11/04/2025 - 12:00",2025,November,1,0,,0,1,0,"Southern Asia",Violence,Afghanistan,"Saravan district, Sistan_and_Baluchestan province, Iran","IOM Afghanistan","27.3688908, 62.3385305","Afghanistan to Iran",,"Southern Asia",4
2025.MMP2124,2025.MMP2124,"Southern Asia","Tue, 11/04/2025 - 12:00",2025,November,1,0,,0,1,0,"Southern Asia","Sickness / lack of access to adequate healthcare",Afghanistan,"Saravan district, Sistan_and_Baluchestan province, Iran","IOM Afghanistan","27.3688908, 62.3385305","Afghanistan to Iran",,"Southern Asia",4
2025.MMP2125,2025.MMP2125,"Southern Asia","Wed, 11/05/2025 - 12:00",2025,November,1,0,,0,1,0,"Southern Asia","Sickness / lack of access to adequate healthcare",Afghanistan,"Bandar-Abbas district, Hormozgan province, Iran","IOM Afghanistan","27.1962543, 56.2883647","Afghanistan to Iran",,"Southern Asia",4
2025.MMP2126,2025.MMP2126,"Southern Asia","Wed, 11/05/2025 - 12:00",2025,November,1,0,,0,1,1,"Southern Asia","Vehicle accident / death linked to hazardous transport",Afghanistan,"Saravan district, Sistan_and_Baluchestan province, Iran","IOM Afghanistan","27.3688908, 62.3385305","Afghanistan to Iran",,"Southern Asia",4
2025.MMP2127,2025.MMP2127,"Southern Asia","Wed, 11/05/2025 - 12:00",2025,November,1,0,,0,1,0,"Southern Asia",Violence,Afghanistan,"Saravan district, Sistan_and_Baluchestan province, Iran","IOM Afghanistan","27.3688908, 62.3385305","Afghanistan to Iran",,"Southern Asia",4
2025.MMP2128,2025.MMP2128,"Southern Asia","Wed, 11/05/2025 - 12:00",2025,November,1,0,,0,1,0,"Southern Asia",Violence,Afghanistan,"Saravan district, Sistan_and_Baluchestan province, Iran","IOM Afghanistan","27.3688908, 62.3385305","Afghanistan to Iran",,"Southern Asia",4
2025.MMP2129,2025.MMP2129,"Southern Asia","Wed, 11/05/2025 - 12:00",2025,November,1,0,,1,0,0,"Southern Asia","Sickness / lack of access to adequate healthcare",Afghanistan,"Yazd district, Yazd province, Iran","IOM Afghanistan","31.8974232, 54.3568562","Afghanistan to Iran",,"Southern Asia",4
2025.MMP2130,2025.MMP2130,"Southern Asia","Thu, 11/06/2025 - 12:00",2025,November,1,0,,1,0,0,"Southern Asia","Sickness / lack of access to adequate healthcare",Afghanistan,"Yazd district, Yazd province, Iran","IOM Afghanistan","31.8974232, 54.3568562","Afghanistan to Iran",,"Southern Asia",4
2025.MMP2131,2025.MMP2131,"Southern Asia","Thu, 11/06/2025 - 12:00",2025,November,1,0,,0,1,1,"Southern Asia","Sickness / lack of access to adequate healthcare",Afghanistan,"Shiraz district, Fars province, Iran","IOM Afghanistan","29.5926119, 52.5835646","Afghanistan to Iran",,"Southern Asia",4
2025.MMP2132,2025.MMP2132,"Southern Asia","Thu, 11/06/2025 - 12:00",2025,November,1,0,,0,1,0,"Southern Asia","Sickness / lack of access to adequate healthcare",Afghanistan,"Bandar-Abbas district, Hormozgan province, Iran","IOM Afghanistan","27.1962543, 56.2883647","Afghanistan to Iran",,"Southern Asia",4
2025.MMP2133,2025.MMP2133,"Southern Asia","Fri, 11/07/2025 - 12:00",2025,November,1,0,,0,1,0,"Southern Asia","Sickness / lack of access to adequate healthcare",Afghanistan,"Iranshahr district, Sistan_and_Baluchestan province, Iran","IOM Afghanistan","27.2030006, 60.6853176","Afghanistan to Iran",,"Southern Asia",4
2025.MMP2134,2025.MMP2134,"Southern Asia","Sat, 11/08/2025 - 12:00",2025,November,1,0,,1,0,0,"Southern Asia","Vehicle accident / death linked to hazardous transport",Afghanistan,"Kerman district, Kerman province, Iran","IOM Afghanistan","30.2839379, 57.0833628","Afghanistan to Iran",,"Southern Asia",4
2025.MMP2135,2025.MMP2135,"Southern Asia","Sat, 11/08/2025 - 12:00",2025,November,1,0,,0,1,0,"Southern Asia","Vehicle accident / death linked to hazardous transport",Afghanistan,"Kerman district, Kerman province, Iran","IOM Afghanistan","30.2839379, 57.0833628","Afghanistan to Iran",,"Southern Asia",4
2025.MMP2136,2025.MMP2136,"Southern Asia","Sat, 11/08/2025 - 12:00",2025,November,1,0,,0,1,0,"Southern Asia",Drowning,Afghanistan,"Jahrom district, Fars province, Iran","IOM Afghanistan","28.5177435, 53.5743866","Afghanistan to Iran",,"Southern Asia",4
2025.MMP2137,2025.MMP2137,"Southern Asia","Sat, 11/08/2025 - 12:00",2025,November,1,0,,0,1,0,"Southern Asia",Drowning,Afghanistan,"Bandar-Abbas district, Hormozgan province, Iran","IOM Afghanistan","27.1962543, 56.2883647","Afghanistan to Iran",,"Southern Asia",4
2025.MMP2138,2025.MMP2138,"Southern Asia","Sat, 11/08/2025 - 12:00",2025,November,1,0,,0,1,0,"Southern Asia","Vehicle accident / death linked to hazardous transport",Afghanistan,"Kerman district, Kerman province, Iran","IOM Afghanistan","30.2839379, 57.0833628","Afghanistan to Iran",,"Southern Asia",4
2025.MMP2139,2025.MMP2139,"Southern Asia","Sun, 11/09/2025 - 12:00",2025,November,1,0,,0,1,0,"Southern Asia","Sickness / lack of access to adequate healthcare",Afghanistan,"Saravan district, Sistan_and_Baluchestan province, Iran","IOM Afghanistan","27.3688908, 62.3385305","Afghanistan to Iran",,"Southern Asia",4
2025.MMP2140,2025.MMP2140,"Southern Asia","Sun, 11/09/2025 - 12:00",2025,November,1,0,,0,1,0,"Southern Asia","Vehicle accident / death linked to hazardous transport",Afghanistan,"Khash district, Sistan_and_Baluchestan province, Iran","IOM Afghanistan","28.2200233, 61.2114862","Afghanistan to Iran",,"Southern Asia",4
2025.MMP2141,2025.MMP2141,"Southern Asia","Sun, 11/09/2025 - 12:00",2025,November,1,0,,0,1,0,"Southern Asia","Vehicle accident / death linked to hazardous transport",Afghanistan,"Khash district, Sistan_and_Baluchestan province, Iran","IOM Afghanistan","28.2200233, 61.2114862","Afghanistan to Iran",,"Southern Asia",4
2025.MMP2142,2025.MMP2142,"Southern Asia","Sun, 11/09/2025 - 12:00",2025,November,1,0,,0,1,0,"Southern Asia","Vehicle accident / death linked to hazardous transport",Afghanistan,"Khash district, Sistan_and_Baluchestan province, Iran","IOM Afghanistan","28.2200233, 61.2114862","Afghanistan to Iran",,"Southern Asia",4
2025.MMP2143,2025.MMP2143,"Southern Asia","Mon, 11/10/2025 - 12:00",2025,November,1,0,,0,1,0,"Southern Asia","Sickness / lack of access to adequate healthcare",Afghanistan,"Bam district, Kerman province, Iran","IOM Afghanistan","29.0963146, 58.3560859","Afghanistan to Iran",,"Southern Asia",4
2025.MMP2144,2025.MMP2144,"Southern Asia","Mon, 11/10/2025 - 12:00",2025,November,1,0,,0,1,0,"Southern Asia","Mixed or unknown",Afghanistan,"Tehran district, Tehran province, Iran","IOM Afghanistan","35.7218583, 51.3346954","Afghanistan to Iran",,"Southern Asia",4
2025.MMP2145,2025.MMP2145,"Southern Asia","Mon, 11/10/2025 - 12:00",2025,November,1,0,,0,1,0,"Southern Asia","Sickness / lack of access to adequate healthcare",Afghanistan,"Kerman district, Kerman province, Iran","IOM Afghanistan","30.2839379, 57.0833628","Afghanistan to Iran",,"Southern Asia",4
2025.MMP2146,2025.MMP2146,"Southern Asia","Tue, 11/11/2025 - 12:00",2025,November,1,0,,0,1,0,"Southern Asia","Sickness / lack of access to adequate healthcare",Afghanistan,"Shiraz district, Fars province, Iran","IOM Afghanistan","29.5926119, 52.5835646","Afghanistan to Iran",,"Southern Asia",4
2025.MMP2147,2025.MMP2147,"Southern Asia","Tue, 11/11/2025 - 12:00",2025,November,1,0,,0,1,0,"Southern Asia","Sickness / lack of access to adequate healthcare",Afghanistan,"Isfahan district, Esfahan province, Iran","IOM Afghanistan","32.6538966, 51.6659656","Afghanistan to Iran",,"Southern Asia",4
2025.MMP2148,2025.MMP2148,"Southern Asia","Tue, 11/11/2025 - 12:00",2025,November,1,0,,0,1,0,"Southern Asia","Mixed or unknown",Afghanistan,"Isfahan district, Esfahan province, Iran","IOM Afghanistan","32.6538966, 51.6659656","Afghanistan to Iran",,"Southern Asia",4
2025.MMP2149,2025.MMP2149,"Southern Asia","Wed, 11/12/2025 - 12:00",2025,November,1,0,,0,1,0,"Southern Asia","Vehicle accident / death linked to hazardous transport",Afghanistan,"Shiraz district, Fars province, Iran","IOM Afghanistan","29.5926119, 52.5835646","Afghanistan to Iran",,"Southern Asia",4
2025.MMP2150,2025.MMP2150,"Southern Asia","Wed, 11/12/2025 - 12:00",2025,November,1,0,,0,1,0,"Southern Asia","Vehicle accident / death linked to hazardous transport",Afghanistan,"Khamir district, Hormozgan province, Iran","IOM Afghanistan","27.3454734, 55.5801757","Afghanistan to Iran",,"Southern Asia",4
2025.MMP2151,2025.MMP2151,"Southern Asia","Wed, 11/12/2025 - 12:00",2025,November,1,0,,0,1,1,"Southern Asia","Sickness / lack of access to adequate healthcare",Afghanistan,"Zahedan district, Sistan_and_Baluchestan province, Iran","IOM Afghanistan","29.4893049, 60.8639982","Afghanistan to Iran",,"Southern Asia",4
2025.MMP2152,2025.MMP2152,"Southern Asia","Wed, 11/12/2025 - 12:00",2025,November,1,0,,0,1,0,"Southern Asia","Sickness / lack of access to adequate healthcare",Afghanistan,"Bam district, Kerman province, Iran","IOM Afghanistan","29.0963146, 58.3560859","Afghanistan to Iran",,"Southern Asia",4
2025.MMP2153,2025.MMP2153,"Southern Asia","Wed, 11/12/2025 - 12:00",2025,November,1,0,,0,1,0,"Southern Asia","Mixed or unknown",Afghanistan,"Kerman district, Kerman province, Iran","IOM Afghanistan","30.2839379, 57.0833628","Afghanistan to Iran",,"Southern Asia",4
2025.MMP2154,2025.MMP2154,"Southern Asia","Wed, 11/12/2025 - 12:00",2025,November,1,0,,0,1,0,"Southern Asia","Vehicle accident / death linked to hazardous transport",Afghanistan,"Kahnuj district, Kerman province, Iran","IOM Afghanistan","27.9407704, 57.6995447","Afghanistan to Iran",,"Southern Asia",4
2025.MMP2155,2025.MMP2155,"Southern Asia","Wed, 11/12/2025 - 12:00",2025,November,1,0,,0,1,0,"Southern Asia","Sickness / lack of access to adequate healthcare",Afghanistan,"Sirjan district, Kerman province, Iran","IOM Afghanistan","29.4457241, 55.6809021","Afghanistan to Iran",,"Southern Asia",4
2025.MMP2156,2025.MMP2156,"Southern Asia","Thu, 11/13/2025 - 12:00",2025,November,1,0,,0,1,1,"Southern Asia","Sickness / lack of access to adequate healthcare",Afghanistan,"Yazd district, Yazd province, Iran","IOM Afghanistan","31.8974232, 54.3568562","Afghanistan to Iran",,"Southern Asia",4
2025.MMP2157,2025.MMP2157,"Southern Asia","Thu, 11/13/2025 - 12:00",2025,November,1,0,,0,1,0,"Southern Asia","Sickness / lack of access to adequate healthcare",Afghanistan,"Sirjan district, Kerman province, Iran","IOM Afghanistan","29.4457241, 55.6809021","Afghanistan to Iran",,"Southern Asia",4
2025.MMP2158,2025.MMP2158,"Southern Asia","Thu, 11/13/2025 - 12:00",2025,November,1,0,,0,1,1,"Southern Asia","Vehicle accident / death linked to hazardous transport",Afghanistan,"Shiraz district, Fars province, Iran","IOM Afghanistan","29.5926119, 52.5835646","Afghanistan to Iran",,"Southern Asia",4
2025.MMP2159,2025.MMP2159,"Southern Asia","Thu, 11/13/2025 - 12:00",2025,November,1,0,,0,1,0,"Southern Asia","Vehicle accident / death linked to hazardous transport",Afghanistan,"Shahreza district, Esfahan province, Iran","IOM Afghanistan","32.0121291, 51.8595312","Afghanistan to Iran",,"Southern Asia",4
2025.MMP2160,2025.MMP2160,"Southern Asia","Fri, 11/14/2025 - 12:00",2025,November,1,0,,0,1,0,"Southern Asia","Vehicle accident / death linked to hazardous transport",Afghanistan,"Isfahan district, Esfahan province, Iran","IOM Afghanistan","32.6538966, 51.6659656","Afghanistan to Iran",,"Southern Asia",4
2025.MMP2161,2025.MMP2161,"Southern Asia","Fri, 11/14/2025 - 12:00",2025,November,1,0,,0,1,0,"Southern Asia","Sickness / lack of access to adequate healthcare",Afghanistan,"Saravan district, Sistan_and_Baluchestan province, Iran","IOM Afghanistan","27.3688908, 62.3385305","Afghanistan to Iran",,"Southern Asia",4
2025.MMP2162,2025.MMP2162,"Southern Asia","Sat, 11/15/2025 - 12:00",2025,November,1,0,,0,1,0,"Southern Asia","Mixed or unknown",Afghanistan,"Saravan district, Sistan_and_Baluchestan province, Iran","IOM Afghanistan","27.3688908, 62.3385305","Afghanistan to Iran",,"Southern Asia",4
2025.MMP2163,2025.MMP2163,"Southern Asia","Sat, 11/15/2025 - 12:00",2025,November,1,0,,0,1,0,"Southern Asia","Vehicle accident / death linked to hazardous transport",Afghanistan,"Zahedan district, Sistan_and_Baluchestan province, Iran","IOM Afghanistan","29.4893049, 60.8639982","Afghanistan to Iran",,"Southern Asia",4
2025.MMP2164,2025.MMP2164,"Southern Asia","Sat, 11/15/2025 - 12:00",2025,November,1,0,,0,1,0,"Southern Asia","Harsh environmental conditions / lack of adequate shelter, food, water",Afghanistan,"Saravan district, Sistan_and_Baluchestan province, Iran","IOM Afghanistan","27.3688908, 62.3385305","Afghanistan to Iran",,"Southern Asia",4
2025.MMP2165,2025.MMP2165,"Southern Asia","Sat, 11/15/2025 - 12:00",2025,November,1,0,,0,1,0,"Southern Asia","Vehicle accident / death linked to hazardous transport",Afghanistan,"Saravan district, Sistan_and_Baluchestan province, Iran","IOM Afghanistan","27.3688908, 62.3385305","Afghanistan to Iran",,"Southern Asia",4
2025.MMP2166,2025.MMP2166,"Southern Asia","Sun, 11/16/2025 - 12:00",2025,November,1,0,,0,1,0,"Southern Asia","Sickness / lack of access to adequate healthcare",Afghanistan,"Kerman district, Kerman province, Iran","IOM Afghanistan","30.2839379, 57.0833628","Afghanistan to Iran",,"Southern Asia",4
2025.MMP2167,2025.MMP2167,"Southern Asia","Sun, 11/16/2025 - 12:00",2025,November,1,0,,0,1,0,"Southern Asia","Sickness / lack of access to adequate healthcare",Afghanistan,"Bushehr district, Bushehr province, Iran","IOM Afghanistan","28.9144913, 50.8279019","Afghanistan to Iran",,"Southern Asia",4
2025.MMP2168,2025.MMP2168,"Southern Asia","Sun, 11/16/2025 - 12:00",2025,November,1,0,,0,1,0,"Southern Asia","Sickness / lack of access to adequate healthcare",Afghanistan,"Tehran district, Tehran province, Iran","IOM Afghanistan","35.7218583, 51.3346954","Afghanistan to Iran",,"Southern Asia",4
2025.MMP2169,2025.MMP2169,"Southern Asia","Mon, 11/17/2025 - 12:00",2025,November,1,0,,0,1,0,"Southern Asia","Sickness / lack of access to adequate healthcare",Afghanistan,"Yazd district, Yazd province, Iran","IOM Afghanistan","31.8974232, 54.3568562","Afghanistan to Iran",,"Southern Asia",4
2025.MMP2170,2025.MMP2170,"Southern Asia","Mon, 11/17/2025 - 12:00",2025,November,1,0,,0,1,0,"Southern Asia","Accidental death",Afghanistan,"Isfahan district, Esfahan province, Iran","IOM Afghanistan","32.6538966, 51.6659656","Afghanistan to Iran",,"Southern Asia",4
2025.MMP2171,2025.MMP2171,"Southern Asia","Mon, 11/17/2025 - 12:00",2025,November,1,0,,1,0,0,"Southern Asia","Sickness / lack of access to adequate healthcare",Afghanistan,"Kerman district, Kerman province, Iran","IOM Afghanistan","30.2839379, 57.0833628","Afghanistan to Iran",,"Southern Asia",4
2025.MMP2172,2025.MMP2172,"Southern Asia","Mon, 11/17/2025 - 12:00",2025,November,1,0,,0,1,0,"Southern Asia","Sickness / lack of access to adequate healthcare",Afghanistan,"Shahreza district, Esfahan province, Iran","IOM Afghanistan","32.0121291, 51.8595312","Afghanistan to Iran",,"Southern Asia",4
2025.MMP2173,2025.MMP2173,"Southern Asia","Mon, 11/17/2025 - 12:00",2025,November,1,0,,0,1,1,"Southern Asia","Vehicle accident / death linked to hazardous transport",Afghanistan,"Bam district, Kerman province, Iran","IOM Afghanistan","29.0963146, 58.3560859","Afghanistan to Iran",,"Southern Asia",4
2025.MMP2174,2025.MMP2174,"Southern Asia","Mon, 11/17/2025 - 12:00",2025,November,1,0,,0,1,0,"Southern Asia",Violence,Afghanistan,"Kerman district, Kerman province, Iran","IOM Afghanistan","30.2839379, 57.0833628","Afghanistan to Iran",,"Southern Asia",4
2025.MMP2175,2025.MMP2175,"Southern Asia","Tue, 11/18/2025 - 12:00",2025,November,1,0,,0,1,0,"Southern Asia","Sickness / lack of access to adequate healthcare",Afghanistan,"Dashtestan district, Bushehr province, Iran","IOM Afghanistan","29.2861277, 51.4309582","Afghanistan to Iran",,"Southern Asia",4
2025.MMP2176,2025.MMP2176,"Southern Asia","Tue, 11/18/2025 - 12:00",2025,November,1,0,,0,1,0,"Southern Asia","Sickness / lack of access to adequate healthcare",Afghanistan,"Isfahan district, Esfahan province, Iran","IOM Afghanistan","32.6538966, 51.6659656","Afghanistan to Iran",,"Southern Asia",4
2025.MMP2177,2025.MMP2177,"Southern Asia","Wed, 11/19/2025 - 12:00",2025,November,1,0,,0,1,1,"Southern Asia","Sickness / lack of access to adequate healthcare",Afghanistan,"Kerman district, Kerman province, Iran","IOM Afghanistan","30.2839379, 57.0833628","Afghanistan to Iran",,"Southern Asia",4
2025.MMP2178,2025.MMP2178,"Southern Asia","Wed, 11/19/2025 - 12:00",2025,November,1,0,,0,1,0,"Southern Asia","Sickness / lack of access to adequate healthcare",Afghanistan,"Iranshahr district, Sistan_and_Baluchestan province, Iran","IOM Afghanistan","27.2030006, 60.6853176","Afghanistan to Iran",,"Southern Asia",4
2025.MMP2179,2025.MMP2179,"Southern Asia","Wed, 11/19/2025 - 12:00",2025,November,1,0,,0,1,1,"Southern Asia","Mixed or unknown",Afghanistan,"Saravan district, Sistan_and_Baluchestan province, Iran","IOM Afghanistan","27.3688908, 62.3385305","Afghanistan to Iran",,"Southern Asia",4
2025.MMP2180,2025.MMP2180,"Southern Asia","Wed, 11/19/2025 - 12:00",2025,November,1,0,,0,1,0,"Southern Asia","Sickness / lack of access to adequate healthcare",Afghanistan,"Rudan district, Hormozgan province, Iran","IOM Afghanistan","27.4416495, 57.1908671","Afghanistan to Iran",,"Southern Asia",4
2025.MMP2181,2025.MMP2181,"Southern Asia","Thu, 11/20/2025 - 12:00",2025,November,1,0,,0,1,1,"Southern Asia","Vehicle accident / death linked to hazardous transport",Afghanistan,"Iranshahr district, Sistan_and_Baluchestan province, Iran","IOM Afghanistan","27.2030006, 60.6853176","Afghanistan to Iran",,"Southern Asia",4
2025.MMP2182,2025.MMP2182,"Southern Asia","Thu, 11/20/2025 - 12:00",2025,November,1,0,,0,1,0,"Southern Asia","Vehicle accident / death linked to hazardous transport",Afghanistan,"Iranshahr district, Sistan_and_Baluchestan province, Iran","IOM Afghanistan","27.2030006, 60.6853176","Afghanistan to Iran",,"Southern Asia",4
2025.MMP2183,2025.MMP2183,"Southern Asia","Thu, 11/20/2025 - 12:00",2025,November,1,0,,0,1,0,"Southern Asia","Vehicle accident / death linked to hazardous transport",Afghanistan,"Iranshahr district, Sistan_and_Baluchestan province, Iran","IOM Afghanistan","27.2030006, 60.6853176","Afghanistan to Iran",,"Southern Asia",4
2025.MMP2184,2025.MMP2184,"Southern Asia","Thu, 11/20/2025 - 12:00",2025,November,1,0,,0,1,0,"Southern Asia","Sickness / lack of access to adequate healthcare",Afghanistan,"Karaj district, Alborz province, Iran","IOM Afghanistan","35.8438581, 50.9714995","Afghanistan to Iran",,"Southern Asia",4
2025.MMP2185,2025.MMP2185,"Southern Asia","Fri, 11/21/2025 - 12:00",2025,November,1,0,,0,1,0,"Southern Asia","Sickness / lack of access to adequate healthcare",Afghanistan,"Bandar-Abbas district, Hormozgan province, Iran","IOM Afghanistan","27.1962543, 56.2883647","Afghanistan to Iran",,"Southern Asia",4
2025.MMP2186,2025.MMP2186,"Southern Asia","Fri, 11/21/2025 - 12:00",2025,November,1,0,,0,1,0,"Southern Asia","Vehicle accident / death linked to hazardous transport",Afghanistan,"Sirjan district, Kerman province, Iran","IOM Afghanistan","29.4457241, 55.6809021","Afghanistan to Iran",,"Southern Asia",4
2025.MMP2187,2025.MMP2187,"Southern Asia","Fri, 11/21/2025 - 12:00",2025,November,1,0,,0,1,1,"Southern Asia","Sickness / lack of access to adequate healthcare",Afghanistan,"Kerman district, Kerman province, Iran","IOM Afghanistan","30.2839379, 57.0833628","Afghanistan to Iran",,"Southern Asia",4
2025.MMP2188,2025.MMP2188,"Southern Asia","Fri, 11/21/2025 - 12:00",2025,November,1,0,,0,1,1,"Southern Asia","Sickness / lack of access to adequate healthcare",Afghanistan,"Saravan district, Sistan_and_Baluchestan province, Iran","IOM Afghanistan","27.3688908, 62.3385305","Afghanistan to Iran",,"Southern Asia",4
2025.MMP2189,2025.MMP2189,"Southern Asia","Sat, 11/22/2025 - 12:00",2025,November,1,0,,0,1,0,"Southern Asia","Vehicle accident / death linked to hazardous transport",Afghanistan,"Bam district, Kerman province, Iran","IOM Afghanistan","29.0963146, 58.3560859","Afghanistan to Iran",,"Southern Asia",4
2025.MMP2190,2025.MMP2190,"Southern Asia","Sat, 11/22/2025 - 12:00",2025,November,1,0,,0,1,1,"Southern Asia","Vehicle accident / death linked to hazardous transport",Afghanistan,"Bam district, Kerman province, Iran","IOM Afghanistan","29.0963146, 58.3560859","Afghanistan to Iran",,"Southern Asia",4
2025.MMP2191,2025.MMP2191,"Southern Asia","Sat, 11/22/2025 - 12:00",2025,November,1,0,,0,1,0,"Southern Asia","Vehicle accident / death linked to hazardous transport",Afghanistan,"Bam district, Kerman province, Iran","IOM Afghanistan","29.0963146, 58.3560859","Afghanistan to Iran",,"Southern Asia",4
2025.MMP2192,2025.MMP2192,"Southern Asia","Sat, 11/22/2025 - 12:00",2025,November,1,0,,0,1,0,"Southern Asia","Vehicle accident / death linked to hazardous transport",Afghanistan,"Bam district, Kerman province, Iran","IOM Afghanistan","29.0963146, 58.3560859","Afghanistan to Iran",,"Southern Asia",4
2025.MMP2193,2025.MMP2193,"Southern Asia","Sat, 11/22/2025 - 12:00",2025,November,1,0,,0,1,0,"Southern Asia","Vehicle accident / death linked to hazardous transport",Afghanistan,"Bam district, Kerman province, Iran","IOM Afghanistan","29.0963146, 58.3560859","Afghanistan to Iran",,"Southern Asia",4
2025.MMP2194,2025.MMP2194,"Southern Asia","Sat, 11/22/2025 - 12:00",2025,November,1,0,,0,1,0,"Southern Asia","Vehicle accident / death linked to hazardous transport",Afghanistan,"Bam district, Kerman province, Iran","IOM Afghanistan","29.0963146, 58.3560859","Afghanistan to Iran",,"Southern Asia",4
2025.MMP2195,2025.MMP2195,"Southern Asia","Sat, 11/22/2025 - 12:00",2025,November,1,0,,0,1,0,"Southern Asia","Vehicle accident / death linked to hazardous transport",Afghanistan,"Bushehr district, Bushehr province, Iran","IOM Afghanistan","28.9144913, 50.8279019","Afghanistan to Iran",,"Southern Asia",4
2025.MMP2196,2025.MMP2196,"Southern Asia","Sun, 11/23/2025 - 12:00",2025,November,1,0,,0,1,0,"Southern Asia","Sickness / lack of access to adequate healthcare",Afghanistan,"Shiraz district, Fars province, Iran","IOM Afghanistan","29.5926119, 52.5835646","Afghanistan to Iran",,"Southern Asia",4
2025.MMP2197,2025.MMP2197,"Southern Asia","Sun, 11/23/2025 - 12:00",2025,November,1,0,,0,1,0,"Southern Asia","Sickness / lack of access to adequate healthcare",Afghanistan,"Aligudarz district, Lorestan province, Iran","IOM Afghanistan","33.4024206, 49.6902082","Afghanistan to Iran",,"Southern Asia",4
2025.MMP2198,2025.MMP2198,"Southern Asia","Sun, 11/23/2025 - 12:00",2025,November,1,0,,0,1,0,"Southern Asia","Sickness / lack of access to adequate healthcare",Afghanistan,"Yazd district, Yazd province, Iran","IOM Afghanistan","31.8974232, 54.3568562","Afghanistan to Iran",,"Southern Asia",4
2025.MMP2199,2025.MMP2199,"Southern Asia","Sun, 11/23/2025 - 12:00",2025,November,1,0,,0,1,0,"Southern Asia","Vehicle accident / death linked to hazardous transport",Afghanistan,"Isfahan district, Esfahan province, Iran","IOM Afghanistan","32.6538966, 51.6659656","Afghanistan to Iran",,"Southern Asia",4
2025.MMP2200,2025.MMP2200,"Southern Asia","Sun, 11/23/2025 - 12:00",2025,November,1,0,,0,1,0,"Southern Asia","Vehicle accident / death linked to hazardous transport",Afghanistan,"Isfahan district, Esfahan province, Iran","IOM Afghanistan","32.6538966, 51.6659656","Afghanistan to Iran",,"Southern Asia",4
2025.MMP2201,2025.MMP2201,"Southern Asia","Mon, 11/24/2025 - 12:00",2025,November,1,0,,0,1,0,"Southern Asia",Violence,Afghanistan,"Bandar-Abbas district, Hormozgan province, Iran","IOM Afghanistan","27.1962543, 56.2883647","Afghanistan to Iran",,"Southern Asia",4
2025.MMP2202,2025.MMP2202,"Southern Asia","Tue, 11/25/2025 - 12:00",2025,November,1,0,,0,1,0,"Southern Asia","Accidental death",Afghanistan,"Sepidan district, Fars province, Iran","IOM Afghanistan","30.0450571, 52.2762322","Afghanistan to Iran",,"Southern Asia",4
2025.MMP2203,2025.MMP2203,"Southern Asia","Tue, 11/25/2025 - 12:00",2025,November,1,0,,0,1,0,"Southern Asia","Sickness / lack of access to adequate healthcare",Afghanistan,"Shiraz district, Fars province, Iran","IOM Afghanistan","29.5926119, 52.5835646","Afghanistan to Iran",,"Southern Asia",4
2025.MMP2204,2025.MMP2204,"Southern Asia","Wed, 11/26/2025 - 12:00",2025,November,1,0,,0,1,0,"Southern Asia","Sickness / lack of access to adequate healthcare",Afghanistan,"Tehran district, Tehran province, Iran","IOM Afghanistan","35.7218583, 51.3346954","Afghanistan to Iran",,"Southern Asia",4
2025.MMP2205,2025.MMP2205,"Southern Asia","Wed, 11/26/2025 - 12:00",2025,November,1,0,,1,0,0,"Southern Asia",Violence,Afghanistan,"Kerman district, Kerman province, Iran","IOM Afghanistan","30.2839379, 57.0833628","Afghanistan to Iran",,"Southern Asia",4
2025.MMP2206,2025.MMP2206,"Southern Asia","Thu, 11/27/2025 - 12:00",2025,November,1,0,,0,1,0,"Southern Asia","Sickness / lack of access to adequate healthcare",Afghanistan,"Iranshahr district, Sistan_and_Baluchestan province, Iran","IOM Afghanistan","27.2030006, 60.6853176","Afghanistan to Iran",,"Southern Asia",4
2025.MMP2207,2025.MMP2207,"Southern Asia","Thu, 11/27/2025 - 12:00",2025,November,1,0,,0,1,0,"Southern Asia","Sickness / lack of access to adequate healthcare",Afghanistan,"Bandar-Abbas district, Hormozgan province, Iran","IOM Afghanistan","27.1962543, 56.2883647","Afghanistan to Iran",,"Southern Asia",4
2025.MMP2208,2025.MMP2208,"Southern Asia","Fri, 11/28/2025 - 12:00",2025,November,1,0,,0,1,0,"Southern Asia","Sickness / lack of access to adequate healthcare",Afghanistan,"Kerman district, Kerman province, Iran","IOM Afghanistan","30.2839379, 57.0833628","Afghanistan to Iran",,"Southern Asia",4
2025.MMP2209,2025.MMP2209,"Southern Asia","Fri, 11/28/2025 - 12:00",2025,November,1,0,,0,1,0,"Southern Asia","Sickness / lack of access to adequate healthcare",Afghanistan,"Isfahan district, Esfahan province, Iran","IOM Afghanistan","32.6538966, 51.6659656","Afghanistan to Iran",,"Southern Asia",4
2025.MMP2210,2025.MMP2210,"Southern Asia","Fri, 11/28/2025 - 12:00",2025,November,1,0,,0,1,0,"Southern Asia","Vehicle accident / death linked to hazardous transport",Afghanistan,"Shiraz district, Fars province, Iran","IOM Afghanistan","29.5926119, 52.5835646","Afghanistan to Iran",,"Southern Asia",4
2025.MMP2211,2025.MMP2211,"Southern Asia","Sat, 11/29/2025 - 12:00",2025,November,1,0,,0,1,0,"Southern Asia","Vehicle accident / death linked to hazardous transport",Afghanistan,"Abarkuh district, Yazd province, Iran","IOM Afghanistan","31.1278965, 53.2741511","Afghanistan to Iran",,"Southern Asia",4
2025.MMP2212,2025.MMP2212,"Southern Asia","Sun, 11/30/2025 - 12:00",2025,November,1,0,,0,1,0,"Southern Asia","Mixed or unknown",Afghanistan,"Isfahan district, Esfahan province, Iran","IOM Afghanistan","32.6538966, 51.6659656","Afghanistan to Iran",,"Southern Asia",4
2025.MMP2213,2025.MMP2213,"Southern Asia","Sun, 11/30/2025 - 12:00",2025,November,1,0,,0,1,1,"Southern Asia","Sickness / lack of access to adequate healthcare",Afghanistan,"Shiraz district, Fars province, Iran","IOM Afghanistan","29.5926119, 52.5835646","Afghanistan to Iran",,"Southern Asia",4
2025.MMP2214,2025.MMP2214,"Southern Asia","Sun, 11/30/2025 - 12:00",2025,November,1,0,,0,1,0,"Southern Asia",Violence,Afghanistan,"Saravan district, Sistan_and_Baluchestan province, Iran","IOM Afghanistan","27.3688908, 62.3385305","Afghanistan to Iran",,"Southern Asia",4
2025.MMP2215,2025.MMP2215,"Southern Asia","Sun, 11/30/2025 - 12:00",2025,November,1,0,,0,1,0,"Southern Asia",Violence,Afghanistan,"Iranshahr district, Sistan_and_Baluchestan province, Iran","IOM Afghanistan","27.2030006, 60.6853176","Afghanistan to Iran",,"Southern Asia",4
2025.MMP2216,2025.MMP2216,"Southern Asia","Mon, 12/01/2025 - 12:00",2025,December,1,0,,0,1,0,"Southern Asia","Vehicle accident / death linked to hazardous transport",Afghanistan,"Khash district, Sistan_and_Baluchestan province, Iran","IOM Afghanistan","28.2200233, 61.2114862","Afghanistan to Iran",,"Southern Asia",4
2025.MMP2217,2025.MMP2217,"Southern Asia","Mon, 12/01/2025 - 12:00",2025,December,1,0,,1,0,0,"Southern Asia","Sickness / lack of access to adequate healthcare",Afghanistan,"Isfahan district, Esfahan province, Iran","IOM Afghanistan","32.6538966, 51.6659656","Afghanistan to Iran",,"Southern Asia",4
2025.MMP2218,2025.MMP2218,"Southern Asia","Mon, 12/01/2025 - 12:00",2025,December,1,0,,0,1,0,"Southern Asia","Sickness / lack of access to adequate healthcare",Afghanistan,"Shiraz district, Fars province, Iran","IOM Afghanistan","29.5926119, 52.5835646","Afghanistan to Iran",,"Southern Asia",4
2025.MMP2219,2025.MMP2219,"Southern Asia","Mon, 12/01/2025 - 12:00",2025,December,1,0,,0,1,0,"Southern Asia","Sickness / lack of access to adequate healthcare",Afghanistan,"Yazd district, Yazd province, Iran","IOM Afghanistan","31.8974232, 54.3568562","Afghanistan to Iran",,"Southern Asia",4
2025.MMP2220,2025.MMP2220,"Southern Asia","Mon, 12/01/2025 - 12:00",2025,December,1,0,,0,1,0,"Southern Asia","Vehicle accident / death linked to hazardous transport",Afghanistan,"Kerman district, Kerman province, Iran","IOM Afghanistan","30.2839379, 57.0833628","Afghanistan to Iran",,"Southern Asia",4
2025.MMP2221,2025.MMP2221,"Southern Asia","Mon, 12/01/2025 - 12:00",2025,December,1,0,,0,1,0,"Southern Asia","Vehicle accident / death linked to hazardous transport",Afghanistan,"Saravan district, Sistan_and_Baluchestan province, Iran","IOM Afghanistan","27.3688908, 62.3385305","Afghanistan to Iran",,"Southern Asia",4
2025.MMP2222,2025.MMP2222,"Southern Asia","Mon, 12/01/2025 - 12:00",2025,December,1,0,,0,1,0,"Southern Asia","Mixed or unknown",Afghanistan,"Saravan district, Sistan_and_Baluchestan province, Iran","IOM Afghanistan","27.3688908, 62.3385305","Afghanistan to Iran",,"Southern Asia",4
2025.MMP2223,2025.MMP2223,"Southern Asia","Tue, 12/02/2025 - 12:00",2025,December,1,0,,0,1,0,"Southern Asia",Violence,Afghanistan,"Kahnuj district, Kerman province, Iran","IOM Afghanistan","27.9407704, 57.6995447","Afghanistan to Iran",,"Southern Asia",4
2025.MMP2224,2025.MMP2224,"Southern Asia","Tue, 12/02/2025 - 12:00",2025,December,1,0,,0,1,0,"Southern Asia","Sickness / lack of access to adequate healthcare",Afghanistan,"Shiraz district, Fars province, Iran","IOM Afghanistan","29.5926119, 52.5835646","Afghanistan to Iran",,"Southern Asia",4
2025.MMP2225,2025.MMP2225,"Southern Asia","Tue, 12/02/2025 - 12:00",2025,December,1,0,,0,1,0,"Southern Asia","Vehicle accident / death linked to hazardous transport",Afghanistan,"Urmia district, West_Azerbaijan province, Iran","IOM Afghanistan","37.5498061, 45.0786282","Iran to Türkiye",,"Southern Asia",4
2025.MMP2226,2025.MMP2226,"Southern Asia","Tue, 12/02/2025 - 12:00",2025,December,1,0,,0,1,0,"Southern Asia","Vehicle accident / death linked to hazardous transport",Afghanistan,"Urmia district, West_Azerbaijan province, Iran","IOM Afghanistan","37.5498061, 45.0786282","Iran to Türkiye",,"Southern Asia",4
2025.MMP2227,2025.MMP2227,"Southern Asia","Tue, 12/02/2025 - 12:00",2025,December,1,0,,0,1,0,"Southern Asia","Vehicle accident / death linked to hazardous transport",Afghanistan,"Urmia district, West_Azerbaijan province, Iran","IOM Afghanistan","37.5498061, 45.0786282","Iran to Türkiye",,"Southern Asia",4
2025.MMP2228,2025.MMP2228,"Southern Asia","Wed, 12/03/2025 - 12:00",2025,December,1,0,,0,1,0,"Southern Asia","Mixed or unknown",Afghanistan,"Sirjan district, Kerman province, Iran","IOM Afghanistan","29.4457241, 55.6809021","Afghanistan to Iran",,"Southern Asia",4
2025.MMP2229,2025.MMP2229,"Southern Asia","Wed, 12/03/2025 - 12:00",2025,December,1,0,,0,1,0,"Southern Asia","Vehicle accident / death linked to hazardous transport",Afghanistan,"Iranshahr district, Sistan_and_Baluchestan province, Iran","IOM Afghanistan","27.2030006, 60.6853176","Afghanistan to Iran",,"Southern Asia",4
2025.MMP2230,2025.MMP2230,"Southern Asia","Thu, 12/04/2025 - 12:00",2025,December,1,0,,0,1,0,"Southern Asia",Violence,Afghanistan,"Saravan district, Sistan_and_Baluchestan province, Iran","IOM Afghanistan","27.3688908, 62.3385305","Afghanistan to Iran",,"Southern Asia",4
2025.MMP2231,2025.MMP2231,"Southern Asia","Thu, 12/04/2025 - 12:00",2025,December,1,0,,0,1,0,"Southern Asia",Violence,Afghanistan,"Saravan district, Sistan_and_Baluchestan province, Iran","IOM Afghanistan","27.3688908, 62.3385305","Afghanistan to Iran",,"Southern Asia",4
2025.MMP2232,2025.MMP2232,"Southern Asia","Thu, 12/04/2025 - 12:00",2025,December,1,0,,0,1,1,"Southern Asia",Violence,Afghanistan,"Saravan district, Sistan_and_Baluchestan province, Iran","IOM Afghanistan","27.3688908, 62.3385305","Afghanistan to Iran",,"Southern Asia",4
2025.MMP2233,2025.MMP2233,"Southern Asia","Fri, 12/05/2025 - 12:00",2025,December,1,0,,0,1,0,"Southern Asia","Sickness / lack of access to adequate healthcare",Afghanistan,"Shiraz district, Fars province, Iran","IOM Afghanistan","29.5926119, 52.5835646","Afghanistan to Iran",,"Southern Asia",4
2025.MMP2234,2025.MMP2234,"Southern Asia","Sat, 12/06/2025 - 12:00",2025,December,1,0,,0,1,0,"Southern Asia","Vehicle accident / death linked to hazardous transport",Afghanistan,"Bandar-Abbas district, Hormozgan province, Iran","IOM Afghanistan","27.1962543, 56.2883647","Afghanistan to Iran",,"Southern Asia",4
2025.MMP2235,2025.MMP2235,"Southern Asia","Sun, 12/07/2025 - 12:00",2025,December,1,0,,0,1,0,"Southern Asia",Violence,Afghanistan,"Saravan district, Sistan_and_Baluchestan province, Iran","IOM Afghanistan","27.3688908, 62.3385305","Afghanistan to Iran",,"Southern Asia",4
2025.MMP2236,2025.MMP2236,"Southern Asia","Sun, 12/07/2025 - 12:00",2025,December,1,0,,0,1,0,"Southern Asia","Vehicle accident / death linked to hazardous transport",Afghanistan,"Qeshm district, Hormozgan province, Iran","IOM Afghanistan","26.9546731, 56.2679749","Afghanistan to Iran",,"Southern Asia",4
2025.MMP2237,2025.MMP2237,"Southern Asia","Mon, 12/08/2025 - 12:00",2025,December,1,0,,0,1,0,"Southern Asia","Sickness / lack of access to adequate healthcare",Afghanistan,"Zahedan district, Sistan_and_Baluchestan province, Iran","IOM Afghanistan","29.4893049, 60.8639982","Afghanistan to Iran",,"Southern Asia",4
2025.MMP2238,2025.MMP2238,"Southern Asia","Mon, 12/08/2025 - 12:00",2025,December,1,0,,0,1,0,"Southern Asia","Vehicle accident / death linked to hazardous transport",Afghanistan,"Shiraz district, Fars province, Iran","IOM Afghanistan","29.5926119, 52.5835646","Afghanistan to Iran",,"Southern Asia",4
2025.MMP2239,2025.MMP2239,"Southern Asia","Mon, 12/08/2025 - 12:00",2025,December,1,0,,0,1,0,"Southern Asia",Violence,Afghanistan,"Saravan district, Sistan_and_Baluchestan province, Iran","IOM Afghanistan","27.3688908, 62.3385305","Afghanistan to Iran",,"Southern Asia",4
2025.MMP2240,2025.MMP2240,"Southern Asia","Mon, 12/08/2025 - 12:00",2025,December,1,0,,0,1,1,"Southern Asia","Vehicle accident / death linked to hazardous transport",Afghanistan,"Bandar-Abbas district, Hormozgan province, Iran","IOM Afghanistan","27.1962543, 56.2883647","Afghanistan to Iran",,"Southern Asia",4
2025.MMP2241,2025.MMP2241,"Southern Asia","Mon, 12/08/2025 - 12:00",2025,December,1,0,,0,1,0,"Southern Asia","Vehicle accident / death linked to hazardous transport",Afghanistan,"Bandar-Abbas district, Hormozgan province, Iran","IOM Afghanistan","27.1962543, 56.2883647","Afghanistan to Iran",,"Southern Asia",4
2025.MMP2242,2025.MMP2242,"Southern Asia","Tue, 12/09/2025 - 12:00",2025,December,1,0,,0,1,0,"Southern Asia",Violence,Afghanistan,"Saravan district, Sistan_and_Baluchestan province, Iran","IOM Afghanistan","27.3688908, 62.3385305","Afghanistan to Iran",,"Southern Asia",4
2025.MMP2243,2025.MMP2243,"Southern Asia","Tue, 12/09/2025 - 12:00",2025,December,1,0,,0,1,0,"Southern Asia",Violence,Afghanistan,"Saravan district, Sistan_and_Baluchestan province, Iran","IOM Afghanistan","27.3688908, 62.3385305","Afghanistan to Iran",,"Southern Asia",4
2025.MMP2244,2025.MMP2244,"Southern Asia","Tue, 12/09/2025 - 12:00",2025,December,1,0,,0,1,0,"Southern Asia","Mixed or unknown",Afghanistan,"Tehran district, Tehran province, Iran","IOM Afghanistan","35.7218583, 51.3346954","Afghanistan to Iran",,"Southern Asia",4
2025.MMP2245,2025.MMP2245,"Southern Asia","Tue, 12/09/2025 - 12:00",2025,December,1,0,,0,1,0,"Southern Asia","Vehicle accident / death linked to hazardous transport",Afghanistan,"Shiraz district, Fars province, Iran","IOM Afghanistan","29.5926119, 52.5835646","Afghanistan to Iran",,"Southern Asia",4
2025.MMP2246,2025.MMP2246,"Southern Asia","Tue, 12/09/2025 - 12:00",2025,December,1,0,,0,1,0,"Southern Asia","Sickness / lack of access to adequate healthcare",Afghanistan,"Shiraz district, Fars province, Iran","IOM Afghanistan","29.5926119, 52.5835646","Afghanistan to Iran",,"Southern Asia",4
2025.MMP2247,2025.MMP2247,"Southern Asia","Tue, 12/09/2025 - 12:00",2025,December,1,0,,0,1,0,"Southern Asia",Violence,Afghanistan,"Maku district, West_Azerbaijan province, Iran","IOM Afghanistan","39.2916244, 44.4646533","Iran to Türkiye",,"Southern Asia",4
2025.MMP2248,2025.MMP2248,"Southern Asia","Wed, 12/10/2025 - 12:00",2025,December,1,0,,0,1,1,"Southern Asia",Violence,Afghanistan,"Saravan district, Sistan_and_Baluchestan province, Iran","IOM Afghanistan","27.3688908, 62.3385305","Afghanistan to Iran",,"Southern Asia",4
2025.MMP2249,2025.MMP2249,"Southern Asia","Wed, 12/10/2025 - 12:00",2025,December,1,0,,0,1,0,"Southern Asia","Sickness / lack of access to adequate healthcare",Afghanistan,"Tehran district, Tehran province, Iran","IOM Afghanistan","35.7218583, 51.3346954","Afghanistan to Iran",,"Southern Asia",4
2025.MMP2250,2025.MMP2250,"Southern Asia","Wed, 12/10/2025 - 12:00",2025,December,1,0,,0,1,0,"Southern Asia","Vehicle accident / death linked to hazardous transport",Afghanistan,"Iranshahr district, Sistan_and_Baluchestan province, Iran","IOM Afghanistan","27.2030006, 60.6853176","Afghanistan to Iran",,"Southern Asia",4
2025.MMP2251,2025.MMP2251,"Southern Asia","Wed, 12/10/2025 - 12:00",2025,December,1,0,,0,1,0,"Southern Asia","Vehicle accident / death linked to hazardous transport",Afghanistan,"Iranshahr district, Sistan_and_Baluchestan province, Iran","IOM Afghanistan","27.2030006, 60.6853176","Afghanistan to Iran",,"Southern Asia",4
2025.MMP2252,2025.MMP2252,"Southern Asia","Wed, 12/10/2025 - 12:00",2025,December,1,0,,0,1,0,"Southern Asia","Vehicle accident / death linked to hazardous transport",Afghanistan,"Iranshahr district, Sistan_and_Baluchestan province, Iran","IOM Afghanistan","27.2030006, 60.6853176","Afghanistan to Iran",,"Southern Asia",4
2025.MMP2253,2025.MMP2253,"Southern Asia","Wed, 12/10/2025 - 12:00",2025,December,1,0,,0,1,0,"Southern Asia","Vehicle accident / death linked to hazardous transport",Afghanistan,"Iranshahr district, Sistan_and_Baluchestan province, Iran","IOM Afghanistan","27.2030006, 60.6853176","Afghanistan to Iran",,"Southern Asia",4
2025.MMP2254,2025.MMP2254,"Southern Asia","Wed, 12/10/2025 - 12:00",2025,December,1,0,,1,0,0,"Southern Asia","Vehicle accident / death linked to hazardous transport",Afghanistan,"Iranshahr district, Sistan_and_Baluchestan province, Iran","IOM Afghanistan","27.2030006, 60.6853176","Afghanistan to Iran",,"Southern Asia",4
2025.MMP2255,2025.MMP2255,"Southern Asia","Wed, 12/10/2025 - 12:00",2025,December,1,0,,1,0,0,"Southern Asia","Vehicle accident / death linked to hazardous transport",Afghanistan,"Iranshahr district, Sistan_and_Baluchestan province, Iran","IOM Afghanistan","27.2030006, 60.6853176","Afghanistan to Iran",,"Southern Asia",4
2025.MMP2256,2025.MMP2256,"Southern Asia","Wed, 12/10/2025 - 12:00",2025,December,1,0,,0,1,0,"Southern Asia","Vehicle accident / death linked to hazardous transport",Afghanistan,"Iranshahr district, Sistan_and_Baluchestan province, Iran","IOM Afghanistan","27.2030006, 60.6853176","Afghanistan to Iran",,"Southern Asia",4
2025.MMP2257,2025.MMP2257,"Southern Asia","Wed, 12/10/2025 - 12:00",2025,December,1,0,,1,0,1,"Southern Asia","Vehicle accident / death linked to hazardous transport",Afghanistan,"Iranshahr district, Sistan_and_Baluchestan province, Iran","IOM Afghanistan","27.2030006, 60.6853176","Afghanistan to Iran",,"Southern Asia",4
2025.MMP2258,2025.MMP2258,"Southern Asia","Wed, 12/10/2025 - 12:00",2025,December,1,0,,0,1,0,"Southern Asia","Vehicle accident / death linked to hazardous transport",Afghanistan,"Saravan district, Sistan_and_Baluchestan province, Iran","IOM Afghanistan","27.3688908, 62.3385305","Afghanistan to Iran",,"Southern Asia",4
2025.MMP2259,2025.MMP2259,"Southern Asia","Thu, 12/11/2025 - 12:00",2025,December,1,0,,0,1,0,"Southern Asia","Sickness / lack of access to adequate healthcare",Afghanistan,"Yazd district, Yazd province, Iran","IOM Afghanistan","31.8974232, 54.3568562","Afghanistan to Iran",,"Southern Asia",4
2025.MMP2260,2025.MMP2260,"Southern Asia","Fri, 12/12/2025 - 12:00",2025,December,1,0,,0,1,1,"Southern Asia","Mixed or unknown",Afghanistan,"Saravan district, Sistan_and_Baluchestan province, Iran","IOM Afghanistan","27.3688908, 62.3385305","Afghanistan to Iran",,"Southern Asia",4
2025.MMP2261,2025.MMP2261,"Southern Asia","Fri, 12/12/2025 - 12:00",2025,December,1,0,,0,1,1,"Southern Asia",Violence,Afghanistan,"Urmia district, West_Azerbaijan province, Iran","IOM Afghanistan","37.5498061, 45.0786282","Iran to Türkiye",,"Southern Asia",4
2025.MMP2262,2025.MMP2262,"Southern Asia","Fri, 12/12/2025 - 12:00",2025,December,1,0,,0,1,0,"Southern Asia","Vehicle accident / death linked to hazardous transport",Afghanistan,"Bandar-Abbas district, Hormozgan province, Iran","IOM Afghanistan","27.1962543, 56.2883647","Afghanistan to Iran",,"Southern Asia",4
2025.MMP2263,2025.MMP2263,"Southern Asia","Sat, 12/13/2025 - 12:00",2025,December,1,0,,0,1,0,"Southern Asia",Violence,Afghanistan,"Kerman district, Kerman province, Iran","IOM Afghanistan","30.2839379, 57.0833628","Afghanistan to Iran",,"Southern Asia",4
2025.MMP2264,2025.MMP2264,"Southern Asia","Sat, 12/13/2025 - 12:00",2025,December,1,0,,0,1,1,"Southern Asia",Violence,Afghanistan,"Urmia district, West_Azerbaijan province, Iran","IOM Afghanistan","37.5498061, 45.0786282","Iran to Türkiye",,"Southern Asia",4
2025.MMP2265,2025.MMP2265,"Southern Asia","Sat, 12/13/2025 - 12:00",2025,December,1,0,,0,1,0,"Southern Asia",Violence,Afghanistan,"Urmia district, West_Azerbaijan province, Iran","IOM Afghanistan","37.5498061, 45.0786282","Iran to Türkiye",,"Southern Asia",4
2025.MMP2266,2025.MMP2266,"Southern Asia","Sat, 12/13/2025 - 12:00",2025,December,1,0,,0,1,0,"Southern Asia",Violence,Afghanistan,"Urmia district, West_Azerbaijan province, Iran","IOM Afghanistan","37.5498061, 45.0786282","Iran to Türkiye",,"Southern Asia",4
2025.MMP2267,2025.MMP2267,"Southern Asia","Sat, 12/13/2025 - 12:00",2025,December,1,0,,0,1,0,"Southern Asia",Violence,Afghanistan,"Urmia district, West_Azerbaijan province, Iran","IOM Afghanistan","37.5498061, 45.0786282","Iran to Türkiye",,"Southern Asia",4
2025.MMP2268,2025.MMP2268,"Southern Asia","Sat, 12/13/2025 - 12:00",2025,December,1,0,,0,1,0,"Southern Asia","Harsh environmental conditions / lack of adequate shelter, food, water",Afghanistan,"Chaldoran district, West_Azerbaijan province, Iran","IOM Afghanistan","39.0656085, 44.3814745","Iran to Türkiye",,"Southern Asia",4
2025.MMP2269,2025.MMP2269,"Southern Asia","Sat, 12/13/2025 - 12:00",2025,December,1,0,,0,1,0,"Southern Asia",Violence,Afghanistan,"Saravan district, Sistan_and_Baluchestan province, Iran","IOM Afghanistan","27.3688908, 62.3385305","Afghanistan to Iran",,"Southern Asia",4
2025.MMP2270,2025.MMP2270,"Southern Asia","Sun, 12/14/2025 - 12:00",2025,December,1,0,,0,1,0,"Southern Asia","Sickness / lack of access to adequate healthcare",Afghanistan,"Bandar-Abbas district, Hormozgan province, Iran","IOM Afghanistan","27.1962543, 56.2883647","Afghanistan to Iran",,"Southern Asia",4
2025.MMP2271,2025.MMP2271,"Southern Asia","Sun, 12/14/2025 - 12:00",2025,December,1,0,,0,1,1,"Southern Asia","Mixed or unknown",Afghanistan,"Shiraz district, Fars province, Iran","IOM Afghanistan","29.5926119, 52.5835646","Afghanistan to Iran",,"Southern Asia",4
2025.MMP2272,2025.MMP2272,"Southern Asia","Mon, 12/15/2025 - 12:00",2025,December,1,0,,0,1,0,"Southern Asia","Vehicle accident / death linked to hazardous transport",Afghanistan,"Yazd district, Yazd province, Iran","IOM Afghanistan","31.8974232, 54.3568562","Afghanistan to Iran",,"Southern Asia",4
2025.MMP2273,2025.MMP2273,"Southern Asia","Mon, 12/15/2025 - 12:00",2025,December,1,0,,0,1,0,"Southern Asia",Violence,Afghanistan,"Saravan district, Sistan_and_Baluchestan province, Iran","IOM Afghanistan","27.3688908, 62.3385305","Afghanistan to Iran",,"Southern Asia",4
2025.MMP2274,2025.MMP2274,"Southern Asia","Mon, 12/15/2025 - 12:00",2025,December,1,0,,0,1,0,"Southern Asia","Vehicle accident / death linked to hazardous transport",Afghanistan,"Kashan district, Esfahan province, Iran","IOM Afghanistan","33.9910347, 51.4235414","Afghanistan to Iran",,"Southern Asia",4
2025.MMP2275,2025.MMP2275,"Southern Asia","Mon, 12/15/2025 - 12:00",2025,December,1,0,,0,1,1,"Southern Asia","Harsh environmental conditions / lack of adequate shelter, food, water",Afghanistan,"Urmia district, West_Azerbaijan province, Iran","IOM Afghanistan","37.5498061, 45.0786282","Iran to Türkiye",,"Southern Asia",4
2025.MMP2276,2025.MMP2276,"Southern Asia","Tue, 12/16/2025 - 12:00",2025,December,1,0,,0,1,0,"Southern Asia","Sickness / lack of access to adequate healthcare",Afghanistan,"Saravan district, Sistan_and_Baluchestan province, Iran","IOM Afghanistan","27.3688908, 62.3385305","Afghanistan to Iran",,"Southern Asia",4
2025.MMP2277,2025.MMP2277,"Southern Asia","Tue, 12/16/2025 - 12:00",2025,December,1,0,,0,1,0,"Southern Asia","Mixed or unknown",Afghanistan,"Bafq district, Yazd province, Iran","IOM Afghanistan","31.6050242, 55.4052457","Afghanistan to Iran",,"Southern Asia",4
2025.MMP2278,2025.MMP2278,"Southern Asia","Tue, 12/16/2025 - 12:00",2025,December,1,0,,0,1,1,"Southern Asia","Sickness / lack of access to adequate healthcare",Afghanistan,"Zahedan district, Sistan_and_Baluchestan province, Iran","IOM Afghanistan","29.4893049, 60.8639982","Afghanistan to Iran",,"Southern Asia",4
2025.MMP2279,2025.MMP2279,"Southern Asia","Wed, 12/17/2025 - 12:00",2025,December,1,0,,0,1,1,"Southern Asia","Sickness / lack of access to adequate healthcare",Afghanistan,"Ahvaz district, Khuzestan province, Iran","IOM Afghanistan","31.3183272, 48.6706187","Afghanistan to Iran",,"Southern Asia",4
2025.MMP2280,2025.MMP2280,"Southern Asia","Wed, 12/17/2025 - 12:00",2025,December,1,0,,0,1,0,"Southern Asia","Vehicle accident / death linked to hazardous transport",Afghanistan,"Isfahan district, Esfahan province, Iran","IOM Afghanistan","32.6538966, 51.6659656","Afghanistan to Iran",,"Southern Asia",4
2025.MMP2281,2025.MMP2281,"Southern Asia","Thu, 12/18/2025 - 12:00",2025,December,1,0,,0,1,0,"Southern Asia","Sickness / lack of access to adequate healthcare",Afghanistan,"Shiraz district, Fars province, Iran","IOM Afghanistan","29.5926119, 52.5835646","Afghanistan to Iran",,"Southern Asia",4
2025.MMP2282,2025.MMP2282,"Southern Asia","Thu, 12/18/2025 - 12:00",2025,December,1,0,,0,1,0,"Southern Asia","Vehicle accident / death linked to hazardous transport",Afghanistan,"Saravan district, Sistan_and_Baluchestan province, Iran","IOM Afghanistan","27.3688908, 62.3385305","Afghanistan to Iran",,"Southern Asia",4
2025.MMP2283,2025.MMP2283,"Southern Asia","Fri, 12/19/2025 - 12:00",2025,December,1,0,,0,1,0,"Southern Asia",Violence,Afghanistan,"Saravan district, Sistan_and_Baluchestan province, Iran","IOM Afghanistan","27.3688908, 62.3385305","Afghanistan to Iran",,"Southern Asia",4
2025.MMP2284,2025.MMP2284,"Southern Asia","Fri, 12/19/2025 - 12:00",2025,December,1,0,,0,1,0,"Southern Asia",Violence,Afghanistan,"Saravan district, Sistan_and_Baluchestan province, Iran","IOM Afghanistan","27.3688908, 62.3385305","Afghanistan to Iran",,"Southern Asia",4
2025.MMP2285,2025.MMP2285,"Southern Asia","Fri, 12/19/2025 - 12:00",2025,December,1,0,,0,1,0,"Southern Asia",Violence,Afghanistan,"Saravan district, Sistan_and_Baluchestan province, Iran","IOM Afghanistan","27.3688908, 62.3385305","Afghanistan to Iran",,"Southern Asia",4
2025.MMP2286,2025.MMP2286,"Southern Asia","Sat, 12/20/2025 - 12:00",2025,December,1,0,,1,0,0,"Southern Asia","Sickness / lack of access to adequate healthcare",Afghanistan,"Kerman district, Kerman province, Iran","IOM Afghanistan","30.2839379, 57.0833628","Afghanistan to Iran",,"Southern Asia",4
2025.MMP2287,2025.MMP2287,"Southern Asia","Sat, 12/20/2025 - 12:00",2025,December,1,0,,0,1,0,"Southern Asia","Mixed or unknown",Afghanistan,"Shiraz district, Fars province, Iran","IOM Afghanistan","29.5926119, 52.5835646","Afghanistan to Iran",,"Southern Asia",4
2025.MMP2288,2025.MMP2288,"Southern Asia","Sat, 12/20/2025 - 12:00",2025,December,1,0,,0,1,0,"Southern Asia","Vehicle accident / death linked to hazardous transport",Afghanistan,"Chabahar district, Sistan_and_Baluchestan province, Iran","IOM Afghanistan","25.2927156, 60.6496102","Afghanistan to Iran",,"Southern Asia",4
2025.MMP2289,2025.MMP2289,"Southern Asia","Sun, 12/21/2025 - 12:00",2025,December,1,0,,0,1,0,"Southern Asia","Vehicle accident / death linked to hazardous transport",Afghanistan,"Shiraz district, Fars province, Iran","IOM Afghanistan","29.5926119, 52.5835646","Afghanistan to Iran",,"Southern Asia",4
2025.MMP2290,2025.MMP2290,"Southern Asia","Sun, 12/21/2025 - 12:00",2025,December,1,0,,1,0,0,"Southern Asia","Sickness / lack of access to adequate healthcare",Afghanistan,"Rafsanjan district, Kerman province, Iran","IOM Afghanistan","30.4038989, 55.9863294","Afghanistan to Iran",,"Southern Asia",4
2025.MMP2291,2025.MMP2291,"Southern Asia","Tue, 12/23/2025 - 12:00",2025,December,1,0,,0,1,0,"Southern Asia","Sickness / lack of access to adequate healthcare",Afghanistan,"Larestan district, Fars province, Iran","IOM Afghanistan","27.809713, 54.3467152","Afghanistan to Iran",,"Southern Asia",4
2025.MMP2292,2025.MMP2292,"Southern Asia","Tue, 12/23/2025 - 12:00",2025,December,1,0,,0,1,0,"Southern Asia","Vehicle accident / death linked to hazardous transport",Afghanistan,"Khash district, Sistan_and_Baluchestan province, Iran","IOM Afghanistan","28.2200233, 61.2114862","Afghanistan to Iran",,"Southern Asia",4
2025.MMP2293,2025.MMP2293,"Southern Asia","Wed, 12/24/2025 - 12:00",2025,December,1,0,,0,1,1,"Southern Asia","Vehicle accident / death linked to hazardous transport",Afghanistan,"Isfahan district, Esfahan province, Iran","IOM Afghanistan","32.6538966, 51.6659656","Afghanistan to Iran",,"Southern Asia",4
2025.MMP2294,2025.MMP2294,"Southern Asia","Thu, 12/25/2025 - 12:00",2025,December,1,0,,0,1,0,"Southern Asia","Sickness / lack of access to adequate healthcare",Afghanistan,"Yazd district, Yazd province, Iran","IOM Afghanistan","31.8974232, 54.3568562","Afghanistan to Iran",,"Southern Asia",4
2025.MMP2295,2025.MMP2295,"Southern Asia","Sat, 12/27/2025 - 12:00",2025,December,1,0,,0,1,0,"Southern Asia","Mixed or unknown",Afghanistan,"Shiraz district, Fars province, Iran","IOM Afghanistan","29.5926119, 52.5835646","Afghanistan to Iran",,"Southern Asia",4
2025.MMP2296,2025.MMP2296,"Southern Asia","Sun, 12/28/2025 - 12:00",2025,December,1,0,,0,1,0,"Southern Asia","Vehicle accident / death linked to hazardous transport",Afghanistan,"Mehriz district, Yazd province, Iran","IOM Afghanistan","31.5778137, 54.4451578","Afghanistan to Iran",,"Southern Asia",4
2025.MMP2297,2025.MMP2297,"Southern Asia","Sun, 12/28/2025 - 12:00",2025,December,1,0,,0,1,0,"Southern Asia","Sickness / lack of access to adequate healthcare",Afghanistan,"Shiraz district, Fars province, Iran","IOM Afghanistan","29.5926119, 52.5835646","Afghanistan to Iran",,"Southern Asia",4
2025.MMP2298,2025.MMP2298,Mediterranean,"Sat, 12/20/2025 - 12:00",2025,December,1,0,,,,,Unknown,"Mixed or unknown",Unknown,"Remains recovered at Al Hamamah, Libya","Libyan Red Crescent via Facebook","32.92480628, 21.62735935","Central Mediterranean",https://perma.cc/2ZB2-HDQC?type=standard,Uncategorized,4
2025.MMP2299,2025.MMP2299,"South-eastern Asia","Mon, 06/23/2025 - 12:00",2025,June,2,0,,,,,"South-eastern Asia","Mixed or unknown",Cambodia,"Khlong Luek-Poi Poet Border Checkpoint on Thai side, Aranyaprathet district, Sa Kaeo province, Thailand","Centre for Alliance of Labour and Human Rights (CENTRAL), Kiripost, RFI Khmer","13.66227931, 102.5484629",,"https://perma.cc/AZB7-BCJR, https://perma.cc/N7NY-P8NK","South-eastern Asia",4
2025.MMP2300,2025.MMP2300,"North America","Thu, 12/11/2025 - 12:00",2025,December,1,0,,,1,,"Central America",Violence,Mexico,"5.66 miles west of the Rio Grande City Port of Entry in Rio Grande City, Starr County, Texas, United States of America","US Customs and Border Protection, El Congresista, Diario Libre","26.35377824, -98.79334668","US-Mexico border crossing","https://perma.cc/H975-RVKH, https://perma.cc/3B35-9AAR, https://perma.cc/U9LU-W77P","Northern America",5
2025.MMP2301,2025.MMP2301,Caribbean,"Thu, 12/18/2025 - 12:00",2025,December,2,0,4,1,1,,Caribbean,Drowning,Jamaica,"Unspecified location between Pilon, Granma Province, Cuba and Jamaica","Periodico Cubano, Cubita Now, Asere","19.81875733, -77.30670481",,"https://perma.cc/N6CZ-YW3E, https://perma.cc/W8B8-SY94, https://perma.cc/W8B8-SY94",Caribbean,3
2025.MMP2302,2025.MMP2302,"Central America","Fri, 12/26/2025 - 12:00",2025,December,1,0,,,1,,"Central America","Mixed or unknown",Nicaragua,"Guacimal River, close to the Panamerican Highway, Chomes, Puntarenas, Costa Rica","Articulo 66","10.1036691, -84.8743745",,https://perma.cc/FJ3Q-J4SK,"Central America",1
2025.MMP2303,2025.MMP2303,"Central America","Sat, 12/27/2025 - 12:00",2025,December,1,0,34,,1,,"South America",Drowning,"Venezuela (Bolivarian Republic of)","Off Chocosano, Santa Isabel, Provincia de Colon, Panama","Servicio Nacional Aeronaval de Panamá, Critica Panama, Destino Panama","9.553125111, -79.24973231",,"https://perma.cc/BEX6-LHWA, https://perma.cc/T2JY-KV94, https://perma.cc/BP9U-ZZBH","Central America",5
2025.MMP2304,2025.MMP23042393,Mediterranean,"Mon, 09/01/2025 - 12:00",2025,September,1,0,51,,1,,"Southern Asia","Vehicle accident / death linked to hazardous transport",Bangladesh,"Unspecified location off Lampedusa, Italy","InfoMigrants, Deshrupantor","35.49424679, 12.60062149","Central Mediterranean","https://perma.cc/55DW-J6NL, https://www.deshrupantor.com/619508/%E0%A6%AD%E0%A7%82%E0%A6%AE%E0%A6%A7%E0%A7%8D%E0%A6%AF%E0%A6%B8%E0%A6%BE%E0%A6%97%E0%A6%B0-%E0%A6%AA%E0%A6%BE%E0%A7%9C%E0%A6%BF-%E0%A6%A6%E0%A6%BF%E0%A6%A4%E0%A7%87-%E0%A6%97%E0%A6%BF%E0%A7%9F%E0%A7%87-%E0%A6%AC%E0%A6%BE%E0%A6%82%E0%A6%B2%E0%A6%BE%E0%A6%A6%E0%A7%87%E0%A6%B6%E0%A6%BF%E0%A6%B0-%E0%A6%AE%E0%A7%83%E0%A6%A4%E0%A7%8D%E0%A6%AF%E0%A7%81",Uncategorized,3
2025.MMP2304,2025.MMP23042394,Mediterranean,"Mon, 09/01/2025 - 12:00",2025,September,,1,,,,,Unknown,Drowning,Unknown,"Unspecified location off Lampedusa, Italy","InfoMigrants, Deshrupantor","35.49424679, 12.60062149","Central Mediterranean","https://perma.cc/55DW-J6NL, https://www.deshrupantor.com/619508/%E0%A6%AD%E0%A7%82%E0%A6%AE%E0%A6%A7%E0%A7%8D%E0%A6%AF%E0%A6%B8%E0%A6%BE%E0%A6%97%E0%A6%B0-%E0%A6%AA%E0%A6%BE%E0%A7%9C%E0%A6%BF-%E0%A6%A6%E0%A6%BF%E0%A6%A4%E0%A7%87-%E0%A6%97%E0%A6%BF%E0%A7%9F%E0%A7%87-%E0%A6%AC%E0%A6%BE%E0%A6%82%E0%A6%B2%E0%A6%BE%E0%A6%A6%E0%A7%87%E0%A6%B6%E0%A6%BF%E0%A6%B0-%E0%A6%AE%E0%A7%83%E0%A6%A4%E0%A7%8D%E0%A6%AF%E0%A7%81",Uncategorized,3
2025.MMP2305,2025.MMP2305,"Western Asia","Sat, 10/11/2025 - 12:00",2025,October,1,0,,,1,,"Eastern Africa","Sickness / lack of access to adequate healthcare",Ethiopia,"Arqah, Rudum district of Shabwah governorate, Yemen - boat departed from Djibouti - EHOA-Yemen crossing","IOM Yemen","13.5908126, 47.35959796","Eastern Route to/from EHOA",,Uncategorized,4
2025.MMP2306,2025.MMP2306,"Western Asia","Thu, 10/16/2025 - 12:00",2025,October,1,0,,,1,,"Eastern Africa","Sickness / lack of access to adequate healthcare",Ethiopia,"Al-Arah hospital in Al Madaribah, Al Arah district, Yemen","IOM Yemen","12.81647078, 43.82520042","Eastern Route to/from EHOA",,"Western Asia",4
2025.MMP2307,2025.MMP2307,"Western Asia","Mon, 11/10/2025 - 12:00",2025,November,10,0,,,10,,"Eastern Africa",Violence,Ethiopia,"Wadey Aalebrek area, Ahwar district, Abyan governorate, Yemen - boat departed from Djibouti- EHOA-Yemen crossing","IOM Yemen","13.51313938, 46.93882922","Eastern Route to/from EHOA",,Uncategorized,4
2025.MMP2308,2025.MMP2308,"Western Asia","Thu, 11/13/2025 - 12:00",2025,November,1,0,,,,,"Eastern Africa (P)",Drowning,Unknown,"Bodies washed ashore at Al-Suwaida area, Dhubab district, Taiz governorate, Yemen- EHOA-Yemen crossing","IOM Yemen","12.94105502, 43.40844158","Eastern Route to/from EHOA",,Uncategorized,4
2025.MMP2309,2025.MMP2309,"Western Asia","Sat, 11/22/2025 - 12:00",2025,November,1,0,,,,,"Eastern Africa","Vehicle accident / death linked to hazardous transport",Ethiopia,"Along Al-Wahat —Toor Al-Baha road, Lahij district, Yemen","IOM Yemen","13.02400543, 44.4752201","Eastern Route to/from EHOA",,"Western Asia",4
2025.MMP2310,2025.MMP2310,"Northern Africa","Thu, 10/09/2025 - 12:00",2025,October,1,0,,,1,,"Western Africa","Vehicle accident / death linked to hazardous transport",Niger,"Karzazah, Misrata, Libya","IOM Libya Displacement Tracking Matrix","32.30828674, 15.18374635",,,"Northern Africa",2
2025.MMP2311,2025.MMP2311,"Northern Africa","Wed, 10/22/2025 - 12:00",2025,October,1,0,,,1,,Unknown,"Vehicle accident / death linked to hazardous transport",Unknown,"Gas station in Traghan, Murzuq District, Libya","IOM Libya Displacement Tracking Matrix","25.93830947, 14.4255507","Sahara Desert crossing",,"Northern Africa",2
2025.MMP2312,2025.MMP2312,"Northern Africa","Wed, 11/12/2025 - 12:00",2025,November,2,0,11,,,,Unknown,"Vehicle accident / death linked to hazardous transport",Unknown,"KM25 on Brak-Ash Shwayrif Road, Wadi al Shatii District, Libya","IOM Libya Displacement Tracking Matrix","27.78350129, 14.3081577","Sahara Desert crossing",https://perma.cc/3HKE-FZGQ?type=standard,"Northern Africa",1
2025.MMP2313,2025.MMP2313,"Northern Africa","Sun, 11/16/2025 - 12:00",2025,November,2,0,,,2,,Unknown,Violence,Unknown,"Qasr Ahmed, Misrata, Libya","IOM Libya Displacement Tracking Matrix","32.35886056, 15.20608409",,,"Northern Africa",5
2025.MMP2314,2025.MMP2314,"Northern Africa","Mon, 11/17/2025 - 12:00",2025,November,,1,32,,,,"Northern Africa","Vehicle accident / death linked to hazardous transport",Sudan,"30KM South of Rebyana, Al-Kufra, Libya","IOM Libya Displacement Tracking Matrix","23.98011678, 21.85689772","Sahara Desert crossing",,"Northern Africa",5
2025.MMP2315,2025.MMP2315,"Northern Africa","Tue, 11/18/2025 - 12:00",2025,November,1,0,,,1,,"Northern Africa",Violence,Sudan,"Al-Jawf, Al-Kufra, Libya","IOM Libya Displacement Tracking Matrix","24.2095479, 23.29055707","Sahara Desert crossing",,"Northern Africa",4
2025.MMP2316,2025.MMP2316,"Northern Africa","Sat, 11/29/2025 - 12:00",2025,November,1,0,,,1,,"Sub-Saharan Africa (P)","Mixed or unknown",Unknown,"The Tunis Company, Ghadamis, Nalut District, Libya","IOM Libya Displacement Tracking Matrix","30.10543507, 9.499784941","Sahara Desert crossing",https://perma.cc/C76V-2ZS8?type=standard,"Northern Africa",5
2025.MMP2317,2025.MMP2317,"Northern Africa","Sat, 12/13/2025 - 12:00",2025,December,1,0,73,,,,"Sub-Saharan Africa","Vehicle accident / death linked to hazardous transport",Unknown,"Rebyana, Al-Kufra, Libya","IOM Libya Displacement Tracking Matrix","24.3885624, 21.95339634","Sahara Desert crossing",,"Northern Africa",4
2025.MMP2318,2025.MMP2318,"Northern Africa","Fri, 12/12/2025 - 12:00",2025,December,1,0,,,1,,"Sub-Saharan Africa","Vehicle accident / death linked to hazardous transport",Unknown,"Abu Rwaiya, Misrata, Libya","IOM Libya Displacement Tracking Matrix","32.39883839, 14.95659814",,,"Northern Africa",5
2025.MMP2319,2025.MMP2319,"Central America","Sun, 02/09/2025 - 12:00",2025,February,1,0,,,1,,"Southern Asia","Sickness / lack of access to adequate healthcare",India,"Unknown location in Guatemala","NDTV, The Tribune India, Rediff","14.05244523, -90.346186",,"https://perma.cc/D3T8-4JHT, https://perma.cc/83PU-RTKP, https://perma.cc/GUL3-WKPQ","Central America",3
2025.MMP2320,2025.MMP2320,"Central America","Mon, 03/31/2025 - 12:00",2025,March,2,0,,,2,,"Southern Asia",Violence,India,"Unknown location in Guatemala","The Indian Express, The Tribune India, The Hindu","14.03139724, -90.310686",,"https://perma.cc/X9X5-JR55, https://perma.cc/3Y4W-8RL3, https://perma.cc/L2FF-UMJ9","Central America",3
2025.MMP2321,2025.MMP2321,Europe,"Tue, 12/16/2025 - 12:00",2025,December,1,0,,1,,,"Southern Asia",Drowning,"Iran (Islamic Republic of)","Unspecifiedlocation in the Sava River, Bosnia and Herzegovina–Serbia border, recovered on the Bosnia and Herzegovina side","Asriran, Entekhab, Khabarfoori","44.91280837, 19.252093","Western Balkans","https://perma.cc/65YC-EEWU, https://perma.cc/4W9X-2W7E, https://perma.cc/H3MC-UX88","Southern Europe",3
2025.MMP2322,2025.MMP2322,Mediterranean,"Mon, 01/06/2025 - 12:00",2025,January,1,0,,,1,,"Southern Asia",Violence,Pakistan,"An unspecified location near the buffer zone in Potamia, Cyprus","Dawn, Phile News in Cyprus, InfoMigrants, Myk","35.0414535, 33.446216","Eastern Mediterranean","https://perma.cc/JJW6-C5BL, https://perma.cc/P4EU-NXV4, https://perma.cc/3D4N-TRHS, https://perma.cc/8CRW-KQ64",Uncategorized,3
2025.MMP2323,2025.MMP2323,Mediterranean,"Fri, 01/03/2025 - 12:00",2025,January,2,2,,,5,,"Northern Africa",Drowning,Algeria,"Unspecified location off Oran, Algeria - departure from Tlemcen on 1 Jan","Francisco Jose Clemente Martin, CIPIMD via Nuovi Desaparecidos","36.09163742, -1.75166826","Western Mediterranean","https://perma.cc/SMY2-ZSZV, https://perma.cc/AD37-XKVM, https:/perma.cc/2D5W-Y748",Uncategorized,4
2025.MMP2324,2025.MMP2324,Mediterranean,"Wed, 01/29/2025 - 12:00",2025,January,3,15,4,,,,"Northern Africa",Drowning,Algeria,"Unspecified location off Ténès, Algeria - departure from Mostaganem on 24 Jan","Francisco Jose Clemente Martin, CIPIMD via Nuovi Desaparecidos","37.31669945, 1.094796454","Western Mediterranean","https://perma.cc/Z36S-RZZ4, https://perma.cc/U27R-EEPT, https:/perma.cc/2D5W-Y748",Uncategorized,4
2025.MMP1660,2025.MMP16602417,"Northern Africa","Sun, 11/30/2025 - 12:00",2025,November,2,0,,,2,,"Western Africa","Harsh environmental conditions / lack of adequate shelter, food, water",Senegal,"30km south of El Hierro, Canary Islands, Spain - departure from Jinack, the Gambia on 21-22 November","IOM Spain, EFE","27.36737748, -17.98551888","Western Africa / Atlantic route to the Canary Islands",https://perma.cc/JJ4K-PQVE,Uncategorized,4
2025.MMP1661,2025.MMP16612418,"Northern Africa","Sun, 11/30/2025 - 12:00",2025,November,1,0,214,,1,,"Western Africa (P)",Drowning,Unknown,"Remains washed ashore at La Restinga, El Hierro, Canary Islands, Spain - departure from Barra, the Gambia 8 days before","IOM Spain, EFE","27.63922762, -17.98388702","Western Africa / Atlantic route to the Canary Islands",https://perma.cc/JJ4K-PQVE,Uncategorized,4
2025.MMP2327,2025.MMP2327,Mediterranean,"Sun, 03/30/2025 - 12:00",2025,March,1,0,36,,,,"Western Asia","Accidental death","Syrian Arab Republic","At the beach of Cala Mochuela, Cuevas del Almanzora, Almería, Spain","Francisco Jose Clemente Martin, El Mundo","37.3041611, -1.711980167","Western Mediterranean","https://perma.cc/6TCC-P73J, https://perma.cc/ZDF2-RUQN",Uncategorized,4
2025.MMP2328,2025.MMP2328,Mediterranean,"Sun, 05/25/2025 - 12:00",2025,May,,1,20,,1,,"Northern Africa",Drowning,Algeria,"Unspecified location in the Balearic Sea, South of Ibiza, Spain - departure from Tipaza, Algeria 5-7 days earlier","Francisco Jose Clemente Martin, CIPIMD and Caminando Fronteras via Nuovi Desaparecidos","38.61851619, 2.002681378","Western Mediterranean","https://perma.cc/R8Y6-CMZC, https://perma.cc/2D5W-Y748, https://perma.cc/RY3N-TUUX",Uncategorized,4
2025.MMP2329,2025.MMP2329,Mediterranean,"Sat, 07/19/2025 - 12:00",2025,July,1,0,,,1,,"Northern Africa","Accidental death",Algeria,"Unspecified location in the coast of Murcia, Spain - departure from Oran, Algeria","Francisco Jose Clemente Martin, CIPIMD via Nuovi Desaparecidos","37.54100512, -1.162063793","Western Mediterranean","https://perma.cc/G2D8-59YB, https://perma.cc/AF7U-JER7, https://perma.cc/3839-BPN3",Uncategorized,4
2025.MMP2330,2025.MMP2330,Mediterranean,"Sun, 07/27/2025 - 12:00",2025,July,1,0,,,1,,"Northern Africa","Accidental death","Western Sahara","Died in Hospital Torrecárdenas shortly after arrival in Almería, Spain - departure from Oran, Algeria","Francisco Jose Clemente Martin","36.86254122, -2.441093502","Western Mediterranean",https://perma.cc/ADY8-3DQ5,Uncategorized,4
2025.MMP2331,2025.MMP23312423,Mediterranean,"Mon, 08/11/2025 - 12:00",2025,August,,3,45,,,,"Northern Africa","Mixed or unknown",Algeria,"Unspecified location off Vera, Almería, Spain - possible departure from Ain Temouchent, Algeria","Francisco Jose Clemente Martin, CIPIMD via Nuovi Desaparecidos","37.22070961, -1.802407757","Western Mediterranean","https://perma.cc/7QWL-FXNT, https://perma.cc/3839-BPN3",Uncategorized,4
2025.MMP2331,2025.MMP23312424,Mediterranean,"Mon, 08/11/2025 - 12:00",2025,August,1,0,,,1,,"Northern Africa",Violence,Algeria,"Died in Hospital Público Comarcal la Inmaculada after arrival in Vera, Almería, Spain - possible departure from Ain Temouchent, Algeria","Francisco Jose Clemente Martin, CIPIMD via Nuovi Desaparecidos, RTVE","37.40170724, -1.941667448","Western Mediterranean","https://perma.cc/7QWL-FXNT, https://perma.cc/3839-BPN3, https://perma.cc/WN3F-R7JF",Uncategorized,4
2025.MMP2332,2025.MMP2332,Mediterranean,"Mon, 08/11/2025 - 12:00",2025,August,1,0,1,,,,"Northern Africa (P)","Mixed or unknown",Unknown,"Found on the beach of Cala Carbón, Parque Natural Cabo de Gata-Nijar, Almería, Spain - possible departure from Ain Temouchent, Algeria","CIPIMD via Nuovi Desaparecidos, RTVE","36.7303406, -2.156878344","Western Mediterranean","https://perma.cc/3839-BPN3, https://perma.cc/WN3F-R7JF",Uncategorized,4
2025.MMP2333,2025.MMP2333,Mediterranean,"Fri, 08/29/2025 - 12:00",2025,August,,4,11,,,,"Western Africa","Harsh environmental conditions / lack of adequate shelter, food, water",Nigeria,"35 miles off Menorca, Balearic Islands, Spain - departure from Boumerdes, Algeria on 10 Aug","Francisco Jose Clemente Martin, CIPIMD via Nuovi Desaparecidos, Menorca.info","39.48109572, 4.148813794","Western Mediterranean","https://perma.cc/4LQL-93Q9, https://perma.cc/3839-BPN3, https://perma.cc/KD3K-GTSS",Uncategorized,4
2025.MMP2334,2025.MMP2334,Mediterranean,"Wed, 09/03/2025 - 12:00",2025,September,,5,3,,,,"Northern Africa","Harsh environmental conditions / lack of adequate shelter, food, water",Algeria,"31 miles southeast of Alicante, Spain - departure from Ain Benian, Algeria 2 weeks earlier","Francisco Jose Clemente Martin, CIPIMD via Nuovi Desaparecidos, Alarm Phone, Diario de Alicante","37.83632112, -0.271826464","Western Mediterranean","https://perma.cc/FM3D-S9G6, https://perma.cc/3839-BPN3, https://perma.cc/NSF4-A6S9, https://perma.cc/QZ9F-RRK3",Uncategorized,4
2025.MMP2335,2025.MMP2335,Mediterranean,"Fri, 09/05/2025 - 12:00",2025,September,,2,6,,2,,"Northern Africa",Drowning,Algeria,"Unspecified location off the coast of Ibiza, Balearic Islands, Spain - departure from Cherchell, Algeria on 31 Aug","Francisco Jose Clemente Martin, CIPIMD via Nuovi Desaparecidos","38.58427936, 1.25514269","Western Mediterranean","https://perma.cc/4E2A-UA9H, https://perma.cc/3839-BPN3",Uncategorized,4
2025.MMP2336,2025.MMP2336,Mediterranean,"Sat, 09/13/2025 - 12:00",2025,September,,12,1,,,,"Northern Africa (P)",Drowning,Unknown,"Unspecified location in the Algerian waters en route to Balearic Islands - departure from Boumerdes, Algeria on 9 Sep","Alarm Phone, Nuovi Desaparecidos","37.10126871, 3.409288396","Western Mediterranean","https://perma.cc/XV72-3WKF, https://perma.cc/3839-BPN3",Uncategorized,4
2025.MMP2337,2025.MMP2337,Mediterranean,"Sun, 09/14/2025 - 12:00",2025,September,,24,,,,,"Northern Africa",Drowning,Algeria,"Unspecified location in the Mediterranean - departure from Ain Taya, Algeria","Alarm Phone, Francisco Jose Clemente Martin, CIPIMD via Nuovi Desaparecidos","37.53224801, 3.280997755","Western Mediterranean","https://perma.cc/3NT8-U2UW, https://perma.cc/Y93D-CUL4, https://perma.cc/3839-BPN3",Uncategorized,4
2025.MMP2338,2025.MMP2338,Mediterranean,"Thu, 09/18/2025 - 12:00",2025,September,,11,,,,,"Northern Africa (P)",Drowning,Unknown,"Unspecified location in the Mediterraneanen route to Sardegna - departure from Jijel, Algeria","Alarm Phone, Cagliaripad via via Nuovi Desaparecidos","37.66994007, 6.297160297","Central Mediterranean","https://perma.cc/4LPQ-TGWF, https://perma.cc/5J8G-S6DH, https://perma.cc/3839-BPN3",Uncategorized,4
2025.MMP2339,2025.MMP2339,Mediterranean,"Sun, 09/21/2025 - 12:00",2025,September,,13,,,1,1,"Northern Africa",Drowning,Algeria,"Unspecified location in the Balearic Sea en route to Mallorca - departure from Benyam, Algeria","Francisco Jose Clemente Martin, Alarm Phone, CIPIMD via Nuovi Desaparecidos","37.15560783, 2.918722024","Western Mediterranean","https://perma.cc/Y93D-CUL4, https://perma.cc/JW9W-5P88, https://perma.cc/22VV-GCXW, https://perma.cc/3839-BPN3",Uncategorized,4
2025.MMP1661,2025.MMP16612433,"Northern Africa","Sun, 11/30/2025 - 12:00",2025,November,,3,,,,,"Western Africa (P)",Drowning,Unknown,"Unspecified location between Barra, the Gambia and El Hierro, Spain",EFE,"27.36737748, -17.98551888","Western Africa / Atlantic route to the Canary Islands","https://perma.cc/JJ4K-PQVE, https://perma.cc/G7MZ-L4SX",Uncategorized,1
2025.MMP2341,2025.MMP2341,Mediterranean,"Sun, 09/28/2025 - 12:00",2025,September,,27,,,,,"Northern Africa (P)",Drowning,Unknown,"Unspecified location in the Balearic Sea en route to Mallorca - departure from Réghaïa, Algiers, Algeria","Alarm Phone, Nuovi Desaparecidos","37.05875846, 3.317277289","Western Mediterranean","https://perma.cc/2C5W-FTQB, https://perma.cc/8YJH-ZJRK, https://perma.cc/3839-BPN3",Uncategorized,4
2025.MMP2342,2025.MMP2342,Mediterranean,"Sat, 10/18/2025 - 12:00",2025,October,,22,,9,13,,"Eastern Africa",Drowning,Somalia,"Unspecified location in the Mediterranean - departure from Boumerdes, Algeria","Francisco Jose Clemente Martin, CIPIMD via Nuovi Desaparecidos","38.04492079, 3.35984992","Western Mediterranean","https://perma.cc/5QJZ-QZ7S, https://perma.cc/3839-BPN3",Uncategorized,4
2025.MMP2343,2025.MMP2343,Mediterranean,"Sun, 10/19/2025 - 12:00",2025,October,,6,,,,,"Northern Africa",Drowning,Algeria,"Unspecified location in the Balearic Sea en route to Mallorca - departure from Aïn Taya, Algiers, Algeria","Francisco Jose Clemente Martin, Alarm Phone, CIPIMD via Nuovi Desaparecidos","37.68347008, 3.228812696","Western Mediterranean","https://perma.cc/A48X-9QJB, https://perma.cc/5YYG-BZNW, https://perma.cc/3839-BPN3",Uncategorized,4
2025.MMP2344,2025.MMP2344,Mediterranean,"Wed, 10/29/2025 - 12:00",2025,October,2,0,25,,,,"Sub-Saharan Africa",Drowning,Unknown,"Unspecified location in Algerian waters - departure from Boumerdes, Algeria on 24 Oct","Francisco Jose Clemente Martin, Alarm Phone, CIPIMD via Nuovi Desaparecidos","36.86596358, 3.453233708","Western Mediterranean","https://perma.cc/9L8V-K7EA, https://perma.cc/72LD-J35Q, https://perma.cc/3839-BPN3",Uncategorized,4
2025.MMP2345,2025.MMP2345,Mediterranean,"Fri, 10/03/2025 - 12:00",2025,October,1,0,,,,,Unknown,Drowning,Unknown,"Remains recovered several miles off Formentera, Ballearic Islands, Spain","Francisco Jose Clemente Martin, CIPIMD via Nuovi Desaparecidos","38.63868762, 1.456279493","Western Mediterranean","https://perma.cc/62SR-4W2N, https://perma.cc/3839-BPN3",Uncategorized,4
2025.MMP2346,2025.MMP2346,Mediterranean,"Sun, 10/05/2025 - 12:00",2025,October,1,0,17,1,,,Unknown,"Mixed or unknown",Unknown,"3.3 miles east of Plomari, Southern Lesbos, Greece - departure from Türkiye","Alarm Phone, Nuovi Desaparecidos, Kathimerini","38.92677579, 26.37044546","Eastern Mediterranean","https://perma.cc/25YK-AE54, https://perma.cc/DUA7-T4EX, https://perma.cc/3839-BPN3",Uncategorized,4
2025.MMP2347,2025.MMP2347,Mediterranean,"Wed, 10/08/2025 - 12:00",2025,October,1,0,,,,,Unknown,Drowning,Unknown,"Remains recovered 2 miles off Bahia de Talamanca, Ibiza, Balearic Islands, Spain","Francisco Jose Clemente Martin, CIPIMD & media via Nuovi Desaparecidos, Diario de Ibiza","38.89365511, 1.470125147","Western Mediterranean","https://perma.cc/8UGE-6FD2?type=standard, https://perma.cc/3839-BPN3, https://perma.cc/ZY8T-77D7",Uncategorized,4
2025.MMP2348,2025.MMP2348,Mediterranean,"Mon, 10/13/2025 - 12:00",2025,October,1,0,,,,,Unknown,Drowning,Unknown,"Remains recovered off Cala Murada beach, Manacor, Palma de Mallorca, Balearic Islands, Spain","Francisco Jose Clemente Martin, CIPIMD & media via Nuovi Desaparecidos","39.45178042, 3.276846815","Western Mediterranean","https://perma.cc/9ULX-CZZA?type=standard, https://perma.cc/3839-BPN3",Uncategorized,4
2025.MMP2349,2025.MMP2349,Mediterranean,"Mon, 10/13/2025 - 12:00",2025,October,1,0,,,,,Unknown,Drowning,Unknown,"Remains recovered at  Cala des Talaier beach, Ciutadella, Menorca, Balearic Islands, Spain","Francisco Jose Clemente Martin, CIPIMD & media via Nuovi Desaparecidos","39.92900176, 3.902723385","Western Mediterranean",https://perma.cc/JGB2-VJSK,Uncategorized,4
2025.MMP2350,2025.MMP2350,Mediterranean,"Wed, 10/15/2025 - 12:00",2025,October,1,0,,,,,"Northern Africa",Drowning,Algeria,"Remains recovered at Els Molins beach, 7 kilometers northwest of Denia, Alicante, Spain","Francisco Jose Clemente Martin, CIPIMD & media via Nuovi Desaparecidos","38.86255065, 0.048538911","Western Mediterranean","https://perma.cc/56WS-Z9SV, https://perma.cc/3839-BPN3",Uncategorized,4
2025.MMP2351,2025.MMP2351,Mediterranean,"Mon, 10/20/2025 - 12:00",2025,October,1,0,,,,,Unknown,Drowning,Unknown,"Remains recovered approx. 500 meters off the coast between Almuñécar and Nerjar, 50 KM East of Malaga, Spain","Francisco Jose Clemente Martin, CIPIMD & media via Nuovi Desaparecidos","36.71737072, -3.756660816","Western Mediterranean","https://perma.cc/H8SN-VTDS, https://perma.cc/3839-BPN3",Uncategorized,4
2025.MMP2352,2025.MMP2352,Mediterranean,"Wed, 10/29/2025 - 12:00",2025,October,1,0,,,1,,"Northern Africa",Drowning,Algeria,"Remains recovered 25 miles off Palma de Mallorca, Ballearic Islands, Spain","Francisco Jose Clemente Martin, CIPIMD via Nuovi Desaparecidos","39.19460818, 2.680659078","Western Mediterranean","https://perma.cc/M67C-7PFA, https://perma.cc/3839-BPN3",Uncategorized,4
2025.MMP2353,2025.MMP2353,Mediterranean,"Fri, 11/07/2025 - 12:00",2025,November,,3,59,,,1,Unknown,Drowning,Unknown,"N 34.758° , E 010.901° off Sfax, Tunisia","Alarm Phone, Nuovi Desaparecidos","34.758, 10.901","Central Mediterranean","https://perma.cc/7632-VBNN, https://perma.cc/3839-BPN3",Uncategorized,4
2025.MMP2354,2025.MMP2354,Mediterranean,"Sun, 11/02/2025 - 12:00",2025,November,1,0,,1,,,Unknown,Drowning,Unknown,"Remains recovered at unspecified location in the coast of Mallorca, Balearic Islands, Spain","Francisco Jose Clemente Martin, CIPIMD via Nuovi Desaparecidos","39.22019069, 2.531889675","Western Mediterranean","https://perma.cc/VL3K-8868, https://perma.cc/3839-BPN3",Uncategorized,4
2025.MMP2355,2025.MMP2355,Mediterranean,"Sun, 11/02/2025 - 12:00",2025,November,1,0,25,,1,,"Northern Africa","Accidental death",Algeria,"Cala Granatilla, approx. 80 kilometers east of Almeria, Spain - departure from Algeria","Francisco Jose Clemente Martin, CIPIMD & Helena Maleno & media via Nuovi Desaparecidos","38.72882684, 0.1957042","Western Mediterranean","https://perma.cc/AD3Q-9SGH, https://perma.cc/3839-BPN3",Uncategorized,4
2025.MMP2356,2025.MMP2356,Mediterranean,"Mon, 11/03/2025 - 12:00",2025,November,1,0,,,,,Unknown,Drowning,Unknown,"Remains recovered from the cliffs of the port of Carboneras, East of Almeria, Spain","Francisco Jose Clemente Martin, CIPIMD & Salvamento Maritimo via Nuovi Desaparecidos","36.99299856, -1.897838424","Western Mediterranean","https://perma.cc/Z44Z-FLZM, https://perma.cc/3839-BPN3",Uncategorized,5
2025.MMP2357,2025.MMP2357,Mediterranean,"Wed, 11/12/2025 - 12:00",2025,November,1,0,5,,1,,"Northern Africa","Harsh environmental conditions / lack of adequate shelter, food, water",Algeria,"Unspecified location following departure from Tipaza, Algeria en route to the Balearic Islands","Francisco Jose Clemente Martin, CIPIMD via Nuovi Desaparecidos","37.29516895, 2.298829537","Western Mediterranean","https://perma.cc/47VQ-3RK6, https://perma.cc/3839-BPN3",Uncategorized,4
2025.MMP2358,2025.MMP2358,Mediterranean,"Sun, 11/16/2025 - 12:00",2025,November,1,0,,,,,Unknown,Drowning,Unknown,"Remains washed ashore on the Carnatge coast, approx. 8 kilometers southeast of Palma de Mallorca, Balearic Islands, Spain","Francisco Jose Clemente Martin, CIPIMD & media via Nuovi Desaparecidos","39.54066912, 2.705636112","Western Mediterranean","https://perma.cc/FF5M-XRZU, https://perma.cc/3839-BPN3",Uncategorized,4
2025.MMP2359,2025.MMP2359,Mediterranean,"Wed, 11/12/2025 - 12:00",2025,November,,14,,,,,"Northern Africa",Drowning,Algeria,"Unspecified location between Algeria and the Balearic Islands - Departure from Dellys, Algeria","Alarm Phone,  Francisco Jose Clemente Martin, CIPIMD via Nuovi Desaparecidos","37.67101439, 3.779843137","Western Mediterranean","https://perma.cc/AW82-7F6Q, https://perma.cc/PA82-8R6C, https://perma.cc/Z4FM-38ZQ, https://perma.cc/3839-BPN3",Uncategorized,4
2025.MMP2360,2025.MMP2360,Mediterranean,"Sun, 12/28/2025 - 12:00",2025,December,,19,2,,,,Unknown,Drowning,Unknown,"Unspecified location between Algeria and the Balearic Islands - Departure from Algiers, Algeria","Alarm Phone, CIPIMD via Nuovi Desaparecidos","37.34148592, 2.960311314","Western Mediterranean","https://perma.cc/EKJ5-49Z7, https://perma.cc/DJD9-PQFS, https://perma.cc/7K4P-XSB4, https://perma.cc/3839-BPN3",Uncategorized,4
2025.MMP2361,2025.MMP2361,Mediterranean,"Thu, 12/11/2025 - 12:00",2025,December,5,5,13,3,2,5,"Northern Africa",Drowning,Algeria,"100 miles North Algeria en route to the Balearic islands - departure from Tipaza, Algeria on 9 Dec","Francisco Jose Clemente Martin, CIPIMD via Nuovi Desaparecidos","38.02140208, 2.254884226","Western Mediterranean","https://perma.cc/JWT3-GJEB, https://perma.cc/3839-BPN3",Uncategorized,4
2025.MMP2362,2025.MMP2362,Mediterranean,"Mon, 12/08/2025 - 12:00",2025,December,,20,2,7,,,"Eastern Africa",Drowning,Somalia,"32 miles off the Algerian coast en route to Balearic Islands - Departure from Boumerdes, Algeria","CIPIMD via Nuovi Desaparecidos","37.22493606, 3.436754216","Western Mediterranean",https://perma.cc/3839-BPN3,Uncategorized,4
2025.MMP2363,2025.MMP2363,"South America","Mon, 12/15/2025 - 12:00",2025,December,2,0,7,,1,1,Caribbean,"Vehicle accident / death linked to hazardous transport",Cuba,"Dirt road close to BR-401 Highway (transborder area with Guyana), Bonafim, Roraima, Brazil","Polícia Rodoviária Federal (PRF), Asere, Arbol Invertido, Cubanet","3.254756684, -60.11582506",,"https://perma.cc/5UV2-WVJ6, https://perma.cc/T4VK-YHPA, https://archive.ph/qkfLo, https://archive.ph/FeeZs","South America",5
2025.MMP2364,2025.MMP2364,"South-eastern Asia","Mon, 11/24/2025 - 12:00",2025,November,1,0,,,1,,"South-eastern Asia","Mixed or unknown",Malaysia,"On Trung Luong-My Thuan Expressway, near Kilometer Pole #97, on the way towards around Tien Giang and Dong Thap provinces, Viet Nam","Tuổi Trẻ, Viet Nam News, The Rakyat Post, The Nation","10.34269552, 105.906068",,"https://perma.cc/R3YF-DNCP, https://perma.cc/S5J3-3NGF, https://perma.cc/7WBU-4YJR, https://perma.cc/MU9J-D56Q","South-eastern Asia",3
2025.MMP2365,2025.MMP2365,"Western Africa","Wed, 10/15/2025 - 12:00",2025,October,1,0,,,1,,Unknown,"Sickness / lack of access to adequate healthcare",Unknown,"Assamaka, Agadez, Niger","IOM Niger Displacement Tracking Matrix","19.3344, 5.7719","Sahara Desert crossing",,"Western Africa",2
2025.MMP2366,2025.MMP2366,"Western Africa","Mon, 10/20/2025 - 12:00",2025,October,2,0,,,2,,Unknown,"Vehicle accident / death linked to hazardous transport",Unknown,"Seguidine , Agadez, Niger","IOM Niger Displacement Tracking Matrix","20.20127997, 12.98324765","Sahara Desert crossing",,"Western Africa",2
2025.MMP2367,2025.MMP2367,"Western Africa","Tue, 10/21/2025 - 12:00",2025,October,1,0,,,1,,Unknown,"Sickness / lack of access to adequate healthcare",Unknown,"Assamaka , Agadez, Niger","IOM Niger Displacement Tracking Matrix","19.3344, 5.7719","Sahara Desert crossing",,"Western Africa",2
2025.MMP2368,2025.MMP2368,"Western Africa","Wed, 10/22/2025 - 12:00",2025,October,1,0,,,1,,Unknown,"Sickness / lack of access to adequate healthcare",Unknown,"Assamaka , Agadez, Niger","IOM Niger Displacement Tracking Matrix","19.3344, 5.7719","Sahara Desert crossing",,"Western Africa",2
2025.MMP2369,2025.MMP2369,"Western Africa","Wed, 10/29/2025 - 12:00",2025,October,1,0,,,1,,Unknown,"Sickness / lack of access to adequate healthcare",Unknown,"Arlit , Agadez, Niger","IOM Niger Displacement Tracking Matrix","18.8341, 7.4333","Sahara Desert crossing",,"Western Africa",2
2025.MMP2370,2025.MMP2370,"Western Africa","Thu, 12/04/2025 - 12:00",2025,December,1,0,,,1,,Unknown,"Sickness / lack of access to adequate healthcare",Unknown,"Katsina , Katsina, Nigeria","IOM Niger Displacement Tracking Matrix","12.98668533, 7.607322817",,,"Western Africa",2
2025.MMP2371,2025.MMP2371,"Western Africa","Wed, 12/03/2025 - 12:00",2025,December,1,0,,,1,,Unknown,"Sickness / lack of access to adequate healthcare",Unknown,"Seguidine , Agadez, Niger","IOM Niger Displacement Tracking Matrix","20.20127997, 12.98324765","Sahara Desert crossing",,"Western Africa",2
2025.MMP2372,2025.MMP2372,"Western Africa","Mon, 12/01/2025 - 12:00",2025,December,1,0,,,1,,Unknown,"Accidental death",Unknown,"Madama , Agadez, Niger en route from Libya","IOM Niger Displacement Tracking Matrix","21.9329, 13.623","Sahara Desert crossing",,"Western Africa",2
2025.MMP2373,2025.MMP2373,"Western Africa","Fri, 12/05/2025 - 12:00",2025,December,,217,,40,159,18,"Western Africa (P)",Drowning,Mixed/Unknown,"Unspecified location in the Atlantic, departure from Jinack, the Gambia on 5 December","IOM Gambia, Nuovi Desaparecidos, Alarm Phone, Ebrima Migrants Situation","13.56409361, -16.53459231","Western Africa / Atlantic route to the Canary Islands","https://perma.cc/3839-BPN3, https://perma.cc/D6BN-ABKM, https://perma.cc/YK5Z-YBWK",Uncategorized,4
2025.MMP1682,2025.MMP16822467,"Western Africa","Wed, 12/10/2025 - 12:00",2025,December,2,0,89,1,1,,"Western Africa",Drowning,Senegal,"Unspecified location off Rosso, Mauritania - departure from the Gambia a week earlier","Press Afrik, Dakar Actu","16.68144143, -17.3209191","Western Africa / Atlantic route to the Canary Islands","https://perma.cc/H6QP-BR3N, https://perma.cc/T6QL-W2YN",Uncategorized,3
2025.MMP1682,2025.MMP16822468,"Western Africa","Wed, 12/10/2025 - 12:00",2025,December,1,0,,1,,,"Western Africa","Accidental death",Senegal,"Unspecified location off Rosso, Mauritania - departure from the Gambia a week earlier","Press Afrik, Dakar Actu","16.68144143, -17.3209191","Western Africa / Atlantic route to the Canary Islands","https://perma.cc/H6QP-BR3N, https://perma.cc/T6QL-W2YN",Uncategorized,3
2025.MMP1682,2025.MMP16822469,"Western Africa","Wed, 12/10/2025 - 12:00",2025,December,1,0,,,,,"Western Africa","Mixed or unknown",Senegal,"Unidentified location during treatment in Nouadhibou, Mauritania","Press Afrik, Dakar Actu","20.95648026, -17.03344893","Western Africa / Atlantic route to the Canary Islands","https://perma.cc/H6QP-BR3N, https://perma.cc/T6QL-W2YN",Uncategorized,3
2025.MMP1693,2025.MMP16932470,"Western Africa","Fri, 12/12/2025 - 12:00",2025,December,,2,89,1,1,,"Western Africa",Drowning,Senegal,"Unspecified location off the coast of Mauritania. Departure from The Gambia 7 days before","La Razon, Ebrima Migrants Situation via Facebook, InfoMigrants","20.28404113, -17.91649495","Western Africa / Atlantic route to the Canary Islands","https://perma.cc/J5LF-9SF9, https://www.facebook.com/aminata.drammeh.351/posts/the-mauritian-coast-guard-announced-that-they-have-intercepted-a-canoe-carrying-/1411053627097537/, https://perma.cc/LK4J-9DVZ","Western Africa",3
2025.MMP1693,2025.MMP16932471,"Western Africa","Fri, 12/12/2025 - 12:00",2025,December,1,0,,,1,,"Western Africa","Vehicle accident / death linked to hazardous transport",Senegal,"Unspecified location off the coast of Mauritania. Departure from The Gambia 7 days before","La Razon, Ebrima Migrants Situation via Facebook, InfoMigrants","20.28404113, -17.91649495","Western Africa / Atlantic route to the Canary Islands","https://perma.cc/J5LF-9SF9, https://www.facebook.com/aminata.drammeh.351/posts/the-mauritian-coast-guard-announced-that-they-have-intercepted-a-canoe-carrying-/1411053627097537/, https://perma.cc/LK4J-9DVZ","Western Africa",3
2025.MMP1693,2025.MMP16932472,"Western Africa","Fri, 12/12/2025 - 12:00",2025,December,1,0,,,1,,"Western Africa","Mixed or unknown",Senegal,"Unspecified location off the coast of Mauritania. Departure from The Gambia 7 days before","La Razon, Ebrima Migrants Situation via Facebook, InfoMigrants","20.28404113, -17.91649495","Western Africa / Atlantic route to the Canary Islands","https://perma.cc/J5LF-9SF9, https://www.facebook.com/aminata.drammeh.351/posts/the-mauritian-coast-guard-announced-that-they-have-intercepted-a-canoe-carrying-/1411053627097537/, https://perma.cc/LK4J-9DVZ","Western Africa",3
2025.MMP2379,2025.MMP2379,Mediterranean,"Mon, 12/29/2025 - 12:00",2025,December,,18,,1,,,"Western Africa",Drowning,Gambia,"Unspecified location en route to the Balearic Islands - departure from Algiers, Algeria","Alarm Phone, Ebrima Migrants Situation via Nuovi Desaparecidos","37.78605503, 3.0424875","Western Mediterranean","https://perma.cc/3EJ7-WHHD, https://perma.cc/5FUE-ZK4K",Uncategorized,4
2025.MMP1721,2025.MMP1721,"Western Africa","Wed, 12/24/2025 - 12:00",2025,December,19,0,32,,,,"Western Asia (P)",Drowning,Mixed,"Off the coast of Joal-Fadiouth, Mboru department, Senegal","IOM Senegal, Agence de presse Senegalaise, InfoMigrants","14.17783923, -16.85625382","Western Africa / Atlantic route to the Canary Islands","https://perma.cc/E4XC-HEQA, https://perma.cc/8THB-Z6JC","Western Africa",4
2025.MMP2381,2025.MMP2381,Mediterranean,"Sat, 12/20/2025 - 12:00",2025,December,,1,,,1,,"Northern Africa",Drowning,Morocco,"Unspecified location at sea between Melilla and Nador, Morocco","El Faro de Melilla via Nuovi Desaparecidos","35.19413195, -2.875682031","Western Mediterranean","https://perma.cc/5FUE-ZK4K, https://perma.cc/E7NB-DY2M",Uncategorized,1
2025.MMP2382,2025.MMP2382,Mediterranean,"Wed, 12/24/2025 - 12:00",2025,December,,1,,,1,,"Northern Africa",Drowning,Morocco,"Unspecified location at sea between Melilla and Nador, Morocco","El Faro de Melilla via Nuovi Desaparecidos","35.19413195, -2.875682031","Western Mediterranean","https://perma.cc/5FUE-ZK4K, https://perma.cc/E7NB-DY2M",Uncategorized,1
2025.MMP2383,2025.MMP2383,Mediterranean,"Wed, 01/08/2025 - 12:00",2025,January,1,0,,,1,,"Southern Asia","Mixed or unknown",Afghanistan,"Found bleeing upon reaching Agathonisi shores. Transferred to Samos Hospital where he passed away.",UNHCR,"37.76161103, 26.96964117","Eastern Mediterranean",,Uncategorized,4
2025.MMP2384,2025.MMP2384,Mediterranean,"Wed, 02/12/2025 - 12:00",2025,February,2,0,,,,,Unknown,"Mixed or unknown",Unknown,"Remains recovered at unspecified location near the shore of Az-Zawiya, Libya","Libyan Red Crescent via UNHCR","32.79288992, 12.72337166","Central Mediterranean",,Uncategorized,4
2025.MMP2385,2025.MMP2385,Mediterranean,"Fri, 03/14/2025 - 12:00",2025,March,2,0,40,2,,,"Western Africa","Mixed or unknown","Sierra Leone","Off the coast of southern Farmakonisi, Greece","Hellenic Coast Guard","37.27132058, 27.08753954","Eastern Mediterranean",https://perma.cc/J3RE-L2XU,Uncategorized,5
2025.MMP2386,2025.MMP2386,Mediterranean,"Sun, 03/16/2025 - 12:00",2025,March,,2,3,,,,Unknown,Drowning,Unknown,"Unspecified location off the coast of Lampedusa, Italy. Missing people fell into water during rescue by the Nadir",UNHCR,"35.11330273, 12.37779959","Central Mediterranean",,Uncategorized,4
2025.MMP2387,2025.MMP2387,Mediterranean,"Sat, 04/05/2025 - 12:00",2025,April,1,0,,,,,Unknown,"Mixed or unknown",Unknown,"Remains recovered in Sabratha city, Libya","Libyan Red Crescent via UNHCR, Migrant Rescue Watch","32.81769838, 12.42081554","Central Mediterranean",https://perma.cc/AA76-B3E4,Uncategorized,5
2025.MMP2388,2025.MMP2388,Mediterranean,"Sat, 04/05/2025 - 12:00",2025,April,,4,102,,,,Unknown,Drowning,Unknown,"Unspecified location between Libya and Augusta, Italy. 4 people fell into the sea during high waves and were not recovered by Libyan Coast Guard or Life Support NGO.",UNHCR,"34.1271444, 14.55517115","Central Mediterranean",,Uncategorized,4
2025.MMP2389,2025.MMP2389,Mediterranean,"Tue, 04/08/2025 - 12:00",2025,April,2,0,,,,,Unknown,"Mixed or unknown",Unknown,"Remains recovered at the Roman theater in Sabratha, Libya","Libyan Red Crescent via UNHCR","32.80612195, 12.49566487","Central Mediterranean",,Uncategorized,4
2025.MMP2390,2025.MMP2390,Mediterranean,"Sun, 04/13/2025 - 12:00",2025,April,,1,23,,1,,"Northern Africa",Drowning,Sudan,"Reported missing off of Ikaria, Greece. Boat crashed near Avlakas beach.","Hellenic Coast Guard","37.65543105, 26.25083658","Eastern Mediterranean",https://perma.cc/V4N9-UTHS,Uncategorized,5
2025.MMP2391,2025.MMP2391,Mediterranean,"Tue, 04/22/2025 - 12:00",2025,April,1,0,,,1,,Unknown,Drowning,Unknown,"Unspecified location off the coast of Zuwara, Libya",UNHCR,"33.32567628, 12.26204982","Central Mediterranean",,Uncategorized,4
2025.MMP2392,2025.MMP2392,Mediterranean,"Tue, 05/06/2025 - 12:00",2025,June,1,0,,1,,,"Western Asia",Drowning,Yemen,"1 nautical mile south of Piganousa, Leros, Greece","Hellenic Coast Guard, UNHCR","37.09763214, 26.90754874","Eastern Mediterranean",https://perma.cc/QMC9-MUB8,Uncategorized,5
2025.MMP2393,2025.MMP2393,Mediterranean,"Fri, 05/16/2025 - 12:00",2025,May,,1,50,,1,,"Western Africa","Sickness / lack of access to adequate healthcare",Gambia,"Unspecified location off the coast of Sfax, Tunisia. Survivors arrived in Libya and reported the death and disposal of decomposing remains at sea",UNHCR,"34.94632558, 11.56805479","Central Mediterranean",,Uncategorized,4
2025.MMP2394,2025.MMP2394,Mediterranean,"Mon, 05/26/2025 - 12:00",2025,May,,3,,,,,Unknown,Drowning,Unknown,"Remains washed ashore at Sabratha, Libya","Civil MRCC, Alarm Phone","35.09173085, 13.54654324","Central Mediterranean",,Uncategorized,5
2025.MMP2395,2025.MMP2395,Mediterranean,"Thu, 06/05/2025 - 12:00",2025,June,1,0,,1,28,,"Eastern Africa",Drowning,Somalia,"Ambelos beach, Chios, Greece","Hellenic Coast Guard, UNHCR","38.57816276, 26.07300202","Eastern Mediterranean",https://perma.cc/82YR-X4JA,Uncategorized,5
2025.MMP2396,2025.MMP2396,Mediterranean,"Sat, 06/14/2025 - 12:00",2025,June,1,0,,,,,Unknown,"Mixed or unknown",Unknown,"Remains recovered in Garabulli, Libya","Migrant Rescue Watch","32.79532638, 13.72492788","Central Mediterranean",https://perma.cc/2WC9-XHHF,Uncategorized,4
2025.MMP2397,2025.MMP2397,Mediterranean,"Mon, 07/14/2025 - 12:00",2025,July,,4,36,,4,,Unknown,Drowning,Unknown,"In Turkish territorial waters after departure from Canakkale, Türkiye. Survivors rescued at sea northwest of Lesvos, Greece","Hellenic Coast Guard","39.68620716, 25.88257381","Eastern Mediterranean",https://perma.cc/F86A-BS9J,Uncategorized,5
2025.MMP2398,2025.MMP2398,Mediterranean,"Wed, 07/23/2025 - 12:00",2025,July,1,0,24,1,,,Unknown,"Mixed or unknown",Unknown,"25 nautical miles north of Qarabolli, Libya","Migrant Rescue Watch","33.4621508, 13.70854555","Central Mediterranean",https://perma.cc/NJ3C-58V6,Uncategorized,4
2025.MMP2399,2025.MMP2399,Mediterranean,"Fri, 07/25/2025 - 12:00",2025,July,1,0,37,,1,1,Unknown,Drowning,Unknown,"Off the coast of Amades, Chios, Greece","Hellenic Coast Guard, UNHCR","38.60186415, 26.04356936","Eastern Mediterranean",https://perma.cc/LEA9-EDMR,Uncategorized,5
2025.MMP2400,2025.MMP2400,Mediterranean,"Tue, 07/29/2025 - 12:00",2025,July,1,0,,,,,Unknown,"Mixed or unknown",Unknown,"Remains washed ashore in Tajoura, Libya","Migrant Rescue Watch","32.87687773, 13.42368903","Central Mediterranean",https://perma.cc/JW7Z-32P4,Uncategorized,4
2025.MMP2401,2025.MMP2401,Mediterranean,"Tue, 07/29/2025 - 12:00",2025,July,1,0,,,1,,Unknown,"Mixed or unknown",Unknown,"Remains washed ashore at Azriq area, Misrata, Libya","Migrant Rescue Watch","32.39532297, 15.16177653","Central Mediterranean",https://perma.cc/N6EC-L96L,Uncategorized,4
2025.MMP2402,2025.MMP2402,Mediterranean,"Tue, 07/29/2025 - 12:00",2025,July,1,0,,,,,Unknown,"Mixed or unknown",Unknown,"Remains washed ashore at Ras al-Rutbah area, Misrata, Libya","Migrant Rescue Watch","32.38488626, 15.19404887","Central Mediterranean",https://perma.cc/87R6-U4B2,Uncategorized,4
2025.MMP2403,2025.MMP2403,Mediterranean,"Wed, 07/30/2025 - 12:00",2025,July,1,0,,,,,Unknown,"Mixed or unknown",Unknown,"Remains washed ashore at Azriq area, Misrata, Libya","Migrant Rescue Watch","32.39532297, 15.16177653","Central Mediterranean",https://perma.cc/749N-G8GJ,Uncategorized,4
2025.MMP2404,2025.MMP2404,Mediterranean,"Thu, 07/31/2025 - 12:00",2025,July,1,0,,,1,,"Eastern Africa","Mixed or unknown",Eritrea,"Remains washed ashore in Abu Nawas beach, Tripoli, Libya","Migrant Rescue Watch","34.46108153, 35.82948813","Central Mediterranean",https://perma.cc/SYF4-6YX7,Uncategorized,4
2025.MMP2405,2025.MMP2405,Mediterranean,"Fri, 08/01/2025 - 12:00",2025,August,1,0,,,,,Unknown,"Mixed or unknown",Unknown,"Remains washed ashore in Al-Arar area, Misrata, Libya","Migrant Rescue Watch","32.42025205, 14.96178456","Central Mediterranean",https://perma.cc/MGE7-4X7T,Uncategorized,4
2025.MMP2406,2025.MMP2406,Mediterranean,"Sat, 08/30/2025 - 12:00",2025,August,1,0,,,,,Unknown,"Mixed or unknown",Unknown,"Remains washed ashore on Bab al-Zeitoun beach, Tobruk, Libya","Migrant Rescue Watch","32.05737195, 24.00136641","Central Mediterranean",https://perma.cc/Q6CQ-MTK3,Uncategorized,4
2025.MMP2407,2025.MMP2407,Mediterranean,"Mon, 09/01/2025 - 12:00",2025,September,,1,35,,,,Unknown,Drowning,Unknown,"44 nautical miles south of Gavdos, Greece","Hellenic Coast Guard, Alarm Phone","34.09597069, 24.01074122","Eastern Mediterranean","https://perma.cc/7FQR-JUHR, https://perma.cc/Z48H-EWU8",Uncategorized,5
2025.MMP2408,2025.MMP2408,Mediterranean,"Tue, 09/16/2025 - 12:00",2025,September,,1,59,,1,,"Western Africa",Drowning,"Burkina Faso","Unspecified location off the coast of Az Zawiya, Libya",UNHCR,"33.74467891, 12.75580925","Central Mediterranean",,Uncategorized,4
2025.MMP2409,2025.MMP2409,Mediterranean,"Mon, 10/06/2025 - 12:00",2025,October,1,0,,,,,Unknown,"Mixed or unknown",Unknown,"Body found on Talil beach, near Sabratha, Libya","Migrant Rescue Watch","32.81652025, 12.39191289","Central Mediterranean",https://perma.cc/Y49X-5CF9,Uncategorized,4
2025.MMP2410,2025.MMP2410,Mediterranean,"Sun, 10/12/2025 - 12:00",2025,October,,1,,,1,,Unknown,Drowning,Unknown,"Fell overboard off the coast of Galazio, Samos, Greece","Hellenic Coast Guard","37.78389415, 27.00172614","Eastern Mediterranean",https://perma.cc/PAE4-STXM,Uncategorized,5
2025.MMP2411,2025.MMP2411,Mediterranean,"Tue, 10/14/2025 - 12:00",2025,October,,2,72,,,,"Eastern Africa",Drowning,Eritrea,"Unspecified location 1 hour after departure from Zuwara, Libya. Survivors disembarked in Lampedusa, Italy",UNHCR,"33.66345623, 12.35543481","Central Mediterranean",,Uncategorized,4
2025.MMP2412,2025.MMP2412,Mediterranean,"Sat, 10/18/2025 - 12:00",2025,October,1,0,18,1,,,"Southern Asia",Drowning,Afghanistan,"Boat crashed onto rocky shore near Farmakonisi pier, Greece","Hellenic Coast Guard, UNHCR","37.28984173, 27.08933399","Eastern Mediterranean",https://perma.cc/MM4F-77TT,Uncategorized,5
2025.MMP2413,2025.MMP2413,Mediterranean,"Thu, 10/30/2025 - 12:00",2025,October,1,1,,,1,,Unknown,Drowning,Unknown,"After jumping overboard upon escaping apprehension in a canal in Livorno, Italy","Il Tirreno","43.56890992, 10.30725946","Central Mediterranean",https://perma.cc/UA93-TF3U,Uncategorized,1
2025.MMP2414,2025.MMP2414,Mediterranean,"Thu, 11/06/2025 - 12:00",2025,November,1,0,,,1,,"Northern Africa","Mixed or unknown",Egypt,"Remains found at sea near Lagadi, near Tripiti, Gavdos, Greece","Hellenic Coast Guard","34.79633799, 24.12460929","Eastern Mediterranean","https://perma.cc/VPF2-EA2S, https://perma.cc/2T9B-ZGDQ",Uncategorized,5
2025.MMP2415,2025.MMP2415,Mediterranean,"Tue, 12/09/2025 - 12:00",2025,December,1,0,,,,,Unknown,"Mixed or unknown",Unknown,"Remains found at Celine area, near Al-Khums, Libya","Migrant Rescue Watch","32.70701701, 14.18234405","Central Mediterranean",https://perma.cc/AU6H-PHNY,Uncategorized,5
2025.MMP2416,2025.MMP2416,Mediterranean,"Wed, 12/10/2025 - 12:00",2025,December,1,0,,,,,Unknown,"Mixed or unknown",Unknown,"Remains found in Zurayq, Misrata, Libya","Migrant Rescue Watch","32.43611982, 14.9134322","Central Mediterranean",https://perma.cc/HZC8-HTZV,Uncategorized,5
2025.MMP2417,2025.MMP2417,Mediterranean,"Tue, 12/16/2025 - 12:00",2025,December,1,2,32,1,2,,"Western Africa",Drowning,Unknown,"Reported missing by survivors found at Petalides area north of Samos, Greece","Hellenic Coast Guard, UNHCR","37.83900204, 26.78324761","Eastern Mediterranean",https://perma.cc/RM8Z-MUCD,Uncategorized,5
2025.MMP2418,2025.MMP24182513,Mediterranean,"Tue, 11/11/2025 - 12:00",2025,November,,1,,,1,,"Southern Asia",Drowning,Bangladesh,"Unspecified location off the coast of Zuwarah, Libya",UNHCR,"33.65894093, 12.21327224","Central Mediterranean","https://perma.cc/VPF2-EA2S, https://perma.cc/2T9B-ZGDQ",Uncategorized,5
2025.MMP2418,2025.MMP24182514,Mediterranean,"Tue, 11/11/2025 - 12:00",2025,November,,2,52,,2,,"Eastern Africa",Drowning,Eritrea,"Unspecified location off the coast of Zuwarah, Libya",UNHCR,"33.65894093, 12.21327224","Central Mediterranean","https://perma.cc/VPF2-EA2S, https://perma.cc/2T9B-ZGDQ",Uncategorized,5
2025.MMP2419,2025.MMP24192515,Mediterranean,"Wed, 10/15/2025 - 12:00",2025,October,,1,,,,,"Western Africa",Drowning,Nigeria,"Unspecified location after departure from Az-Zawiya, Libya. Survivors disembarked in Lampedusa, Italy.",UNHCR,"34.12290017, 12.95290352","Central Mediterranean",,Uncategorized,4
2025.MMP2419,2025.MMP24192516,Mediterranean,"Wed, 10/15/2025 - 12:00",2025,October,,2,7,,,,"Western Africa",Drowning,Ghana,"Unspecified location after departure from Az-Zawiya, Libya. Survivors disembarked in Lampedusa, Italy.",UNHCR,"34.12290017, 12.95290352","Central Mediterranean",,Uncategorized,4
2025.MMP2420,2025.MMP2420,Mediterranean,"Fri, 09/05/2025 - 12:00",2025,September,1,0,,,1,1,"Western Asia",Drowning,Yemen,"Unspecified location, presumably near Piganousa, Leros, Greece","Hellenic Coast Guard, UNHCR","37.09763214, 26.90754874","Eastern Mediterranean",https://perma.cc/5LRH-YCP5,Uncategorized,5
2025.MMP2380,2025.MMP2380,"Northern Africa","Tue, 12/30/2025 - 12:00",2025,December,,27,,,,,"Northern Africa (P)",Drowning,Unknown,"Unspecified location in the Atlantic - departure from Essaouira, Morocco","Alarm Phone, Nuovi Desaparecidos","31.70737644, -10.79596972","Western Africa / Atlantic route to the Canary Islands","https://perma.cc/YB4E-LTDT, https://perma.cc/5FUE-ZK4K",Uncategorized,4
2025.MMP1606,2025.MMP16062519,"South-eastern Asia","Sat, 11/08/2025 - 12:00",2025,November,,230,,,,,"South-eastern Asia","Mixed or unknown",Myanmar,"Two boats went missing in unspecified location in the Andaman Sea, nearby Thailand-Malaysia maritime border",UNHCR,"6.487627231, 99.63300092","Bay of Bengal/Andaman Sea",https://perma.cc/M59G-YQAT,Uncategorized,4
2025.MMP2422,2025.MMP2422,"Central America","Sat, 06/14/2025 - 12:00",2025,June,1,0,,,1,,"Central America",Violence,Nicaragua,"Unspecified location in Los Chiles, Alajuela, Costa Rica - at the border with Nicaragua","CR Hoy","11.0338619, -84.71370534",,https://perma.cc/YEG7-AS8S,"Central America",1
2025.MMP2423,2025.MMP2423,Caribbean,"Sat, 05/10/2025 - 12:00",2025,May,1,0,,1,,,Caribbean,"Sickness / lack of access to adequate healthcare",Haiti,"Comendador, Dominican Republic - transborder area with Haiti","Swiss Info, Noticias Sin","18.87969346, -71.72430733",,"https://perma.cc/4MRY-BTC9, https://perma.cc/6EL5-C9YS",Caribbean,3
2025.MMP2424,2025.MMP2424,Caribbean,"Tue, 09/09/2025 - 12:00",2025,September,1,0,,1,,,Caribbean,"Sickness / lack of access to adequate healthcare",Haiti,"La Haina Detention Center, San Gregorio, Bajos de Haina, Dominican republic","Direccion General de Migracion Republica Dominicana, Listín Diario","18.3927926, -70.03455388",,"https://perma.cc/8HDN-KBVZ, https://perma.cc/34C6-LJH8",Caribbean,5